ISO-10303-21;
HEADER;
/* Generated by software containing ST-Developer
 * from STEP Tools, Inc. (www.steptools.com) 
 */
/* OPTION: using custom renumber hook */

FILE_DESCRIPTION(
/* description */ ('STEP AP214'),
/* implementation_level */ '2;1');

FILE_NAME(
/* name */ 'USB3076-30-A',
/* time_stamp */ '2025-08-04T21:47:38+02:00',
/* author */ ('License CC BY-ND 4.0'),
/* organization */ ('CADENAS'),
/* preprocessor_version */ 'ST-DEVELOPER v19.3',
/* originating_system */ 'PARTsolutions',
/* authorisation */ '  ');

FILE_SCHEMA (('AUTOMOTIVE_DESIGN {1 0 10303 214 3 1 1}'));
ENDSEC;

DATA;
#10=PROPERTY_DEFINITION_REPRESENTATION(#14,#12);
#11=PROPERTY_DEFINITION_REPRESENTATION(#15,#13);
#12=REPRESENTATION('',(#16),#19788);
#13=REPRESENTATION('',(#17),#19788);
#14=PROPERTY_DEFINITION('pmi validation property','',#19797);
#15=PROPERTY_DEFINITION('pmi validation property','',#19797);
#16=VALUE_REPRESENTATION_ITEM('number of annotations',COUNT_MEASURE(0.));
#17=VALUE_REPRESENTATION_ITEM('number of views',COUNT_MEASURE(0.));
#18=DRAUGHTING_PRE_DEFINED_COLOUR('white');
#19=CONTEXT_DEPENDENT_SHAPE_REPRESENTATION(#23,#19799);
#20=CONTEXT_DEPENDENT_SHAPE_REPRESENTATION(#24,#19801);
#21=NEXT_ASSEMBLY_USAGE_OCCURRENCE('NAUO1','USB3076-30-A_PART1',
'USB3076-30-A_PART1',#19802,#19803,'');
#22=NEXT_ASSEMBLY_USAGE_OCCURRENCE('NAUO2','USB3076-30-A_PART2',
'USB3076-30-A_PART2',#19802,#19804,'');
#23=(
REPRESENTATION_RELATIONSHIP(' ',' ',#12393,#12392)
REPRESENTATION_RELATIONSHIP_WITH_TRANSFORMATION(#25)
SHAPE_REPRESENTATION_RELATIONSHIP()
);
#24=(
REPRESENTATION_RELATIONSHIP(' ',' ',#12394,#12392)
REPRESENTATION_RELATIONSHIP_WITH_TRANSFORMATION(#26)
SHAPE_REPRESENTATION_RELATIONSHIP()
);
#25=ITEM_DEFINED_TRANSFORMATION(' ',' ',#12395,#12763);
#26=ITEM_DEFINED_TRANSFORMATION(' ',' ',#12395,#13179);
#27=SHAPE_REPRESENTATION_RELATIONSHIP('','',#12393,#29);
#28=SHAPE_REPRESENTATION_RELATIONSHIP('','',#12394,#30);
#29=ADVANCED_BREP_SHAPE_REPRESENTATION('',(#12387),#19789);
#30=ADVANCED_BREP_SHAPE_REPRESENTATION('',(#12388),#19790);
#31=ELLIPSE('',#12467,0.100004628806539,0.100004628785128);
#32=ELLIPSE('',#12476,0.100004628811572,0.100004628790161);
#33=ELLIPSE('',#12774,0.186590280133345,0.186590280053065);
#34=ELLIPSE('',#12807,0.186591250720163,0.18659125062079);
#35=ELLIPSE('',#12963,0.186608278873748,0.186608278845412);
#36=ELLIPSE('',#13022,0.186593129477562,0.186593129430268);
#37=B_SPLINE_SURFACE_WITH_KNOTS('',3,1,((#16116,#16117),(#16118,#16119),
(#16120,#16121),(#16122,#16123),(#16124,#16125),(#16126,#16127),(#16128,
#16129),(#16130,#16131)),.SURF_OF_LINEAR_EXTRUSION.,.F.,.F.,.F.,(4,1,1,
1,1,4),(2,2),(0.103368059554,0.3016840297769,0.4999999999998,0.6983159702227,
0.8966319404456,0.90139152373038),(0.,1.),.UNSPECIFIED.);
#38=B_SPLINE_SURFACE_WITH_KNOTS('',3,1,((#16318,#16319),(#16320,#16321),
(#16322,#16323),(#16324,#16325),(#16326,#16327),(#16328,#16329),(#16330,
#16331),(#16332,#16333)),.SURF_OF_LINEAR_EXTRUSION.,.F.,.F.,.F.,(4,1,1,
1,1,4),(2,2),(0.103368059554,0.3016840297769,0.4999999999998,0.6983159702227,
0.8966319404456,0.901391523730378),(0.,1.),.UNSPECIFIED.);
#39=B_SPLINE_SURFACE_WITH_KNOTS('',3,1,((#16379,#16380),(#16381,#16382),
(#16383,#16384),(#16385,#16386),(#16387,#16388)),
 .SURF_OF_LINEAR_EXTRUSION.,.F.,.F.,.F.,(4,1,4),(2,2),(0.165980810223248,
0.167996034432,0.832003965391137),(0.,1.),.UNSPECIFIED.);
#40=B_SPLINE_SURFACE_WITH_KNOTS('',3,1,((#16486,#16487),(#16488,#16489),
(#16490,#16491),(#16492,#16493),(#16494,#16495),(#16496,#16497),(#16498,
#16499),(#16500,#16501),(#16502,#16503)),.SURF_OF_LINEAR_EXTRUSION.,.F.,
 .F.,.F.,(4,1,1,1,1,1,4),(2,2),(0.0305842820306462,0.1870561009834,0.3435280504917,
0.5,0.6564719495083,0.8129438990166,0.969415717970142),(0.,1.),
 .UNSPECIFIED.);
#41=B_SPLINE_SURFACE_WITH_KNOTS('',3,1,((#16813,#16814),(#16815,#16816),
(#16817,#16818),(#16819,#16820),(#16821,#16822),(#16823,#16824),(#16825,
#16826),(#16827,#16828)),.SURF_OF_LINEAR_EXTRUSION.,.F.,.F.,.F.,(4,1,1,
1,1,4),(2,2),(0.103368059554,0.3016840297769,0.4999999999998,0.6983159702227,
0.8966319404456,0.901391523730385),(0.,1.),.UNSPECIFIED.);
#42=B_SPLINE_SURFACE_WITH_KNOTS('',3,1,((#16920,#16921),(#16922,#16923),
(#16924,#16925),(#16926,#16927),(#16928,#16929),(#16930,#16931),(#16932,
#16933),(#16934,#16935)),.SURF_OF_LINEAR_EXTRUSION.,.F.,.F.,.F.,(4,1,1,
1,1,4),(2,2),(0.103368059554,0.3016840297769,0.4999999999998,0.6983159702227,
0.8966319404456,0.901391523730391),(0.,1.),.UNSPECIFIED.);
#43=B_SPLINE_SURFACE_WITH_KNOTS('',3,1,((#16969,#16970),(#16971,#16972),
(#16973,#16974),(#16975,#16976),(#16977,#16978)),
 .SURF_OF_LINEAR_EXTRUSION.,.F.,.F.,.F.,(4,1,4),(2,2),(0.167949834337553,
0.167996034432,0.832003696037168),(0.,1.),.UNSPECIFIED.);
#44=B_SPLINE_SURFACE_WITH_KNOTS('',3,1,((#17108,#17109),(#17110,#17111),
(#17112,#17113),(#17114,#17115),(#17116,#17117)),
 .SURF_OF_LINEAR_EXTRUSION.,.F.,.F.,.F.,(4,1,4),(2,2),(0.165980699404413,
0.167996034432,0.832003965390937),(0.,1.),.UNSPECIFIED.);
#45=B_SPLINE_SURFACE_WITH_KNOTS('',3,1,((#17266,#17267),(#17268,#17269),
(#17270,#17271),(#17272,#17273),(#17274,#17275),(#17276,#17277),(#17278,
#17279),(#17280,#17281),(#17282,#17283)),.SURF_OF_LINEAR_EXTRUSION.,.F.,
 .F.,.F.,(4,1,1,1,1,1,4),(2,2),(0.0305842820306462,0.1870561009834,0.3435280504917,
0.5,0.6564719495083,0.8129438990166,0.969415717970142),(0.,1.),
 .UNSPECIFIED.);
#46=B_SPLINE_SURFACE_WITH_KNOTS('',3,1,((#17517,#17518),(#17519,#17520),
(#17521,#17522),(#17523,#17524),(#17525,#17526),(#17527,#17528),(#17529,
#17530),(#17531,#17532)),.SURF_OF_LINEAR_EXTRUSION.,.F.,.F.,.F.,(4,1,1,
1,1,4),(2,2),(0.103368059554,0.3016840297769,0.4999999999998,0.6983159702227,
0.8966319404456,0.901391523730378),(0.,1.),.UNSPECIFIED.);
#47=B_SPLINE_SURFACE_WITH_KNOTS('',3,1,((#17666,#17667),(#17668,#17669),
(#17670,#17671),(#17672,#17673),(#17674,#17675),(#17676,#17677),(#17678,
#17679),(#17680,#17681),(#17682,#17683),(#17684,#17685)),
 .SURF_OF_LINEAR_EXTRUSION.,.F.,.F.,.F.,(4,1,1,1,1,1,1,4),(2,2),(0.0249511620760665,
0.03058415147515,0.1870561009834,0.3435280504917,0.5,0.6564719495083,0.8129438990166,
0.969415717970267),(0.,1.),.UNSPECIFIED.);
#48=B_SPLINE_SURFACE_WITH_KNOTS('',3,1,((#17738,#17739),(#17740,#17741),
(#17742,#17743),(#17744,#17745),(#17746,#17747),(#17748,#17749),(#17750,
#17751),(#17752,#17753)),.SURF_OF_LINEAR_EXTRUSION.,.F.,.F.,.F.,(4,1,1,
1,1,4),(2,2),(0.103368059554,0.3016840297769,0.4999999999998,0.6983159702227,
0.8966319404456,0.901391523730386),(0.,1.),.UNSPECIFIED.);
#49=B_SPLINE_SURFACE_WITH_KNOTS('',3,1,((#17814,#17815),(#17816,#17817),
(#17818,#17819),(#17820,#17821),(#17822,#17823)),
 .SURF_OF_LINEAR_EXTRUSION.,.F.,.F.,.F.,(4,1,4),(2,2),(0.165980699404413,
0.167996034432,0.832003965390921),(0.,1.),.UNSPECIFIED.);
#50=B_SPLINE_SURFACE_WITH_KNOTS('',3,1,((#17989,#17990),(#17991,#17992),
(#17993,#17994),(#17995,#17996),(#17997,#17998),(#17999,#18000)),
 .SURF_OF_LINEAR_EXTRUSION.,.F.,.F.,.F.,(4,1,1,4),(2,2),(0.0564336767758744,
0.4225072869571,0.7885771788601,0.94356318266979),(0.,1.),.UNSPECIFIED.);
#51=B_SPLINE_SURFACE_WITH_KNOTS('',3,1,((#18004,#18005),(#18006,#18007),
(#18008,#18009),(#18010,#18011),(#18012,#18013)),
 .SURF_OF_LINEAR_EXTRUSION.,.F.,.F.,.F.,(4,1,4),(2,2),(0.165980699404413,
0.167996034432,0.83200396539094),(0.,1.),.UNSPECIFIED.);
#52=B_SPLINE_SURFACE_WITH_KNOTS('',3,1,((#18056,#18057),(#18058,#18059),
(#18060,#18061),(#18062,#18063),(#18064,#18065),(#18066,#18067),(#18068,
#18069),(#18070,#18071)),.SURF_OF_LINEAR_EXTRUSION.,.F.,.F.,.F.,(4,1,1,
1,1,4),(2,2),(0.103368059554,0.3016840297769,0.4999999999998,0.6983159702227,
0.8966319404456,0.901391523730378),(0.,1.),.UNSPECIFIED.);
#53=B_SPLINE_SURFACE_WITH_KNOTS('',3,1,((#18134,#18135),(#18136,#18137),
(#18138,#18139),(#18140,#18141),(#18142,#18143),(#18144,#18145),(#18146,
#18147),(#18148,#18149)),.SURF_OF_LINEAR_EXTRUSION.,.F.,.F.,.F.,(4,1,1,
1,1,4),(2,2),(0.103368059554,0.3016840297769,0.4999999999998,0.6983159702227,
0.8966319404456,0.90139152373037),(0.,1.),.UNSPECIFIED.);
#54=B_SPLINE_SURFACE_WITH_KNOTS('',3,1,((#18171,#18172),(#18173,#18174),
(#18175,#18176),(#18177,#18178),(#18179,#18180),(#18181,#18182),(#18183,
#18184),(#18185,#18186),(#18187,#18188),(#18189,#18190)),
 .SURF_OF_LINEAR_EXTRUSION.,.F.,.F.,.F.,(4,3,1,1,1,4),(2,2),(0.051971443173018,
0.0564337046925181,0.4225072869571,0.7885771788601,0.9435632314317,0.946224620012117),
(0.,1.),.UNSPECIFIED.);
#55=B_SPLINE_SURFACE_WITH_KNOTS('',3,1,((#18214,#18215),(#18216,#18217),
(#18218,#18219),(#18220,#18221),(#18222,#18223),(#18224,#18225),(#18226,
#18227),(#18228,#18229),(#18230,#18231)),.SURF_OF_LINEAR_EXTRUSION.,.F.,
 .F.,.F.,(4,3,1,1,4),(2,2),(0.0519980292464048,0.0564336767758744,0.4225072869571,
0.7885771788601,0.943563182669802),(0.,1.),.UNSPECIFIED.);
#56=B_SPLINE_SURFACE_WITH_KNOTS('',3,1,((#18260,#18261),(#18262,#18263),
(#18264,#18265),(#18266,#18267),(#18268,#18269),(#18270,#18271),(#18272,
#18273),(#18274,#18275)),.SURF_OF_LINEAR_EXTRUSION.,.F.,.F.,.F.,(4,1,1,
1,1,4),(2,2),(0.103368059554,0.3016840297769,0.4999999999998,0.6983159702227,
0.8966319404456,0.901391523730389),(0.,1.),.UNSPECIFIED.);
#57=B_SPLINE_SURFACE_WITH_KNOTS('',3,1,((#18316,#18317),(#18318,#18319),
(#18320,#18321),(#18322,#18323),(#18324,#18325),(#18326,#18327),(#18328,
#18329),(#18330,#18331)),.SURF_OF_LINEAR_EXTRUSION.,.F.,.F.,.F.,(4,1,1,
1,1,4),(2,2),(0.103368059554,0.3016840297769,0.4999999999998,0.6983159702227,
0.8966319404456,0.901391523730378),(0.,1.),.UNSPECIFIED.);
#58=B_SPLINE_SURFACE_WITH_KNOTS('',3,1,((#18340,#18341),(#18342,#18343),
(#18344,#18345),(#18346,#18347),(#18348,#18349),(#18350,#18351),(#18352,
#18353),(#18354,#18355),(#18356,#18357),(#18358,#18359)),
 .SURF_OF_LINEAR_EXTRUSION.,.F.,.F.,.F.,(4,3,1,1,1,4),(2,2),(0.051971443173018,
0.0564337046925181,0.4225072869571,0.7885771788601,0.9435632314317,0.946224620012117),
(0.,1.),.UNSPECIFIED.);
#59=B_SPLINE_SURFACE_WITH_KNOTS('',3,1,((#18407,#18408),(#18409,#18410),
(#18411,#18412),(#18413,#18414),(#18415,#18416),(#18417,#18418),(#18419,
#18420),(#18421,#18422),(#18423,#18424)),.SURF_OF_LINEAR_EXTRUSION.,.F.,
 .F.,.F.,(4,1,1,1,1,1,4),(2,2),(0.0305842820306462,0.1870561009834,0.3435280504917,
0.5,0.6564719495083,0.8129438990166,0.969415717970142),(0.,1.),
 .UNSPECIFIED.);
#60=B_SPLINE_SURFACE_WITH_KNOTS('',3,1,((#18452,#18453),(#18454,#18455),
(#18456,#18457),(#18458,#18459),(#18460,#18461),(#18462,#18463),(#18464,
#18465),(#18466,#18467),(#18468,#18469)),.SURF_OF_LINEAR_EXTRUSION.,.F.,
 .F.,.F.,(4,3,1,1,4),(2,2),(0.0519980292464048,0.0564336767758744,0.4225072869571,
0.7885771788601,0.943563182669802),(0.,1.),.UNSPECIFIED.);
#61=B_SPLINE_SURFACE_WITH_KNOTS('',3,1,((#18489,#18490),(#18491,#18492),
(#18493,#18494),(#18495,#18496),(#18497,#18498),(#18499,#18500),(#18501,
#18502),(#18503,#18504),(#18505,#18506)),.SURF_OF_LINEAR_EXTRUSION.,.F.,
 .F.,.F.,(4,1,1,1,1,1,4),(2,2),(0.0305842820306462,0.1870561009834,0.3435280504917,
0.5,0.6564719495083,0.8129438990166,0.969415717970142),(0.,1.),
 .UNSPECIFIED.);
#62=(
BOUNDED_CURVE()
B_SPLINE_CURVE(3,(#16050,#16051,#16052,#16053),.UNSPECIFIED.,.F.,.F.)
B_SPLINE_CURVE_WITH_KNOTS((4,4),(0.,1.),.UNSPECIFIED.)
CURVE()
GEOMETRIC_REPRESENTATION_ITEM()
RATIONAL_B_SPLINE_CURVE((1.,0.804737854124375,0.804737854124375,1.))
REPRESENTATION_ITEM('')
);
#63=(
BOUNDED_CURVE()
B_SPLINE_CURVE(3,(#16101,#16102,#16103,#16104),.UNSPECIFIED.,.F.,.F.)
B_SPLINE_CURVE_WITH_KNOTS((4,4),(0.,1.),.UNSPECIFIED.)
CURVE()
GEOMETRIC_REPRESENTATION_ITEM()
RATIONAL_B_SPLINE_CURVE((1.,0.804737854125405,0.804737854125405,1.))
REPRESENTATION_ITEM('')
);
#64=(
BOUNDED_CURVE()
B_SPLINE_CURVE(3,(#16914,#16915,#16916,#16917),.UNSPECIFIED.,.F.,.F.)
B_SPLINE_CURVE_WITH_KNOTS((4,4),(0.,1.),.UNSPECIFIED.)
CURVE()
GEOMETRIC_REPRESENTATION_ITEM()
RATIONAL_B_SPLINE_CURVE((1.,0.8047378541254,0.8047378541254,1.))
REPRESENTATION_ITEM('')
);
#65=(
BOUNDED_CURVE()
B_SPLINE_CURVE(3,(#17494,#17495,#17496,#17497),.UNSPECIFIED.,.F.,.F.)
B_SPLINE_CURVE_WITH_KNOTS((4,4),(0.,1.),.UNSPECIFIED.)
CURVE()
GEOMETRIC_REPRESENTATION_ITEM()
RATIONAL_B_SPLINE_CURVE((1.,0.80473785412513,0.80473785412513,1.))
REPRESENTATION_ITEM('')
);
#66=(
BOUNDED_SURFACE()
B_SPLINE_SURFACE(3,3,((#16029,#16030,#16031,#16032),(#16033,#16034,#16035,
#16036),(#16037,#16038,#16039,#16040),(#16041,#16042,#16043,#16044)),
 .SURF_OF_REVOLUTION.,.F.,.F.,.F.)
B_SPLINE_SURFACE_WITH_KNOTS((4,4),(4,4),(0.0644603969660539,0.935539603036303),
(0.,1.),.PIECEWISE_BEZIER_KNOTS.)
GEOMETRIC_REPRESENTATION_ITEM()
RATIONAL_B_SPLINE_SURFACE(((0.955514697973164,0.768938847264367,0.768938847264367,
0.955514697973164),(0.768938847630706,0.61879419789998,0.61879419789998,
0.768938847630706),(0.768938847631211,0.618794197900386,0.618794197900386,
0.768938847631211),(0.955514697974678,0.768938847265586,0.768938847265586,
0.955514697974678)))
REPRESENTATION_ITEM('')
SURFACE()
);
#67=(
BOUNDED_SURFACE()
B_SPLINE_SURFACE(3,3,((#16080,#16081,#16082,#16083),(#16084,#16085,#16086,
#16087),(#16088,#16089,#16090,#16091),(#16092,#16093,#16094,#16095)),
 .TOROIDAL_SURF.,.F.,.F.,.F.)
B_SPLINE_SURFACE_WITH_KNOTS((4,4),(4,4),(0.064460396966049,0.935539603035781),
(0.,1.),.PIECEWISE_BEZIER_KNOTS.)
GEOMETRIC_REPRESENTATION_ITEM()
RATIONAL_B_SPLINE_SURFACE(((0.955514697973167,0.768938847631712,0.768938847631712,
0.955514697973167),(0.768938847630818,0.618794198195684,0.618794198195684,
0.768938847630818),(0.76893884763121,0.618794198196,0.618794198196,0.76893884763121),
(0.955514697974343,0.768938847632658,0.768938847632658,0.955514697974343)))
REPRESENTATION_ITEM('')
SURFACE()
);
#68=(
BOUNDED_SURFACE()
B_SPLINE_SURFACE(3,3,((#16896,#16897,#16898,#16899),(#16900,#16901,#16902,
#16903),(#16904,#16905,#16906,#16907),(#16908,#16909,#16910,#16911)),
 .TOROIDAL_SURF.,.F.,.F.,.F.)
B_SPLINE_SURFACE_WITH_KNOTS((4,4),(4,4),(0.0644603969660486,0.935539603035777),
(0.,1.),.PIECEWISE_BEZIER_KNOTS.)
GEOMETRIC_REPRESENTATION_ITEM()
RATIONAL_B_SPLINE_SURFACE(((0.955514697973167,0.768938847560647,0.768938847560647,
0.955514697973167),(0.768938847630819,0.618794198138497,0.618794198138497,
0.768938847630819),(0.76893884763121,0.618794198138812,0.618794198138812,
0.76893884763121),(0.95551469797434,0.768938847561592,0.768938847561592,
0.95551469797434)))
REPRESENTATION_ITEM('')
SURFACE()
);
#69=(
BOUNDED_SURFACE()
B_SPLINE_SURFACE(3,3,((#17478,#17479,#17480,#17481),(#17482,#17483,#17484,
#17485),(#17486,#17487,#17488,#17489),(#17490,#17491,#17492,#17493)),
 .TOROIDAL_SURF.,.F.,.F.,.F.)
B_SPLINE_SURFACE_WITH_KNOTS((4,4),(4,4),(0.0644603969660483,0.935539603031789),
(0.,1.),.PIECEWISE_BEZIER_KNOTS.)
GEOMETRIC_REPRESENTATION_ITEM()
RATIONAL_B_SPLINE_SURFACE(((0.955514697973167,0.76893884763158,0.76893884763158,
0.955514697973167),(0.768938847631672,0.618794198196266,0.618794198196266,
0.768938847631672),(0.768938847631209,0.618794198195893,0.618794198195893,
0.768938847631209),(0.955514697971778,0.768938847630462,0.768938847630462,
0.955514697971778)))
REPRESENTATION_ITEM('')
SURFACE()
);
#70=CONICAL_SURFACE('',#12413,0.0499999,0.7854121123);
#71=CONICAL_SURFACE('',#12442,0.0499999,0.7854121123);
#72=CONICAL_SURFACE('',#12463,0.0499999,0.7854121123);
#73=CONICAL_SURFACE('',#12466,0.1000007,0.7854085097);
#74=CONICAL_SURFACE('',#12503,0.0499999,0.7854121123);
#75=CONICAL_SURFACE('',#12515,0.0499999,0.7854121123);
#76=CONICAL_SURFACE('',#12579,0.1000007,0.7854085097);
#77=CONICAL_SURFACE('',#12644,0.0499999,0.7854121123);
#78=CONICAL_SURFACE('',#12668,0.0499999,0.7854121123);
#79=CONICAL_SURFACE('',#12708,0.0499999,0.7854121123);
#80=CONICAL_SURFACE('',#12752,0.0499999,0.7854121123);
#81=CONICAL_SURFACE('',#12754,0.0499999,0.7854121123);
#82=CONICAL_SURFACE('',#12773,0.0999988,0.5235753067);
#83=CONICAL_SURFACE('',#12806,0.0999988,0.5235753067);
#84=CONICAL_SURFACE('',#12962,0.1000023,0.5236094475);
#85=CONICAL_SURFACE('',#13071,0.1000023,0.5236094475);
#86=CONICAL_SURFACE('',#13090,0.0999989,0.523580761);
#87=CONICAL_SURFACE('',#13110,0.0999989,0.523580761);
#88=B_SPLINE_CURVE_WITH_KNOTS('',3,(#15928,#15929,#15930,#15931,#15932,
#15933,#15934,#15935,#15936,#15937,#15938,#15939,#15940,#15941,#15942,#15943),
 .UNSPECIFIED.,.F.,.F.,(4,3,3,3,3,4),(4.83048267400085E-18,1.61602148601006E-5,
3.23038949324185E-5,4.88000750143864E-5,6.60416180086365E-5,8.01214116278786E-5),
 .UNSPECIFIED.);
#89=B_SPLINE_CURVE_WITH_KNOTS('',3,(#16132,#16133,#16134,#16135,#16136,
#16137,#16138,#16139,#16140,#16141,#16142,#16143,#16144,#16145,#16146,#16147),
 .UNSPECIFIED.,.F.,.F.,(4,3,3,3,3,4),(2.18094482763029E-17,1.83272774359258E-5,
3.66853973715955E-5,5.46003710863537E-5,7.16326326935495E-5,8.01264108065777E-5),
 .UNSPECIFIED.);
#90=B_SPLINE_CURVE_WITH_KNOTS('',3,(#16150,#16151,#16152,#16153,#16154,
#16155,#16156,#16157,#16158,#16159,#16160,#16161,#16162,#16163,#16164,#16165),
 .UNSPECIFIED.,.F.,.F.,(4,3,3,3,3,4),(4.39369502541756E-18,1.67732954686986E-5,
3.35509665444801E-5,5.03467393025936E-5,6.71272144185975E-5,7.81264243105873E-5),
 .UNSPECIFIED.);
#91=B_SPLINE_CURVE_WITH_KNOTS('',3,(#16196,#16197,#16198,#16199,#16200,
#16201,#16202,#16203,#16204),.UNSPECIFIED.,.F.,.F.,(4,1,1,1,1,1,4),(0.,
0.16666657395953,0.333333286979975,0.50000000000042,0.666666713020864,0.833333426041309,
1.),.UNSPECIFIED.);
#92=B_SPLINE_CURVE_WITH_KNOTS('',3,(#16216,#16217,#16218,#16219,#16220,
#16221,#16222,#16223,#16224,#16225,#16226,#16227,#16228,#16229,#16230,#16231),
 .UNSPECIFIED.,.F.,.F.,(4,3,3,3,3,4),(1.61487901011167E-17,1.67732954700792E-5,
3.35509665473399E-5,5.03467393057989E-5,6.7127214421702E-5,7.81264243105844E-5),
 .UNSPECIFIED.);
#93=B_SPLINE_CURVE_WITH_KNOTS('',3,(#16302,#16303,#16304,#16305,#16306,
#16307,#16308,#16309,#16310,#16311,#16312,#16313,#16314,#16315,#16316,#16317),
 .UNSPECIFIED.,.F.,.F.,(4,3,3,3,3,4),(2.11906059552338E-17,1.83272774359333E-5,
3.66853973716102E-5,5.46003710863645E-5,7.16326326935617E-5,8.01264108065769E-5),
 .UNSPECIFIED.);
#94=B_SPLINE_CURVE_WITH_KNOTS('',3,(#16337,#16338,#16339,#16340,#16341,
#16342,#16343,#16344,#16345,#16346,#16347,#16348,#16349,#16350,#16351,#16352),
 .UNSPECIFIED.,.F.,.F.,(4,3,3,3,3,4),(1.61487901011167E-17,1.67732954700792E-5,
3.35509665473399E-5,5.03467393057989E-5,6.7127214421702E-5,7.81264243105844E-5),
 .UNSPECIFIED.);
#95=B_SPLINE_CURVE_WITH_KNOTS('',3,(#16354,#16355,#16356,#16357,#16358,
#16359,#16360,#16361,#16362,#16363,#16364,#16365,#16366,#16367,#16368,#16369),
 .UNSPECIFIED.,.F.,.F.,(4,3,3,3,3,4),(4.42402316237055E-18,1.61602148601007E-5,
3.23038949324185E-5,4.8800075014384E-5,6.6041618008635E-5,8.01214116278788E-5),
 .UNSPECIFIED.);
#96=B_SPLINE_CURVE_WITH_KNOTS('',3,(#16392,#16393,#16394,#16395,#16396,
#16397,#16398),.UNSPECIFIED.,.F.,.F.,(4,3,4),(0.,1.52870962784393E-5,4.04612567755497E-5),
 .UNSPECIFIED.);
#97=B_SPLINE_CURVE_WITH_KNOTS('',3,(#16402,#16403,#16404,#16405,#16406,
#16407,#16408),.UNSPECIFIED.,.F.,.F.,(4,3,4),(1.74822347316868E-18,1.52870072232392E-5,
4.04614091761736E-5),.UNSPECIFIED.);
#98=B_SPLINE_CURVE_WITH_KNOTS('',3,(#16504,#16505,#16506,#16507,#16508,
#16509,#16510,#16511,#16512),.UNSPECIFIED.,.F.,.F.,(4,1,1,1,1,1,4),(0.,
0.166666573958691,0.333333286979136,0.49999999999958,0.666666713020025,
0.83333342604047,1.),.UNSPECIFIED.);
#99=B_SPLINE_CURVE_WITH_KNOTS('',3,(#16516,#16517,#16518,#16519,#16520,
#16521,#16522,#16523,#16524),.UNSPECIFIED.,.F.,.F.,(4,1,1,1,1,1,4),(0.,
0.16666657395953,0.333333286979975,0.50000000000042,0.666666713020864,0.833333426041309,
1.),.UNSPECIFIED.);
#100=B_SPLINE_CURVE_WITH_KNOTS('',3,(#16708,#16709,#16710,#16711,#16712,
#16713,#16714,#16715,#16716,#16717,#16718,#16719,#16720,#16721,#16722,#16723),
 .UNSPECIFIED.,.F.,.F.,(4,3,3,3,3,4),(4.39369502541756E-18,1.67732954686986E-5,
3.35509665444801E-5,5.03467393025936E-5,6.71272144185975E-5,7.81264243105873E-5),
 .UNSPECIFIED.);
#101=B_SPLINE_CURVE_WITH_KNOTS('',3,(#16731,#16732,#16733,#16734,#16735,
#16736,#16737,#16738,#16739),.UNSPECIFIED.,.F.,.F.,(4,1,1,1,1,1,4),(0.,
0.166666573958691,0.333333286979136,0.49999999999958,0.666666713020025,
0.83333342604047,1.),.UNSPECIFIED.);
#102=B_SPLINE_CURVE_WITH_KNOTS('',3,(#16763,#16764,#16765,#16766,#16767,
#16768,#16769,#16770,#16771,#16772,#16773,#16774,#16775,#16776,#16777,#16778),
 .UNSPECIFIED.,.F.,.F.,(4,3,3,3,3,4),(2.14715831831866E-17,1.83272774359289E-5,
3.66853973716022E-5,5.46003710863581E-5,7.16326326935485E-5,8.01264108065752E-5),
 .UNSPECIFIED.);
#103=B_SPLINE_CURVE_WITH_KNOTS('',3,(#16789,#16790,#16791,#16792,#16793,
#16794,#16795,#16796,#16797),.UNSPECIFIED.,.F.,.F.,(4,1,1,1,1,1,4),(0.,
0.16666657395953,0.333333286979975,0.50000000000042,0.666666713020864,0.833333426041309,
1.),.UNSPECIFIED.);
#104=B_SPLINE_CURVE_WITH_KNOTS('',3,(#16829,#16830,#16831,#16832,#16833,
#16834,#16835,#16836,#16837,#16838,#16839,#16840,#16841,#16842,#16843,#16844),
 .UNSPECIFIED.,.F.,.F.,(4,3,3,3,3,4),(2.10647954547011E-17,1.83272774359291E-5,
3.66853973716026E-5,5.46003710863561E-5,7.16326326935546E-5,8.01264108065758E-5),
 .UNSPECIFIED.);
#105=B_SPLINE_CURVE_WITH_KNOTS('',3,(#16847,#16848,#16849,#16850,#16851,
#16852,#16853,#16854,#16855,#16856,#16857,#16858,#16859,#16860,#16861,#16862),
 .UNSPECIFIED.,.F.,.F.,(4,3,3,3,3,4),(4.39369502541756E-18,1.67732954686986E-5,
3.35509665444801E-5,5.03467393025936E-5,6.71272144185975E-5,7.81264243105873E-5),
 .UNSPECIFIED.);
#106=B_SPLINE_CURVE_WITH_KNOTS('',3,(#16881,#16882,#16883,#16884,#16885,
#16886),.UNSPECIFIED.,.F.,.F.,(4,1,1,4),(0.,0.17470504901482,0.587350428827917,
1.),.UNSPECIFIED.);
#107=B_SPLINE_CURVE_WITH_KNOTS('',3,(#16936,#16937,#16938,#16939,#16940,
#16941,#16942,#16943,#16944,#16945,#16946,#16947,#16948,#16949,#16950,#16951),
 .UNSPECIFIED.,.F.,.F.,(4,3,3,3,3,4),(2.20122413990249E-17,1.83272774359342E-5,
3.66853973716129E-5,5.46003710863705E-5,7.16326326935671E-5,8.01264108065767E-5),
 .UNSPECIFIED.);
#108=B_SPLINE_CURVE_WITH_KNOTS('',3,(#16953,#16954,#16955,#16956,#16957,
#16958,#16959,#16960,#16961,#16962,#16963,#16964,#16965,#16966,#16967,#16968),
 .UNSPECIFIED.,.F.,.F.,(4,3,3,3,3,4),(4.39369502541756E-18,1.67732954686986E-5,
3.35509665444801E-5,5.03467393025936E-5,6.71272144185975E-5,7.81264243105873E-5),
 .UNSPECIFIED.);
#109=B_SPLINE_CURVE_WITH_KNOTS('',3,(#16982,#16983,#16984,#16985,#16986,
#16987,#16988),.UNSPECIFIED.,.F.,.F.,(4,3,4),(0.,1.52870962784406E-5,4.04612567753402E-5),
 .UNSPECIFIED.);
#110=B_SPLINE_CURVE_WITH_KNOTS('',3,(#16992,#16993,#16994,#16995,#16996,
#16997,#16998),.UNSPECIFIED.,.F.,.F.,(4,3,4),(1.74822347316868E-18,1.52870057692317E-5,
4.04614053275114E-5),.UNSPECIFIED.);
#111=B_SPLINE_CURVE_WITH_KNOTS('',3,(#17034,#17035,#17036,#17037,#17038,
#17039,#17040),.UNSPECIFIED.,.F.,.F.,(4,3,4),(0.,1.52870962784406E-5,4.04612567753402E-5),
 .UNSPECIFIED.);
#112=B_SPLINE_CURVE_WITH_KNOTS('',3,(#17052,#17053,#17054,#17055),
 .UNSPECIFIED.,.F.,.F.,(4,4),(0.,0.000161170618264147),.UNSPECIFIED.);
#113=B_SPLINE_CURVE_WITH_KNOTS('',3,(#17075,#17076,#17077,#17078,#17079,
#17080,#17081),.UNSPECIFIED.,.F.,.F.,(4,3,4),(0.,1.52870962784406E-5,4.04612567753402E-5),
 .UNSPECIFIED.);
#114=B_SPLINE_CURVE_WITH_KNOTS('',3,(#17122,#17123,#17124,#17125,#17126,
#17127,#17128),.UNSPECIFIED.,.F.,.F.,(4,3,4),(1.74822347316868E-18,1.52870057692317E-5,
4.04614053275114E-5),.UNSPECIFIED.);
#115=B_SPLINE_CURVE_WITH_KNOTS('',3,(#17298,#17299,#17300,#17301,#17302,
#17303,#17304,#17305,#17306,#17307,#17308,#17309,#17310,#17311,#17312,#17313),
 .UNSPECIFIED.,.F.,.F.,(4,3,3,3,3,4),(3.07472166488094E-18,1.61602148600997E-5,
3.23038949324166E-5,4.88000750143827E-5,6.60416180086275E-5,8.01214116278773E-5),
 .UNSPECIFIED.);
#116=B_SPLINE_CURVE_WITH_KNOTS('',3,(#17369,#17370,#17371,#17372,#17373,
#17374,#17375),.UNSPECIFIED.,.F.,.F.,(4,3,4),(1.74822347316868E-18,1.52870057692317E-5,
4.04614053275114E-5),.UNSPECIFIED.);
#117=B_SPLINE_CURVE_WITH_KNOTS('',3,(#17535,#17536,#17537,#17538,#17539,
#17540,#17541,#17542,#17543,#17544,#17545,#17546,#17547,#17548,#17549,#17550),
 .UNSPECIFIED.,.F.,.F.,(4,3,3,3,3,4),(1.61487901011167E-17,1.67732954700792E-5,
3.35509665473399E-5,5.03467393057989E-5,6.7127214421702E-5,7.81264243105844E-5),
 .UNSPECIFIED.);
#118=B_SPLINE_CURVE_WITH_KNOTS('',3,(#17557,#17558,#17559,#17560,#17561,
#17562,#17563,#17564,#17565,#17566,#17567,#17568,#17569,#17570,#17571,#17572),
 .UNSPECIFIED.,.F.,.F.,(4,3,3,3,3,4),(4.42402316237055E-18,1.61602148601007E-5,
3.23038949324177E-5,4.88000750143846E-5,6.60416180086298E-5,8.01214116278747E-5),
 .UNSPECIFIED.);
#119=B_SPLINE_CURVE_WITH_KNOTS('',3,(#17575,#17576,#17577,#17578,#17579,
#17580,#17581,#17582,#17583),.UNSPECIFIED.,.F.,.F.,(4,1,1,1,1,1,4),(0.,
0.166666573958691,0.333333286979136,0.49999999999958,0.666666713020025,
0.83333342604047,1.),.UNSPECIFIED.);
#120=B_SPLINE_CURVE_WITH_KNOTS('',3,(#17635,#17636,#17637,#17638,#17639,
#17640,#17641,#17642,#17643,#17644,#17645,#17646,#17647,#17648,#17649,#17650),
 .UNSPECIFIED.,.F.,.F.,(4,3,3,3,3,4),(4.42402316237055E-18,1.61602148601009E-5,
3.23038949324192E-5,4.88000750143882E-5,6.60416180086324E-5,8.01214116278777E-5),
 .UNSPECIFIED.);
#121=B_SPLINE_CURVE_WITH_KNOTS('',3,(#17686,#17687,#17688,#17689,#17690,
#17691,#17692,#17693,#17694),.UNSPECIFIED.,.F.,.F.,(4,1,1,1,1,1,4),(0.,
0.166665222891689,0.333332206125552,0.499999189359416,0.66666617259328,
0.833333155827143,1.),.UNSPECIFIED.);
#122=B_SPLINE_CURVE_WITH_KNOTS('',3,(#17696,#17697,#17698,#17699,#17700,
#17701,#17702,#17703,#17704),.UNSPECIFIED.,.F.,.F.,(4,1,1,1,1,1,4),(0.,
0.166666550782707,0.333333240626176,0.499999930469646,0.666666620313115,
0.833333310156584,1.),.UNSPECIFIED.);
#123=B_SPLINE_CURVE_WITH_KNOTS('',3,(#17722,#17723,#17724,#17725,#17726,
#17727),.UNSPECIFIED.,.F.,.F.,(4,1,1,4),(0.,0.412649571172083,0.82529495098518,
1.),.UNSPECIFIED.);
#124=B_SPLINE_CURVE_WITH_KNOTS('',3,(#17754,#17755,#17756,#17757,#17758,
#17759,#17760,#17761,#17762,#17763,#17764,#17765,#17766,#17767,#17768,#17769),
 .UNSPECIFIED.,.F.,.F.,(4,3,3,3,3,4),(4.39369502541756E-18,1.67732954686986E-5,
3.35509665444801E-5,5.03467393025936E-5,6.71272144185975E-5,7.81264243105873E-5),
 .UNSPECIFIED.);
#125=B_SPLINE_CURVE_WITH_KNOTS('',3,(#17828,#17829,#17830,#17831,#17832,
#17833,#17834),.UNSPECIFIED.,.F.,.F.,(4,3,4),(1.74822347316868E-18,1.52870057692317E-5,
4.04614053275114E-5),.UNSPECIFIED.);
#126=B_SPLINE_CURVE_WITH_KNOTS('',3,(#17878,#17879,#17880,#17881),
 .UNSPECIFIED.,.F.,.F.,(4,4),(0.,0.000161170618264147),.UNSPECIFIED.);
#127=B_SPLINE_CURVE_WITH_KNOTS('',3,(#18016,#18017,#18018,#18019,#18020,
#18021,#18022),.UNSPECIFIED.,.F.,.F.,(4,3,4),(0.,1.52870962784406E-5,4.04612567753402E-5),
 .UNSPECIFIED.);
#128=B_SPLINE_CURVE_WITH_KNOTS('',3,(#18072,#18073,#18074,#18075,#18076,
#18077,#18078,#18079,#18080,#18081,#18082,#18083,#18084,#18085,#18086,#18087),
 .UNSPECIFIED.,.F.,.F.,(4,3,3,3,3,4),(1.61487901011167E-17,1.67732954700792E-5,
3.35509665473399E-5,5.03467393057989E-5,6.7127214421702E-5,7.81264243105844E-5),
 .UNSPECIFIED.);
#129=B_SPLINE_CURVE_WITH_KNOTS('',3,(#18150,#18151,#18152,#18153,#18154,
#18155,#18156,#18157,#18158,#18159,#18160,#18161,#18162,#18163,#18164,#18165),
 .UNSPECIFIED.,.F.,.F.,(4,3,3,3,3,4),(1.61487901011167E-17,1.67732954700792E-5,
3.35509665473399E-5,5.03467393057989E-5,6.7127214421702E-5,7.81264243105852E-5),
 .UNSPECIFIED.);
#130=B_SPLINE_CURVE_WITH_KNOTS('',3,(#18191,#18192,#18193,#18194,#18195,
#18196),.UNSPECIFIED.,.F.,.F.,(4,1,1,4),(0.,0.412649530007368,0.825294900124358,
1.),.UNSPECIFIED.);
#131=B_SPLINE_CURVE_WITH_KNOTS('',3,(#18210,#18211,#18212,#18213),
 .UNSPECIFIED.,.F.,.F.,(4,4),(6.91791682271085E-15,0.000161187004242873),
 .UNSPECIFIED.);
#132=B_SPLINE_CURVE_WITH_KNOTS('',3,(#18232,#18233,#18234,#18235,#18236,
#18237),.UNSPECIFIED.,.F.,.F.,(4,1,1,4),(0.,0.174705049014832,0.587350428827923,
1.),.UNSPECIFIED.);
#133=B_SPLINE_CURVE_WITH_KNOTS('',3,(#18334,#18335,#18336,#18337,#18338,
#18339),.UNSPECIFIED.,.F.,.F.,(4,1,1,4),(0.,0.412649530007368,0.825294900124358,
1.),.UNSPECIFIED.);
#134=B_SPLINE_CURVE_WITH_KNOTS('',3,(#18425,#18426,#18427,#18428,#18429,
#18430,#18431,#18432,#18433),.UNSPECIFIED.,.F.,.F.,(4,1,1,1,1,1,4),(0.,
0.166666573958691,0.333333286979136,0.49999999999958,0.666666713020025,
0.83333342604047,1.),.UNSPECIFIED.);
#135=B_SPLINE_CURVE_WITH_KNOTS('',3,(#18446,#18447,#18448,#18449,#18450,
#18451),.UNSPECIFIED.,.F.,.F.,(4,1,1,4),(0.,0.174705049014832,0.587350428827923,
1.),.UNSPECIFIED.);
#136=B_SPLINE_CURVE_WITH_KNOTS('',3,(#18470,#18471,#18472,#18473),
 .UNSPECIFIED.,.F.,.F.,(4,4),(6.91791682271085E-15,0.000161187004242872),
 .UNSPECIFIED.);
#137=B_SPLINE_CURVE_WITH_KNOTS('',3,(#18480,#18481,#18482,#18483,#18484,
#18485,#18486,#18487,#18488),.UNSPECIFIED.,.F.,.F.,(4,1,1,1,1,1,4),(0.,
0.16666657395953,0.333333286979975,0.50000000000042,0.666666713020864,0.833333426041309,
1.),.UNSPECIFIED.);
#138=B_SPLINE_CURVE_WITH_KNOTS('',3,(#18527,#18528,#18529,#18530),
 .UNSPECIFIED.,.F.,.F.,(4,4),(0.,1.),.UNSPECIFIED.);
#139=B_SPLINE_CURVE_WITH_KNOTS('',3,(#18534,#18535,#18536,#18537),
 .UNSPECIFIED.,.F.,.F.,(4,4),(9.30796880204266E-15,4.2702471947858E-5),
 .UNSPECIFIED.);
#140=B_SPLINE_CURVE_WITH_KNOTS('',3,(#18667,#18668,#18669,#18670),
 .UNSPECIFIED.,.F.,.F.,(4,4),(3.28505741487538E-13,4.27024725150294E-5),
 .UNSPECIFIED.);
#141=B_SPLINE_CURVE_WITH_KNOTS('',3,(#19651,#19652,#19653,#19654),
 .UNSPECIFIED.,.F.,.F.,(4,4),(0.,1.),.UNSPECIFIED.);
#142=B_SPLINE_CURVE_WITH_KNOTS('',3,(#19683,#19684,#19685,#19686),
 .UNSPECIFIED.,.F.,.F.,(4,4),(0.,1.),.UNSPECIFIED.);
#143=B_SPLINE_CURVE_WITH_KNOTS('',3,(#19715,#19716,#19717,#19718),
 .UNSPECIFIED.,.F.,.F.,(4,4),(6.32370908852E-14,4.17202893940219E-5),
 .UNSPECIFIED.);
#144=CIRCLE('',#12400,0.2);
#145=CIRCLE('',#12401,0.2);
#146=CIRCLE('',#12405,0.15);
#147=CIRCLE('',#12406,0.15);
#148=CIRCLE('',#12414,0.0500014);
#149=CIRCLE('',#12415,0.1);
#150=CIRCLE('',#12416,0.15);
#151=CIRCLE('',#12417,0.1);
#152=CIRCLE('',#12418,0.1);
#153=CIRCLE('',#12422,0.15);
#154=CIRCLE('',#12423,0.1);
#155=CIRCLE('',#12424,0.1);
#156=CIRCLE('',#12433,0.1);
#157=CIRCLE('',#12434,0.1);
#158=CIRCLE('',#12438,0.25);
#159=CIRCLE('',#12439,0.25);
#160=CIRCLE('',#12443,0.0500014);
#161=CIRCLE('',#12444,0.1);
#162=CIRCLE('',#12448,0.1);
#163=CIRCLE('',#12449,0.1);
#164=CIRCLE('',#12452,0.2);
#165=CIRCLE('',#12453,0.2);
#166=CIRCLE('',#12456,0.15);
#167=CIRCLE('',#12457,0.15);
#168=CIRCLE('',#12461,0.2);
#169=CIRCLE('',#12462,0.2);
#170=CIRCLE('',#12464,0.0500014);
#171=CIRCLE('',#12465,0.1);
#172=CIRCLE('',#12479,0.1);
#173=CIRCLE('',#12480,0.1);
#174=CIRCLE('',#12482,0.15);
#175=CIRCLE('',#12483,0.15);
#176=CIRCLE('',#12489,0.0500014);
#177=CIRCLE('',#12491,0.1);
#178=CIRCLE('',#12492,0.1);
#179=CIRCLE('',#12498,0.1);
#180=CIRCLE('',#12504,0.0500014);
#181=CIRCLE('',#12513,0.1);
#182=CIRCLE('',#12514,0.1);
#183=CIRCLE('',#12516,0.1);
#184=CIRCLE('',#12521,0.2);
#185=CIRCLE('',#12522,0.2);
#186=CIRCLE('',#12528,0.2);
#187=CIRCLE('',#12529,0.2);
#188=CIRCLE('',#12530,0.2);
#189=CIRCLE('',#12535,0.15);
#190=CIRCLE('',#12543,0.2);
#191=CIRCLE('',#12546,0.1);
#192=CIRCLE('',#12547,0.1);
#193=CIRCLE('',#12556,0.15);
#194=CIRCLE('',#12557,0.2);
#195=CIRCLE('',#12558,0.25);
#196=CIRCLE('',#12559,0.2);
#197=CIRCLE('',#12560,0.25);
#198=CIRCLE('',#12561,0.25);
#199=CIRCLE('',#12567,0.15);
#200=CIRCLE('',#12568,0.1);
#201=CIRCLE('',#12580,0.25);
#202=CIRCLE('',#12582,0.3);
#203=CIRCLE('',#12583,0.25);
#204=CIRCLE('',#12584,0.2);
#205=CIRCLE('',#12595,0.1);
#206=CIRCLE('',#12597,0.0500014);
#207=CIRCLE('',#12608,0.2);
#208=CIRCLE('',#12627,0.3);
#209=CIRCLE('',#12628,0.2);
#210=CIRCLE('',#12629,0.25);
#211=CIRCLE('',#12631,0.1);
#212=CIRCLE('',#12641,0.1);
#213=CIRCLE('',#12643,0.2);
#214=CIRCLE('',#12645,0.0500014);
#215=CIRCLE('',#12652,0.1);
#216=CIRCLE('',#12655,0.1);
#217=CIRCLE('',#12669,0.0500014);
#218=CIRCLE('',#12675,0.15);
#219=CIRCLE('',#12679,0.1);
#220=CIRCLE('',#12681,0.3);
#221=CIRCLE('',#12687,0.3);
#222=CIRCLE('',#12726,0.0500014);
#223=CIRCLE('',#12755,0.0500014);
#224=CIRCLE('',#12765,0.15);
#225=CIRCLE('',#12766,0.15);
#226=CIRCLE('',#12768,0.2);
#227=CIRCLE('',#12769,0.2);
#228=CIRCLE('',#12771,0.15);
#229=CIRCLE('',#12772,0.15);
#230=CIRCLE('',#12775,0.1);
#231=CIRCLE('',#12777,0.15);
#232=CIRCLE('',#12778,0.15);
#233=CIRCLE('',#12780,0.04);
#234=CIRCLE('',#12781,0.04);
#235=CIRCLE('',#12783,0.04);
#236=CIRCLE('',#12784,0.04);
#237=CIRCLE('',#12786,0.2);
#238=CIRCLE('',#12787,0.3);
#239=CIRCLE('',#12788,0.3);
#240=CIRCLE('',#12789,0.2);
#241=CIRCLE('',#12792,0.35);
#242=CIRCLE('',#12793,0.35);
#243=CIRCLE('',#12795,0.15);
#244=CIRCLE('',#12796,0.15);
#245=CIRCLE('',#12798,0.1);
#246=CIRCLE('',#12799,0.1);
#247=CIRCLE('',#12801,0.15);
#248=CIRCLE('',#12803,0.1);
#249=CIRCLE('',#12804,0.1);
#250=CIRCLE('',#12808,0.1);
#251=CIRCLE('',#12810,0.13);
#252=CIRCLE('',#12811,0.13);
#253=CIRCLE('',#12813,0.1);
#254=CIRCLE('',#12815,0.15);
#255=CIRCLE('',#12816,0.15);
#256=CIRCLE('',#12819,0.15);
#257=CIRCLE('',#12820,0.15);
#258=CIRCLE('',#12822,0.35);
#259=CIRCLE('',#12824,0.1);
#260=CIRCLE('',#12825,0.1);
#261=CIRCLE('',#12827,0.25);
#262=CIRCLE('',#12828,0.25);
#263=CIRCLE('',#12830,0.35);
#264=CIRCLE('',#12831,0.35);
#265=CIRCLE('',#12833,0.25);
#266=CIRCLE('',#12835,0.1);
#267=CIRCLE('',#12836,0.1);
#268=CIRCLE('',#12838,0.1);
#269=CIRCLE('',#12839,0.1);
#270=CIRCLE('',#12842,0.15);
#271=CIRCLE('',#12843,0.15);
#272=CIRCLE('',#12845,0.15);
#273=CIRCLE('',#12846,0.15);
#274=CIRCLE('',#12848,0.35);
#275=CIRCLE('',#12849,0.1);
#276=CIRCLE('',#12852,0.3);
#277=CIRCLE('',#12854,0.35);
#278=CIRCLE('',#12855,0.35);
#279=CIRCLE('',#12858,0.2);
#280=CIRCLE('',#12859,0.2);
#281=CIRCLE('',#12860,0.2);
#282=CIRCLE('',#12861,0.2);
#283=CIRCLE('',#12862,0.2);
#284=CIRCLE('',#12863,0.15);
#285=CIRCLE('',#12864,0.15);
#286=CIRCLE('',#12866,0.15);
#287=CIRCLE('',#12867,0.15);
#288=CIRCLE('',#12869,0.13);
#289=CIRCLE('',#12870,0.13);
#290=CIRCLE('',#12872,0.1);
#291=CIRCLE('',#12873,0.1);
#292=CIRCLE('',#12875,0.04);
#293=CIRCLE('',#12876,0.04);
#294=CIRCLE('',#12879,0.2);
#295=CIRCLE('',#12882,0.2);
#296=CIRCLE('',#12884,0.15);
#297=CIRCLE('',#12886,0.15);
#298=CIRCLE('',#12887,0.15);
#299=CIRCLE('',#12889,0.15);
#300=CIRCLE('',#12890,0.15);
#301=CIRCLE('',#12892,0.04);
#302=CIRCLE('',#12893,0.04);
#303=CIRCLE('',#12895,0.15);
#304=CIRCLE('',#12896,0.15);
#305=CIRCLE('',#12900,0.35);
#306=CIRCLE('',#12901,0.1);
#307=CIRCLE('',#12903,0.15);
#308=CIRCLE('',#12905,0.15);
#309=CIRCLE('',#12906,0.15);
#310=CIRCLE('',#12908,0.1);
#311=CIRCLE('',#12910,0.2);
#312=CIRCLE('',#12911,0.2);
#313=CIRCLE('',#12912,0.2);
#314=CIRCLE('',#12913,0.2);
#315=CIRCLE('',#12914,0.15);
#316=CIRCLE('',#12917,0.1);
#317=CIRCLE('',#12919,0.15);
#318=CIRCLE('',#12920,0.15);
#319=CIRCLE('',#12923,0.35);
#320=CIRCLE('',#12924,0.35);
#321=CIRCLE('',#12926,0.35);
#322=CIRCLE('',#12927,0.35);
#323=CIRCLE('',#12932,0.04);
#324=CIRCLE('',#12933,0.04);
#325=CIRCLE('',#12935,0.04);
#326=CIRCLE('',#12936,0.04);
#327=CIRCLE('',#12938,0.3);
#328=CIRCLE('',#12939,0.3);
#329=CIRCLE('',#12941,0.04);
#330=CIRCLE('',#12942,0.04);
#331=CIRCLE('',#12944,0.1);
#332=CIRCLE('',#12945,0.35);
#333=CIRCLE('',#12947,0.15);
#334=CIRCLE('',#12948,0.15);
#335=CIRCLE('',#12951,0.15);
#336=CIRCLE('',#12954,0.35);
#337=CIRCLE('',#12955,0.35);
#338=CIRCLE('',#12957,0.15);
#339=CIRCLE('',#12958,0.15);
#340=CIRCLE('',#12960,0.3);
#341=CIRCLE('',#12965,0.15);
#342=CIRCLE('',#12966,0.15);
#343=CIRCLE('',#12970,0.1);
#344=CIRCLE('',#12971,0.1);
#345=CIRCLE('',#12974,0.35);
#346=CIRCLE('',#12975,0.35);
#347=CIRCLE('',#12977,0.04);
#348=CIRCLE('',#12978,0.04);
#349=CIRCLE('',#12982,0.35);
#350=CIRCLE('',#12983,0.35);
#351=CIRCLE('',#12985,0.35);
#352=CIRCLE('',#12986,0.35);
#353=CIRCLE('',#12991,0.04);
#354=CIRCLE('',#12992,0.04);
#355=CIRCLE('',#12993,0.04);
#356=CIRCLE('',#12994,0.04);
#357=CIRCLE('',#12995,0.15);
#358=CIRCLE('',#12996,0.04);
#359=CIRCLE('',#12997,0.04);
#360=CIRCLE('',#12998,0.04);
#361=CIRCLE('',#12999,0.04);
#362=CIRCLE('',#13000,0.15);
#363=CIRCLE('',#13001,0.15);
#364=CIRCLE('',#13002,0.15);
#365=CIRCLE('',#13010,0.2);
#366=CIRCLE('',#13011,0.2);
#367=CIRCLE('',#13015,0.04);
#368=CIRCLE('',#13018,0.35);
#369=CIRCLE('',#13019,0.35);
#370=CIRCLE('',#13020,0.1865953);
#371=CIRCLE('',#13021,0.186607704050395);
#372=CIRCLE('',#13024,0.15);
#373=CIRCLE('',#13025,0.15);
#374=CIRCLE('',#13028,0.04);
#375=CIRCLE('',#13034,0.2);
#376=CIRCLE('',#13039,0.1);
#377=CIRCLE('',#13040,0.1);
#378=CIRCLE('',#13042,0.1);
#379=CIRCLE('',#13043,0.1);
#380=CIRCLE('',#13046,0.15);
#381=CIRCLE('',#13050,0.35);
#382=CIRCLE('',#13054,0.04);
#383=CIRCLE('',#13056,0.15);
#384=CIRCLE('',#13058,0.15);
#385=CIRCLE('',#13062,0.3);
#386=CIRCLE('',#13063,0.3);
#387=CIRCLE('',#13066,0.2);
#388=CIRCLE('',#13067,0.2);
#389=CIRCLE('',#13070,0.04);
#390=CIRCLE('',#13073,0.17);
#391=CIRCLE('',#13074,0.17);
#392=CIRCLE('',#13081,0.35);
#393=CIRCLE('',#13085,0.2);
#394=CIRCLE('',#13086,0.2);
#395=CIRCLE('',#13088,0.2);
#396=CIRCLE('',#13089,0.2);
#397=CIRCLE('',#13094,0.15);
#398=CIRCLE('',#13097,0.35);
#399=CIRCLE('',#13099,0.1);
#400=CIRCLE('',#13100,0.35);
#401=CIRCLE('',#13102,0.1);
#402=CIRCLE('',#13105,0.2);
#403=CIRCLE('',#13109,0.04);
#404=CIRCLE('',#13112,0.2);
#405=CIRCLE('',#13113,0.2);
#406=CIRCLE('',#13115,0.04);
#407=CIRCLE('',#13121,0.1);
#408=CIRCLE('',#13125,0.17);
#409=CIRCLE('',#13128,0.35);
#410=CIRCLE('',#13129,0.1);
#411=CIRCLE('',#13133,0.1);
#412=CIRCLE('',#13145,0.2);
#413=CIRCLE('',#13150,0.04);
#414=CIRCLE('',#13152,0.04);
#415=CIRCLE('',#13155,0.15);
#416=CIRCLE('',#13159,0.25);
#417=CIRCLE('',#13163,0.17);
#418=CIRCLE('',#13165,0.1);
#419=CYLINDRICAL_SURFACE('',#12399,0.2);
#420=CYLINDRICAL_SURFACE('',#12404,0.15);
#421=CYLINDRICAL_SURFACE('',#12432,0.1);
#422=CYLINDRICAL_SURFACE('',#12437,0.25);
#423=CYLINDRICAL_SURFACE('',#12447,0.1);
#424=CYLINDRICAL_SURFACE('',#12451,0.2);
#425=CYLINDRICAL_SURFACE('',#12455,0.15);
#426=CYLINDRICAL_SURFACE('',#12460,0.2);
#427=CYLINDRICAL_SURFACE('',#12478,0.1);
#428=CYLINDRICAL_SURFACE('',#12481,0.15);
#429=CYLINDRICAL_SURFACE('',#12512,0.1);
#430=CYLINDRICAL_SURFACE('',#12534,0.15);
#431=CYLINDRICAL_SURFACE('',#12545,0.1);
#432=CYLINDRICAL_SURFACE('',#12554,0.2);
#433=CYLINDRICAL_SURFACE('',#12571,0.2);
#434=CYLINDRICAL_SURFACE('',#12572,0.1);
#435=CYLINDRICAL_SURFACE('',#12594,0.1);
#436=CYLINDRICAL_SURFACE('',#12624,0.2);
#437=CYLINDRICAL_SURFACE('',#12642,0.2);
#438=CYLINDRICAL_SURFACE('',#12649,0.15);
#439=CYLINDRICAL_SURFACE('',#12651,0.1);
#440=CYLINDRICAL_SURFACE('',#12653,0.2);
#441=CYLINDRICAL_SURFACE('',#12654,0.1);
#442=CYLINDRICAL_SURFACE('',#12659,0.1);
#443=CYLINDRICAL_SURFACE('',#12674,0.15);
#444=CYLINDRICAL_SURFACE('',#12678,0.1);
#445=CYLINDRICAL_SURFACE('',#12680,0.3);
#446=CYLINDRICAL_SURFACE('',#12692,0.2);
#447=CYLINDRICAL_SURFACE('',#12694,0.1);
#448=CYLINDRICAL_SURFACE('',#12696,0.25);
#449=CYLINDRICAL_SURFACE('',#12702,0.1);
#450=CYLINDRICAL_SURFACE('',#12703,0.25);
#451=CYLINDRICAL_SURFACE('',#12718,0.3);
#452=CYLINDRICAL_SURFACE('',#12751,0.25);
#453=CYLINDRICAL_SURFACE('',#12760,0.1);
#454=CYLINDRICAL_SURFACE('',#12767,0.2);
#455=CYLINDRICAL_SURFACE('',#12770,0.15);
#456=CYLINDRICAL_SURFACE('',#12776,0.15);
#457=CYLINDRICAL_SURFACE('',#12779,0.04);
#458=CYLINDRICAL_SURFACE('',#12782,0.04);
#459=CYLINDRICAL_SURFACE('',#12791,0.35);
#460=CYLINDRICAL_SURFACE('',#12794,0.15);
#461=CYLINDRICAL_SURFACE('',#12797,0.1);
#462=CYLINDRICAL_SURFACE('',#12800,0.15);
#463=CYLINDRICAL_SURFACE('',#12802,0.1);
#464=CYLINDRICAL_SURFACE('',#12809,0.13);
#465=CYLINDRICAL_SURFACE('',#12814,0.15);
#466=CYLINDRICAL_SURFACE('',#12818,0.15);
#467=CYLINDRICAL_SURFACE('',#12823,0.1);
#468=CYLINDRICAL_SURFACE('',#12826,0.25);
#469=CYLINDRICAL_SURFACE('',#12829,0.35);
#470=CYLINDRICAL_SURFACE('',#12834,0.1);
#471=CYLINDRICAL_SURFACE('',#12837,0.1);
#472=CYLINDRICAL_SURFACE('',#12841,0.15);
#473=CYLINDRICAL_SURFACE('',#12844,0.15);
#474=CYLINDRICAL_SURFACE('',#12851,0.3);
#475=CYLINDRICAL_SURFACE('',#12853,0.35);
#476=CYLINDRICAL_SURFACE('',#12868,0.13);
#477=CYLINDRICAL_SURFACE('',#12871,0.1);
#478=CYLINDRICAL_SURFACE('',#12874,0.04);
#479=CYLINDRICAL_SURFACE('',#12878,0.2);
#480=CYLINDRICAL_SURFACE('',#12881,0.2);
#481=CYLINDRICAL_SURFACE('',#12883,0.15);
#482=CYLINDRICAL_SURFACE('',#12888,0.15);
#483=CYLINDRICAL_SURFACE('',#12891,0.04);
#484=CYLINDRICAL_SURFACE('',#12894,0.15);
#485=CYLINDRICAL_SURFACE('',#12902,0.15);
#486=CYLINDRICAL_SURFACE('',#12916,0.1);
#487=CYLINDRICAL_SURFACE('',#12918,0.15);
#488=CYLINDRICAL_SURFACE('',#12921,0.2);
#489=CYLINDRICAL_SURFACE('',#12922,0.35);
#490=CYLINDRICAL_SURFACE('',#12925,0.35);
#491=CYLINDRICAL_SURFACE('',#12931,0.04);
#492=CYLINDRICAL_SURFACE('',#12934,0.04);
#493=CYLINDRICAL_SURFACE('',#12937,0.3);
#494=CYLINDRICAL_SURFACE('',#12940,0.04);
#495=CYLINDRICAL_SURFACE('',#12946,0.15);
#496=CYLINDRICAL_SURFACE('',#12953,0.35);
#497=CYLINDRICAL_SURFACE('',#12956,0.15);
#498=CYLINDRICAL_SURFACE('',#12959,0.3);
#499=CYLINDRICAL_SURFACE('',#12964,0.15);
#500=CYLINDRICAL_SURFACE('',#12969,0.1);
#501=CYLINDRICAL_SURFACE('',#12973,0.35);
#502=CYLINDRICAL_SURFACE('',#12976,0.04);
#503=CYLINDRICAL_SURFACE('',#12981,0.35);
#504=CYLINDRICAL_SURFACE('',#12984,0.35);
#505=CYLINDRICAL_SURFACE('',#12987,0.15);
#506=CYLINDRICAL_SURFACE('',#13004,0.2);
#507=CYLINDRICAL_SURFACE('',#13009,0.2);
#508=CYLINDRICAL_SURFACE('',#13014,0.04);
#509=CYLINDRICAL_SURFACE('',#13023,0.15);
#510=CYLINDRICAL_SURFACE('',#13027,0.04);
#511=CYLINDRICAL_SURFACE('',#13029,0.15);
#512=CYLINDRICAL_SURFACE('',#13033,0.2);
#513=CYLINDRICAL_SURFACE('',#13038,0.1);
#514=CYLINDRICAL_SURFACE('',#13041,0.1);
#515=CYLINDRICAL_SURFACE('',#13049,0.35);
#516=CYLINDRICAL_SURFACE('',#13052,0.15);
#517=CYLINDRICAL_SURFACE('',#13053,0.04);
#518=CYLINDRICAL_SURFACE('',#13055,0.15);
#519=CYLINDRICAL_SURFACE('',#13057,0.15);
#520=CYLINDRICAL_SURFACE('',#13061,0.3);
#521=CYLINDRICAL_SURFACE('',#13064,0.2);
#522=CYLINDRICAL_SURFACE('',#13069,0.04);
#523=CYLINDRICAL_SURFACE('',#13072,0.17);
#524=CYLINDRICAL_SURFACE('',#13084,0.2);
#525=CYLINDRICAL_SURFACE('',#13087,0.2);
#526=CYLINDRICAL_SURFACE('',#13093,0.15);
#527=CYLINDRICAL_SURFACE('',#13104,0.2);
#528=CYLINDRICAL_SURFACE('',#13108,0.04);
#529=CYLINDRICAL_SURFACE('',#13111,0.2);
#530=CYLINDRICAL_SURFACE('',#13114,0.04);
#531=CYLINDRICAL_SURFACE('',#13122,0.1);
#532=CYLINDRICAL_SURFACE('',#13123,0.35);
#533=CYLINDRICAL_SURFACE('',#13126,0.15);
#534=CYLINDRICAL_SURFACE('',#13130,0.35);
#535=CYLINDRICAL_SURFACE('',#13132,0.1);
#536=CYLINDRICAL_SURFACE('',#13134,0.35);
#537=CYLINDRICAL_SURFACE('',#13136,0.35);
#538=CYLINDRICAL_SURFACE('',#13138,0.2);
#539=CYLINDRICAL_SURFACE('',#13140,0.1);
#540=CYLINDRICAL_SURFACE('',#13144,0.2);
#541=CYLINDRICAL_SURFACE('',#13149,0.04);
#542=CYLINDRICAL_SURFACE('',#13151,0.04);
#543=CYLINDRICAL_SURFACE('',#13158,0.25);
#544=CYLINDRICAL_SURFACE('',#13160,0.15);
#545=CYLINDRICAL_SURFACE('',#13166,0.15);
#546=CYLINDRICAL_SURFACE('',#13170,0.1);
#547=CYLINDRICAL_SURFACE('',#13172,0.17);
#548=CYLINDRICAL_SURFACE('',#13173,0.1);
#549=CYLINDRICAL_SURFACE('',#13174,0.1);
#550=ORIENTED_EDGE('',*,*,#3502,.T.);
#551=ORIENTED_EDGE('',*,*,#3503,.T.);
#552=ORIENTED_EDGE('',*,*,#3504,.F.);
#553=ORIENTED_EDGE('',*,*,#3505,.F.);
#554=ORIENTED_EDGE('',*,*,#3506,.T.);
#555=ORIENTED_EDGE('',*,*,#3507,.T.);
#556=ORIENTED_EDGE('',*,*,#3508,.T.);
#557=ORIENTED_EDGE('',*,*,#3509,.F.);
#558=ORIENTED_EDGE('',*,*,#3510,.T.);
#559=ORIENTED_EDGE('',*,*,#3511,.T.);
#560=ORIENTED_EDGE('',*,*,#3512,.F.);
#561=ORIENTED_EDGE('',*,*,#3513,.F.);
#562=ORIENTED_EDGE('',*,*,#3514,.F.);
#563=ORIENTED_EDGE('',*,*,#3515,.F.);
#564=ORIENTED_EDGE('',*,*,#3516,.F.);
#565=ORIENTED_EDGE('',*,*,#3517,.F.);
#566=ORIENTED_EDGE('',*,*,#3518,.T.);
#567=ORIENTED_EDGE('',*,*,#3519,.T.);
#568=ORIENTED_EDGE('',*,*,#3520,.F.);
#569=ORIENTED_EDGE('',*,*,#3521,.T.);
#570=ORIENTED_EDGE('',*,*,#3522,.T.);
#571=ORIENTED_EDGE('',*,*,#3523,.T.);
#572=ORIENTED_EDGE('',*,*,#3524,.T.);
#573=ORIENTED_EDGE('',*,*,#3525,.F.);
#574=ORIENTED_EDGE('',*,*,#3526,.F.);
#575=ORIENTED_EDGE('',*,*,#3527,.T.);
#576=ORIENTED_EDGE('',*,*,#3528,.F.);
#577=ORIENTED_EDGE('',*,*,#3529,.F.);
#578=ORIENTED_EDGE('',*,*,#3530,.T.);
#579=ORIENTED_EDGE('',*,*,#3531,.T.);
#580=ORIENTED_EDGE('',*,*,#3532,.F.);
#581=ORIENTED_EDGE('',*,*,#3533,.F.);
#582=ORIENTED_EDGE('',*,*,#3534,.T.);
#583=ORIENTED_EDGE('',*,*,#3535,.T.);
#584=ORIENTED_EDGE('',*,*,#3536,.F.);
#585=ORIENTED_EDGE('',*,*,#3537,.F.);
#586=ORIENTED_EDGE('',*,*,#3538,.T.);
#587=ORIENTED_EDGE('',*,*,#3539,.T.);
#588=ORIENTED_EDGE('',*,*,#3540,.F.);
#589=ORIENTED_EDGE('',*,*,#3541,.T.);
#590=ORIENTED_EDGE('',*,*,#3542,.T.);
#591=ORIENTED_EDGE('',*,*,#3543,.T.);
#592=ORIENTED_EDGE('',*,*,#3544,.F.);
#593=ORIENTED_EDGE('',*,*,#3545,.F.);
#594=ORIENTED_EDGE('',*,*,#3546,.F.);
#595=ORIENTED_EDGE('',*,*,#3547,.T.);
#596=ORIENTED_EDGE('',*,*,#3548,.T.);
#597=ORIENTED_EDGE('',*,*,#3549,.F.);
#598=ORIENTED_EDGE('',*,*,#3550,.T.);
#599=ORIENTED_EDGE('',*,*,#3551,.F.);
#600=ORIENTED_EDGE('',*,*,#3552,.T.);
#601=ORIENTED_EDGE('',*,*,#3553,.F.);
#602=ORIENTED_EDGE('',*,*,#3554,.F.);
#603=ORIENTED_EDGE('',*,*,#3555,.T.);
#604=ORIENTED_EDGE('',*,*,#3556,.T.);
#605=ORIENTED_EDGE('',*,*,#3557,.T.);
#606=ORIENTED_EDGE('',*,*,#3558,.T.);
#607=ORIENTED_EDGE('',*,*,#3559,.T.);
#608=ORIENTED_EDGE('',*,*,#3560,.F.);
#609=ORIENTED_EDGE('',*,*,#3561,.T.);
#610=ORIENTED_EDGE('',*,*,#3562,.T.);
#611=ORIENTED_EDGE('',*,*,#3563,.T.);
#612=ORIENTED_EDGE('',*,*,#3564,.T.);
#613=ORIENTED_EDGE('',*,*,#3565,.T.);
#614=ORIENTED_EDGE('',*,*,#3566,.F.);
#615=ORIENTED_EDGE('',*,*,#3567,.T.);
#616=ORIENTED_EDGE('',*,*,#3568,.T.);
#617=ORIENTED_EDGE('',*,*,#3549,.T.);
#618=ORIENTED_EDGE('',*,*,#3569,.T.);
#619=ORIENTED_EDGE('',*,*,#3570,.F.);
#620=ORIENTED_EDGE('',*,*,#3571,.F.);
#621=ORIENTED_EDGE('',*,*,#3572,.T.);
#622=ORIENTED_EDGE('',*,*,#3573,.F.);
#623=ORIENTED_EDGE('',*,*,#3574,.F.);
#624=ORIENTED_EDGE('',*,*,#3575,.F.);
#625=ORIENTED_EDGE('',*,*,#3576,.T.);
#626=ORIENTED_EDGE('',*,*,#3577,.T.);
#627=ORIENTED_EDGE('',*,*,#3578,.T.);
#628=ORIENTED_EDGE('',*,*,#3579,.T.);
#629=ORIENTED_EDGE('',*,*,#3580,.T.);
#630=ORIENTED_EDGE('',*,*,#3581,.F.);
#631=ORIENTED_EDGE('',*,*,#3582,.T.);
#632=ORIENTED_EDGE('',*,*,#3583,.T.);
#633=ORIENTED_EDGE('',*,*,#3584,.T.);
#634=ORIENTED_EDGE('',*,*,#3585,.T.);
#635=ORIENTED_EDGE('',*,*,#3586,.T.);
#636=ORIENTED_EDGE('',*,*,#3587,.T.);
#637=ORIENTED_EDGE('',*,*,#3588,.T.);
#638=ORIENTED_EDGE('',*,*,#3589,.F.);
#639=ORIENTED_EDGE('',*,*,#3590,.F.);
#640=ORIENTED_EDGE('',*,*,#3591,.F.);
#641=ORIENTED_EDGE('',*,*,#3592,.T.);
#642=ORIENTED_EDGE('',*,*,#3593,.T.);
#643=ORIENTED_EDGE('',*,*,#3594,.T.);
#644=ORIENTED_EDGE('',*,*,#3595,.T.);
#645=ORIENTED_EDGE('',*,*,#3596,.F.);
#646=ORIENTED_EDGE('',*,*,#3597,.F.);
#647=ORIENTED_EDGE('',*,*,#3598,.F.);
#648=ORIENTED_EDGE('',*,*,#3508,.F.);
#649=ORIENTED_EDGE('',*,*,#3599,.F.);
#650=ORIENTED_EDGE('',*,*,#3600,.F.);
#651=ORIENTED_EDGE('',*,*,#3601,.F.);
#652=ORIENTED_EDGE('',*,*,#3602,.F.);
#653=ORIENTED_EDGE('',*,*,#3603,.F.);
#654=ORIENTED_EDGE('',*,*,#3604,.F.);
#655=ORIENTED_EDGE('',*,*,#3605,.T.);
#656=ORIENTED_EDGE('',*,*,#3606,.T.);
#657=ORIENTED_EDGE('',*,*,#3607,.F.);
#658=ORIENTED_EDGE('',*,*,#3556,.F.);
#659=ORIENTED_EDGE('',*,*,#3608,.T.);
#660=ORIENTED_EDGE('',*,*,#3609,.F.);
#661=ORIENTED_EDGE('',*,*,#3610,.T.);
#662=ORIENTED_EDGE('',*,*,#3611,.F.);
#663=ORIENTED_EDGE('',*,*,#3612,.T.);
#664=ORIENTED_EDGE('',*,*,#3613,.F.);
#665=ORIENTED_EDGE('',*,*,#3614,.T.);
#666=ORIENTED_EDGE('',*,*,#3615,.T.);
#667=ORIENTED_EDGE('',*,*,#3616,.F.);
#668=ORIENTED_EDGE('',*,*,#3617,.F.);
#669=ORIENTED_EDGE('',*,*,#3618,.T.);
#670=ORIENTED_EDGE('',*,*,#3619,.T.);
#671=ORIENTED_EDGE('',*,*,#3620,.T.);
#672=ORIENTED_EDGE('',*,*,#3621,.T.);
#673=ORIENTED_EDGE('',*,*,#3622,.T.);
#674=ORIENTED_EDGE('',*,*,#3546,.T.);
#675=ORIENTED_EDGE('',*,*,#3623,.F.);
#676=ORIENTED_EDGE('',*,*,#3624,.F.);
#677=ORIENTED_EDGE('',*,*,#3625,.T.);
#678=ORIENTED_EDGE('',*,*,#3626,.T.);
#679=ORIENTED_EDGE('',*,*,#3627,.F.);
#680=ORIENTED_EDGE('',*,*,#3628,.F.);
#681=ORIENTED_EDGE('',*,*,#3629,.F.);
#682=ORIENTED_EDGE('',*,*,#3630,.F.);
#683=ORIENTED_EDGE('',*,*,#3631,.T.);
#684=ORIENTED_EDGE('',*,*,#3632,.T.);
#685=ORIENTED_EDGE('',*,*,#3531,.F.);
#686=ORIENTED_EDGE('',*,*,#3633,.T.);
#687=ORIENTED_EDGE('',*,*,#3634,.T.);
#688=ORIENTED_EDGE('',*,*,#3635,.F.);
#689=ORIENTED_EDGE('',*,*,#3636,.F.);
#690=ORIENTED_EDGE('',*,*,#3637,.T.);
#691=ORIENTED_EDGE('',*,*,#3638,.T.);
#692=ORIENTED_EDGE('',*,*,#3639,.T.);
#693=ORIENTED_EDGE('',*,*,#3640,.T.);
#694=ORIENTED_EDGE('',*,*,#3641,.T.);
#695=ORIENTED_EDGE('',*,*,#3642,.T.);
#696=ORIENTED_EDGE('',*,*,#3643,.T.);
#697=ORIENTED_EDGE('',*,*,#3644,.F.);
#698=ORIENTED_EDGE('',*,*,#3645,.T.);
#699=ORIENTED_EDGE('',*,*,#3646,.T.);
#700=ORIENTED_EDGE('',*,*,#3647,.T.);
#701=ORIENTED_EDGE('',*,*,#3648,.F.);
#702=ORIENTED_EDGE('',*,*,#3649,.T.);
#703=ORIENTED_EDGE('',*,*,#3650,.F.);
#704=ORIENTED_EDGE('',*,*,#3651,.F.);
#705=ORIENTED_EDGE('',*,*,#3652,.T.);
#706=ORIENTED_EDGE('',*,*,#3653,.T.);
#707=ORIENTED_EDGE('',*,*,#3654,.T.);
#708=ORIENTED_EDGE('',*,*,#3611,.T.);
#709=ORIENTED_EDGE('',*,*,#3655,.T.);
#710=ORIENTED_EDGE('',*,*,#3656,.T.);
#711=ORIENTED_EDGE('',*,*,#3657,.F.);
#712=ORIENTED_EDGE('',*,*,#3658,.F.);
#713=ORIENTED_EDGE('',*,*,#3659,.T.);
#714=ORIENTED_EDGE('',*,*,#3660,.F.);
#715=ORIENTED_EDGE('',*,*,#3661,.T.);
#716=ORIENTED_EDGE('',*,*,#3662,.T.);
#717=ORIENTED_EDGE('',*,*,#3663,.T.);
#718=ORIENTED_EDGE('',*,*,#3664,.T.);
#719=ORIENTED_EDGE('',*,*,#3665,.T.);
#720=ORIENTED_EDGE('',*,*,#3666,.F.);
#721=ORIENTED_EDGE('',*,*,#3667,.T.);
#722=ORIENTED_EDGE('',*,*,#3668,.T.);
#723=ORIENTED_EDGE('',*,*,#3669,.T.);
#724=ORIENTED_EDGE('',*,*,#3670,.T.);
#725=ORIENTED_EDGE('',*,*,#3671,.F.);
#726=ORIENTED_EDGE('',*,*,#3672,.F.);
#727=ORIENTED_EDGE('',*,*,#3673,.T.);
#728=ORIENTED_EDGE('',*,*,#3674,.T.);
#729=ORIENTED_EDGE('',*,*,#3675,.T.);
#730=ORIENTED_EDGE('',*,*,#3676,.F.);
#731=ORIENTED_EDGE('',*,*,#3677,.T.);
#732=ORIENTED_EDGE('',*,*,#3678,.F.);
#733=ORIENTED_EDGE('',*,*,#3679,.T.);
#734=ORIENTED_EDGE('',*,*,#3680,.F.);
#735=ORIENTED_EDGE('',*,*,#3681,.T.);
#736=ORIENTED_EDGE('',*,*,#3682,.F.);
#737=ORIENTED_EDGE('',*,*,#3683,.T.);
#738=ORIENTED_EDGE('',*,*,#3684,.T.);
#739=ORIENTED_EDGE('',*,*,#3685,.T.);
#740=ORIENTED_EDGE('',*,*,#3629,.T.);
#741=ORIENTED_EDGE('',*,*,#3686,.F.);
#742=ORIENTED_EDGE('',*,*,#3687,.T.);
#743=ORIENTED_EDGE('',*,*,#3688,.T.);
#744=ORIENTED_EDGE('',*,*,#3689,.F.);
#745=ORIENTED_EDGE('',*,*,#3690,.T.);
#746=ORIENTED_EDGE('',*,*,#3691,.T.);
#747=ORIENTED_EDGE('',*,*,#3692,.T.);
#748=ORIENTED_EDGE('',*,*,#3693,.T.);
#749=ORIENTED_EDGE('',*,*,#3694,.F.);
#750=ORIENTED_EDGE('',*,*,#3695,.F.);
#751=ORIENTED_EDGE('',*,*,#3627,.T.);
#752=ORIENTED_EDGE('',*,*,#3696,.T.);
#753=ORIENTED_EDGE('',*,*,#3697,.F.);
#754=ORIENTED_EDGE('',*,*,#3698,.T.);
#755=ORIENTED_EDGE('',*,*,#3699,.T.);
#756=ORIENTED_EDGE('',*,*,#3700,.T.);
#757=ORIENTED_EDGE('',*,*,#3504,.T.);
#758=ORIENTED_EDGE('',*,*,#3701,.T.);
#759=ORIENTED_EDGE('',*,*,#3702,.T.);
#760=ORIENTED_EDGE('',*,*,#3703,.T.);
#761=ORIENTED_EDGE('',*,*,#3704,.T.);
#762=ORIENTED_EDGE('',*,*,#3705,.T.);
#763=ORIENTED_EDGE('',*,*,#3706,.F.);
#764=ORIENTED_EDGE('',*,*,#3707,.F.);
#765=ORIENTED_EDGE('',*,*,#3622,.F.);
#766=ORIENTED_EDGE('',*,*,#3708,.F.);
#767=ORIENTED_EDGE('',*,*,#3709,.F.);
#768=ORIENTED_EDGE('',*,*,#3543,.F.);
#769=ORIENTED_EDGE('',*,*,#3710,.F.);
#770=ORIENTED_EDGE('',*,*,#3711,.F.);
#771=ORIENTED_EDGE('',*,*,#3547,.F.);
#772=ORIENTED_EDGE('',*,*,#3712,.F.);
#773=ORIENTED_EDGE('',*,*,#3713,.F.);
#774=ORIENTED_EDGE('',*,*,#3704,.F.);
#775=ORIENTED_EDGE('',*,*,#3714,.F.);
#776=ORIENTED_EDGE('',*,*,#3715,.F.);
#777=ORIENTED_EDGE('',*,*,#3523,.F.);
#778=ORIENTED_EDGE('',*,*,#3716,.F.);
#779=ORIENTED_EDGE('',*,*,#3717,.F.);
#780=ORIENTED_EDGE('',*,*,#3718,.F.);
#781=ORIENTED_EDGE('',*,*,#3719,.F.);
#782=ORIENTED_EDGE('',*,*,#3720,.F.);
#783=ORIENTED_EDGE('',*,*,#3721,.F.);
#784=ORIENTED_EDGE('',*,*,#3722,.F.);
#785=ORIENTED_EDGE('',*,*,#3723,.F.);
#786=ORIENTED_EDGE('',*,*,#3502,.F.);
#787=ORIENTED_EDGE('',*,*,#3724,.F.);
#788=ORIENTED_EDGE('',*,*,#3725,.F.);
#789=ORIENTED_EDGE('',*,*,#3726,.F.);
#790=ORIENTED_EDGE('',*,*,#3727,.F.);
#791=ORIENTED_EDGE('',*,*,#3728,.F.);
#792=ORIENTED_EDGE('',*,*,#3729,.F.);
#793=ORIENTED_EDGE('',*,*,#3510,.F.);
#794=ORIENTED_EDGE('',*,*,#3730,.F.);
#795=ORIENTED_EDGE('',*,*,#3731,.F.);
#796=ORIENTED_EDGE('',*,*,#3732,.F.);
#797=ORIENTED_EDGE('',*,*,#3733,.F.);
#798=ORIENTED_EDGE('',*,*,#3734,.F.);
#799=ORIENTED_EDGE('',*,*,#3735,.F.);
#800=ORIENTED_EDGE('',*,*,#3736,.F.);
#801=ORIENTED_EDGE('',*,*,#3737,.F.);
#802=ORIENTED_EDGE('',*,*,#3738,.F.);
#803=ORIENTED_EDGE('',*,*,#3739,.F.);
#804=ORIENTED_EDGE('',*,*,#3740,.F.);
#805=ORIENTED_EDGE('',*,*,#3741,.F.);
#806=ORIENTED_EDGE('',*,*,#3742,.F.);
#807=ORIENTED_EDGE('',*,*,#3743,.T.);
#808=ORIENTED_EDGE('',*,*,#3744,.F.);
#809=ORIENTED_EDGE('',*,*,#3745,.F.);
#810=ORIENTED_EDGE('',*,*,#3746,.F.);
#811=ORIENTED_EDGE('',*,*,#3747,.F.);
#812=ORIENTED_EDGE('',*,*,#3748,.F.);
#813=ORIENTED_EDGE('',*,*,#3749,.F.);
#814=ORIENTED_EDGE('',*,*,#3750,.F.);
#815=ORIENTED_EDGE('',*,*,#3751,.F.);
#816=ORIENTED_EDGE('',*,*,#3752,.F.);
#817=ORIENTED_EDGE('',*,*,#3753,.F.);
#818=ORIENTED_EDGE('',*,*,#3754,.F.);
#819=ORIENTED_EDGE('',*,*,#3755,.F.);
#820=ORIENTED_EDGE('',*,*,#3756,.F.);
#821=ORIENTED_EDGE('',*,*,#3614,.F.);
#822=ORIENTED_EDGE('',*,*,#3757,.F.);
#823=ORIENTED_EDGE('',*,*,#3758,.F.);
#824=ORIENTED_EDGE('',*,*,#3759,.F.);
#825=ORIENTED_EDGE('',*,*,#3655,.F.);
#826=ORIENTED_EDGE('',*,*,#3760,.F.);
#827=ORIENTED_EDGE('',*,*,#3761,.F.);
#828=ORIENTED_EDGE('',*,*,#3762,.F.);
#829=ORIENTED_EDGE('',*,*,#3717,.T.);
#830=ORIENTED_EDGE('',*,*,#3763,.T.);
#831=ORIENTED_EDGE('',*,*,#3764,.F.);
#832=ORIENTED_EDGE('',*,*,#3765,.T.);
#833=ORIENTED_EDGE('',*,*,#3766,.F.);
#834=ORIENTED_EDGE('',*,*,#3767,.F.);
#835=ORIENTED_EDGE('',*,*,#3768,.T.);
#836=ORIENTED_EDGE('',*,*,#3769,.F.);
#837=ORIENTED_EDGE('',*,*,#3770,.T.);
#838=ORIENTED_EDGE('',*,*,#3771,.T.);
#839=ORIENTED_EDGE('',*,*,#3772,.T.);
#840=ORIENTED_EDGE('',*,*,#3680,.T.);
#841=ORIENTED_EDGE('',*,*,#3773,.F.);
#842=ORIENTED_EDGE('',*,*,#3774,.T.);
#843=ORIENTED_EDGE('',*,*,#3775,.T.);
#844=ORIENTED_EDGE('',*,*,#3776,.T.);
#845=ORIENTED_EDGE('',*,*,#3777,.F.);
#846=ORIENTED_EDGE('',*,*,#3778,.F.);
#847=ORIENTED_EDGE('',*,*,#3635,.T.);
#848=ORIENTED_EDGE('',*,*,#3779,.F.);
#849=ORIENTED_EDGE('',*,*,#3780,.F.);
#850=ORIENTED_EDGE('',*,*,#3781,.F.);
#851=ORIENTED_EDGE('',*,*,#3506,.F.);
#852=ORIENTED_EDGE('',*,*,#3782,.F.);
#853=ORIENTED_EDGE('',*,*,#3783,.F.);
#854=ORIENTED_EDGE('',*,*,#3784,.F.);
#855=ORIENTED_EDGE('',*,*,#3785,.T.);
#856=ORIENTED_EDGE('',*,*,#3533,.T.);
#857=ORIENTED_EDGE('',*,*,#3786,.F.);
#858=ORIENTED_EDGE('',*,*,#3787,.T.);
#859=ORIENTED_EDGE('',*,*,#3788,.F.);
#860=ORIENTED_EDGE('',*,*,#3789,.T.);
#861=ORIENTED_EDGE('',*,*,#3790,.F.);
#862=ORIENTED_EDGE('',*,*,#3742,.T.);
#863=ORIENTED_EDGE('',*,*,#3791,.F.);
#864=ORIENTED_EDGE('',*,*,#3649,.F.);
#865=ORIENTED_EDGE('',*,*,#3535,.F.);
#866=ORIENTED_EDGE('',*,*,#3792,.T.);
#867=ORIENTED_EDGE('',*,*,#3793,.T.);
#868=ORIENTED_EDGE('',*,*,#3794,.F.);
#869=ORIENTED_EDGE('',*,*,#3795,.F.);
#870=ORIENTED_EDGE('',*,*,#3796,.T.);
#871=ORIENTED_EDGE('',*,*,#3797,.F.);
#872=ORIENTED_EDGE('',*,*,#3798,.F.);
#873=ORIENTED_EDGE('',*,*,#3799,.T.);
#874=ORIENTED_EDGE('',*,*,#3800,.F.);
#875=ORIENTED_EDGE('',*,*,#3801,.F.);
#876=ORIENTED_EDGE('',*,*,#3565,.F.);
#877=ORIENTED_EDGE('',*,*,#3802,.F.);
#878=ORIENTED_EDGE('',*,*,#3803,.F.);
#879=ORIENTED_EDGE('',*,*,#3804,.F.);
#880=ORIENTED_EDGE('',*,*,#3805,.F.);
#881=ORIENTED_EDGE('',*,*,#3638,.F.);
#882=ORIENTED_EDGE('',*,*,#3806,.F.);
#883=ORIENTED_EDGE('',*,*,#3807,.T.);
#884=ORIENTED_EDGE('',*,*,#3808,.T.);
#885=ORIENTED_EDGE('',*,*,#3809,.T.);
#886=ORIENTED_EDGE('',*,*,#3810,.T.);
#887=ORIENTED_EDGE('',*,*,#3811,.T.);
#888=ORIENTED_EDGE('',*,*,#3812,.F.);
#889=ORIENTED_EDGE('',*,*,#3813,.T.);
#890=ORIENTED_EDGE('',*,*,#3814,.T.);
#891=ORIENTED_EDGE('',*,*,#3815,.T.);
#892=ORIENTED_EDGE('',*,*,#3816,.F.);
#893=ORIENTED_EDGE('',*,*,#3817,.F.);
#894=ORIENTED_EDGE('',*,*,#3766,.T.);
#895=ORIENTED_EDGE('',*,*,#3818,.F.);
#896=ORIENTED_EDGE('',*,*,#3819,.F.);
#897=ORIENTED_EDGE('',*,*,#3820,.F.);
#898=ORIENTED_EDGE('',*,*,#3659,.F.);
#899=ORIENTED_EDGE('',*,*,#3821,.F.);
#900=ORIENTED_EDGE('',*,*,#3822,.F.);
#901=ORIENTED_EDGE('',*,*,#3823,.F.);
#902=ORIENTED_EDGE('',*,*,#3824,.T.);
#903=ORIENTED_EDGE('',*,*,#3791,.T.);
#904=ORIENTED_EDGE('',*,*,#3825,.T.);
#905=ORIENTED_EDGE('',*,*,#3826,.T.);
#906=ORIENTED_EDGE('',*,*,#3827,.F.);
#907=ORIENTED_EDGE('',*,*,#3828,.T.);
#908=ORIENTED_EDGE('',*,*,#3829,.T.);
#909=ORIENTED_EDGE('',*,*,#3797,.T.);
#910=ORIENTED_EDGE('',*,*,#3830,.T.);
#911=ORIENTED_EDGE('',*,*,#3831,.T.);
#912=ORIENTED_EDGE('',*,*,#3832,.T.);
#913=ORIENTED_EDGE('',*,*,#3833,.T.);
#914=ORIENTED_EDGE('',*,*,#3751,.T.);
#915=ORIENTED_EDGE('',*,*,#3834,.T.);
#916=ORIENTED_EDGE('',*,*,#3832,.F.);
#917=ORIENTED_EDGE('',*,*,#3835,.F.);
#918=ORIENTED_EDGE('',*,*,#3836,.T.);
#919=ORIENTED_EDGE('',*,*,#3837,.F.);
#920=ORIENTED_EDGE('',*,*,#3838,.T.);
#921=ORIENTED_EDGE('',*,*,#3839,.T.);
#922=ORIENTED_EDGE('',*,*,#3840,.F.);
#923=ORIENTED_EDGE('',*,*,#3841,.T.);
#924=ORIENTED_EDGE('',*,*,#3842,.T.);
#925=ORIENTED_EDGE('',*,*,#3843,.F.);
#926=ORIENTED_EDGE('',*,*,#3582,.F.);
#927=ORIENTED_EDGE('',*,*,#3844,.F.);
#928=ORIENTED_EDGE('',*,*,#3845,.T.);
#929=ORIENTED_EDGE('',*,*,#3846,.F.);
#930=ORIENTED_EDGE('',*,*,#3847,.F.);
#931=ORIENTED_EDGE('',*,*,#3848,.F.);
#932=ORIENTED_EDGE('',*,*,#3849,.F.);
#933=ORIENTED_EDGE('',*,*,#3748,.T.);
#934=ORIENTED_EDGE('',*,*,#3850,.T.);
#935=ORIENTED_EDGE('',*,*,#3851,.F.);
#936=ORIENTED_EDGE('',*,*,#3852,.F.);
#937=ORIENTED_EDGE('',*,*,#3853,.F.);
#938=ORIENTED_EDGE('',*,*,#3681,.F.);
#939=ORIENTED_EDGE('',*,*,#3772,.F.);
#940=ORIENTED_EDGE('',*,*,#3854,.F.);
#941=ORIENTED_EDGE('',*,*,#3855,.F.);
#942=ORIENTED_EDGE('',*,*,#3690,.F.);
#943=ORIENTED_EDGE('',*,*,#3856,.F.);
#944=ORIENTED_EDGE('',*,*,#3857,.F.);
#945=ORIENTED_EDGE('',*,*,#3822,.T.);
#946=ORIENTED_EDGE('',*,*,#3858,.T.);
#947=ORIENTED_EDGE('',*,*,#3859,.F.);
#948=ORIENTED_EDGE('',*,*,#3860,.F.);
#949=ORIENTED_EDGE('',*,*,#3861,.T.);
#950=ORIENTED_EDGE('',*,*,#3862,.T.);
#951=ORIENTED_EDGE('',*,*,#3863,.F.);
#952=ORIENTED_EDGE('',*,*,#3864,.T.);
#953=ORIENTED_EDGE('',*,*,#3865,.T.);
#954=ORIENTED_EDGE('',*,*,#3663,.F.);
#955=ORIENTED_EDGE('',*,*,#3866,.F.);
#956=ORIENTED_EDGE('',*,*,#3656,.F.);
#957=ORIENTED_EDGE('',*,*,#3759,.T.);
#958=ORIENTED_EDGE('',*,*,#3867,.T.);
#959=ORIENTED_EDGE('',*,*,#3868,.F.);
#960=ORIENTED_EDGE('',*,*,#3869,.F.);
#961=ORIENTED_EDGE('',*,*,#3870,.F.);
#962=ORIENTED_EDGE('',*,*,#3612,.F.);
#963=ORIENTED_EDGE('',*,*,#3654,.F.);
#964=ORIENTED_EDGE('',*,*,#3871,.F.);
#965=ORIENTED_EDGE('',*,*,#3872,.T.);
#966=ORIENTED_EDGE('',*,*,#3873,.T.);
#967=ORIENTED_EDGE('',*,*,#3874,.T.);
#968=ORIENTED_EDGE('',*,*,#3875,.F.);
#969=ORIENTED_EDGE('',*,*,#3876,.T.);
#970=ORIENTED_EDGE('',*,*,#3877,.T.);
#971=ORIENTED_EDGE('',*,*,#3788,.T.);
#972=ORIENTED_EDGE('',*,*,#3878,.T.);
#973=ORIENTED_EDGE('',*,*,#3879,.T.);
#974=ORIENTED_EDGE('',*,*,#3880,.T.);
#975=ORIENTED_EDGE('',*,*,#3881,.T.);
#976=ORIENTED_EDGE('',*,*,#3706,.T.);
#977=ORIENTED_EDGE('',*,*,#3882,.T.);
#978=ORIENTED_EDGE('',*,*,#3868,.T.);
#979=ORIENTED_EDGE('',*,*,#3883,.T.);
#980=ORIENTED_EDGE('',*,*,#3884,.T.);
#981=ORIENTED_EDGE('',*,*,#3731,.T.);
#982=ORIENTED_EDGE('',*,*,#3885,.T.);
#983=ORIENTED_EDGE('',*,*,#3886,.F.);
#984=ORIENTED_EDGE('',*,*,#3887,.T.);
#985=ORIENTED_EDGE('',*,*,#3796,.F.);
#986=ORIENTED_EDGE('',*,*,#3888,.T.);
#987=ORIENTED_EDGE('',*,*,#3889,.T.);
#988=ORIENTED_EDGE('',*,*,#3890,.F.);
#989=ORIENTED_EDGE('',*,*,#3828,.F.);
#990=ORIENTED_EDGE('',*,*,#3891,.T.);
#991=ORIENTED_EDGE('',*,*,#3892,.T.);
#992=ORIENTED_EDGE('',*,*,#3871,.T.);
#993=ORIENTED_EDGE('',*,*,#3653,.F.);
#994=ORIENTED_EDGE('',*,*,#3893,.T.);
#995=ORIENTED_EDGE('',*,*,#3894,.T.);
#996=ORIENTED_EDGE('',*,*,#3895,.T.);
#997=ORIENTED_EDGE('',*,*,#3896,.F.);
#998=ORIENTED_EDGE('',*,*,#3897,.T.);
#999=ORIENTED_EDGE('',*,*,#3596,.T.);
#1000=ORIENTED_EDGE('',*,*,#3898,.T.);
#1001=ORIENTED_EDGE('',*,*,#3899,.F.);
#1002=ORIENTED_EDGE('',*,*,#3900,.F.);
#1003=ORIENTED_EDGE('',*,*,#3901,.T.);
#1004=ORIENTED_EDGE('',*,*,#3902,.T.);
#1005=ORIENTED_EDGE('',*,*,#3903,.T.);
#1006=ORIENTED_EDGE('',*,*,#3753,.T.);
#1007=ORIENTED_EDGE('',*,*,#3904,.T.);
#1008=ORIENTED_EDGE('',*,*,#3905,.F.);
#1009=ORIENTED_EDGE('',*,*,#3906,.F.);
#1010=ORIENTED_EDGE('',*,*,#3817,.T.);
#1011=ORIENTED_EDGE('',*,*,#3907,.T.);
#1012=ORIENTED_EDGE('',*,*,#3908,.T.);
#1013=ORIENTED_EDGE('',*,*,#3767,.T.);
#1014=ORIENTED_EDGE('',*,*,#3909,.T.);
#1015=ORIENTED_EDGE('',*,*,#3910,.F.);
#1016=ORIENTED_EDGE('',*,*,#3911,.F.);
#1017=ORIENTED_EDGE('',*,*,#3912,.F.);
#1018=ORIENTED_EDGE('',*,*,#3913,.T.);
#1019=ORIENTED_EDGE('',*,*,#3914,.T.);
#1020=ORIENTED_EDGE('',*,*,#3915,.T.);
#1021=ORIENTED_EDGE('',*,*,#3916,.F.);
#1022=ORIENTED_EDGE('',*,*,#3917,.F.);
#1023=ORIENTED_EDGE('',*,*,#3674,.F.);
#1024=ORIENTED_EDGE('',*,*,#3918,.F.);
#1025=ORIENTED_EDGE('',*,*,#3919,.T.);
#1026=ORIENTED_EDGE('',*,*,#3920,.T.);
#1027=ORIENTED_EDGE('',*,*,#3921,.T.);
#1028=ORIENTED_EDGE('',*,*,#3667,.F.);
#1029=ORIENTED_EDGE('',*,*,#3922,.T.);
#1030=ORIENTED_EDGE('',*,*,#3860,.T.);
#1031=ORIENTED_EDGE('',*,*,#3666,.T.);
#1032=ORIENTED_EDGE('',*,*,#3923,.T.);
#1033=ORIENTED_EDGE('',*,*,#3924,.T.);
#1034=ORIENTED_EDGE('',*,*,#3925,.T.);
#1035=ORIENTED_EDGE('',*,*,#3926,.T.);
#1036=ORIENTED_EDGE('',*,*,#3927,.T.);
#1037=ORIENTED_EDGE('',*,*,#3928,.F.);
#1038=ORIENTED_EDGE('',*,*,#3929,.T.);
#1039=ORIENTED_EDGE('',*,*,#3930,.T.);
#1040=ORIENTED_EDGE('',*,*,#3931,.T.);
#1041=ORIENTED_EDGE('',*,*,#3932,.T.);
#1042=ORIENTED_EDGE('',*,*,#3854,.T.);
#1043=ORIENTED_EDGE('',*,*,#3771,.F.);
#1044=ORIENTED_EDGE('',*,*,#3933,.T.);
#1045=ORIENTED_EDGE('',*,*,#3695,.T.);
#1046=ORIENTED_EDGE('',*,*,#3934,.F.);
#1047=ORIENTED_EDGE('',*,*,#3862,.F.);
#1048=ORIENTED_EDGE('',*,*,#3935,.F.);
#1049=ORIENTED_EDGE('',*,*,#3514,.T.);
#1050=ORIENTED_EDGE('',*,*,#3936,.F.);
#1051=ORIENTED_EDGE('',*,*,#3937,.T.);
#1052=ORIENTED_EDGE('',*,*,#3938,.F.);
#1053=ORIENTED_EDGE('',*,*,#3939,.F.);
#1054=ORIENTED_EDGE('',*,*,#3940,.T.);
#1055=ORIENTED_EDGE('',*,*,#3628,.T.);
#1056=ORIENTED_EDGE('',*,*,#3933,.F.);
#1057=ORIENTED_EDGE('',*,*,#3941,.T.);
#1058=ORIENTED_EDGE('',*,*,#3669,.F.);
#1059=ORIENTED_EDGE('',*,*,#3942,.T.);
#1060=ORIENTED_EDGE('',*,*,#3943,.F.);
#1061=ORIENTED_EDGE('',*,*,#3808,.F.);
#1062=ORIENTED_EDGE('',*,*,#3944,.T.);
#1063=ORIENTED_EDGE('',*,*,#3945,.T.);
#1064=ORIENTED_EDGE('',*,*,#3946,.F.);
#1065=ORIENTED_EDGE('',*,*,#3904,.F.);
#1066=ORIENTED_EDGE('',*,*,#3752,.T.);
#1067=ORIENTED_EDGE('',*,*,#3835,.T.);
#1068=ORIENTED_EDGE('',*,*,#3831,.F.);
#1069=ORIENTED_EDGE('',*,*,#3947,.F.);
#1070=ORIENTED_EDGE('',*,*,#3948,.F.);
#1071=ORIENTED_EDGE('',*,*,#3949,.F.);
#1072=ORIENTED_EDGE('',*,*,#3950,.F.);
#1073=ORIENTED_EDGE('',*,*,#3951,.F.);
#1074=ORIENTED_EDGE('',*,*,#3723,.T.);
#1075=ORIENTED_EDGE('',*,*,#3952,.T.);
#1076=ORIENTED_EDGE('',*,*,#3701,.F.);
#1077=ORIENTED_EDGE('',*,*,#3503,.F.);
#1078=ORIENTED_EDGE('',*,*,#3953,.F.);
#1079=ORIENTED_EDGE('',*,*,#3919,.F.);
#1080=ORIENTED_EDGE('',*,*,#3559,.F.);
#1081=ORIENTED_EDGE('',*,*,#3744,.T.);
#1082=ORIENTED_EDGE('',*,*,#3783,.T.);
#1083=ORIENTED_EDGE('',*,*,#3954,.T.);
#1084=ORIENTED_EDGE('',*,*,#3597,.T.);
#1085=ORIENTED_EDGE('',*,*,#3955,.T.);
#1086=ORIENTED_EDGE('',*,*,#3733,.T.);
#1087=ORIENTED_EDGE('',*,*,#3956,.T.);
#1088=ORIENTED_EDGE('',*,*,#3618,.F.);
#1089=ORIENTED_EDGE('',*,*,#3957,.F.);
#1090=ORIENTED_EDGE('',*,*,#3958,.T.);
#1091=ORIENTED_EDGE('',*,*,#3959,.T.);
#1092=ORIENTED_EDGE('',*,*,#3948,.T.);
#1093=ORIENTED_EDGE('',*,*,#3960,.F.);
#1094=ORIENTED_EDGE('',*,*,#3961,.T.);
#1095=ORIENTED_EDGE('',*,*,#3551,.T.);
#1096=ORIENTED_EDGE('',*,*,#3962,.F.);
#1097=ORIENTED_EDGE('',*,*,#3963,.F.);
#1098=ORIENTED_EDGE('',*,*,#3964,.T.);
#1099=ORIENTED_EDGE('',*,*,#3965,.T.);
#1100=ORIENTED_EDGE('',*,*,#3966,.T.);
#1101=ORIENTED_EDGE('',*,*,#3967,.T.);
#1102=ORIENTED_EDGE('',*,*,#3837,.T.);
#1103=ORIENTED_EDGE('',*,*,#3525,.T.);
#1104=ORIENTED_EDGE('',*,*,#3968,.T.);
#1105=ORIENTED_EDGE('',*,*,#3764,.T.);
#1106=ORIENTED_EDGE('',*,*,#3969,.T.);
#1107=ORIENTED_EDGE('',*,*,#3722,.T.);
#1108=ORIENTED_EDGE('',*,*,#3970,.F.);
#1109=ORIENTED_EDGE('',*,*,#3971,.F.);
#1110=ORIENTED_EDGE('',*,*,#3972,.F.);
#1111=ORIENTED_EDGE('',*,*,#3973,.F.);
#1112=ORIENTED_EDGE('',*,*,#3516,.T.);
#1113=ORIENTED_EDGE('',*,*,#3974,.T.);
#1114=ORIENTED_EDGE('',*,*,#3689,.T.);
#1115=ORIENTED_EDGE('',*,*,#3975,.T.);
#1116=ORIENTED_EDGE('',*,*,#3976,.T.);
#1117=ORIENTED_EDGE('',*,*,#3761,.T.);
#1118=ORIENTED_EDGE('',*,*,#3977,.T.);
#1119=ORIENTED_EDGE('',*,*,#3646,.F.);
#1120=ORIENTED_EDGE('',*,*,#3978,.T.);
#1121=ORIENTED_EDGE('',*,*,#3979,.T.);
#1122=ORIENTED_EDGE('',*,*,#3980,.T.);
#1123=ORIENTED_EDGE('',*,*,#3981,.F.);
#1124=ORIENTED_EDGE('',*,*,#3982,.T.);
#1125=ORIENTED_EDGE('',*,*,#3983,.T.);
#1126=ORIENTED_EDGE('',*,*,#3984,.T.);
#1127=ORIENTED_EDGE('',*,*,#3985,.T.);
#1128=ORIENTED_EDGE('',*,*,#3986,.F.);
#1129=ORIENTED_EDGE('',*,*,#3737,.T.);
#1130=ORIENTED_EDGE('',*,*,#3987,.T.);
#1131=ORIENTED_EDGE('',*,*,#3585,.F.);
#1132=ORIENTED_EDGE('',*,*,#3988,.F.);
#1133=ORIENTED_EDGE('',*,*,#3989,.T.);
#1134=ORIENTED_EDGE('',*,*,#3812,.T.);
#1135=ORIENTED_EDGE('',*,*,#3990,.T.);
#1136=ORIENTED_EDGE('',*,*,#3894,.F.);
#1137=ORIENTED_EDGE('',*,*,#3991,.F.);
#1138=ORIENTED_EDGE('',*,*,#3992,.F.);
#1139=ORIENTED_EDGE('',*,*,#3993,.F.);
#1140=ORIENTED_EDGE('',*,*,#3994,.F.);
#1141=ORIENTED_EDGE('',*,*,#3754,.T.);
#1142=ORIENTED_EDGE('',*,*,#3906,.T.);
#1143=ORIENTED_EDGE('',*,*,#3995,.F.);
#1144=ORIENTED_EDGE('',*,*,#3996,.F.);
#1145=ORIENTED_EDGE('',*,*,#3997,.F.);
#1146=ORIENTED_EDGE('',*,*,#3675,.F.);
#1147=ORIENTED_EDGE('',*,*,#3998,.T.);
#1148=ORIENTED_EDGE('',*,*,#3581,.T.);
#1149=ORIENTED_EDGE('',*,*,#3999,.T.);
#1150=ORIENTED_EDGE('',*,*,#3684,.F.);
#1151=ORIENTED_EDGE('',*,*,#4000,.T.);
#1152=ORIENTED_EDGE('',*,*,#4001,.F.);
#1153=ORIENTED_EDGE('',*,*,#4002,.T.);
#1154=ORIENTED_EDGE('',*,*,#3644,.T.);
#1155=ORIENTED_EDGE('',*,*,#3942,.F.);
#1156=ORIENTED_EDGE('',*,*,#3668,.F.);
#1157=ORIENTED_EDGE('',*,*,#3921,.F.);
#1158=ORIENTED_EDGE('',*,*,#4003,.F.);
#1159=ORIENTED_EDGE('',*,*,#4004,.T.);
#1160=ORIENTED_EDGE('',*,*,#4005,.T.);
#1161=ORIENTED_EDGE('',*,*,#3671,.T.);
#1162=ORIENTED_EDGE('',*,*,#3917,.T.);
#1163=ORIENTED_EDGE('',*,*,#3953,.T.);
#1164=ORIENTED_EDGE('',*,*,#3743,.F.);
#1165=ORIENTED_EDGE('',*,*,#3790,.T.);
#1166=ORIENTED_EDGE('',*,*,#3648,.T.);
#1167=ORIENTED_EDGE('',*,*,#4006,.T.);
#1168=ORIENTED_EDGE('',*,*,#4007,.T.);
#1169=ORIENTED_EDGE('',*,*,#4008,.T.);
#1170=ORIENTED_EDGE('',*,*,#4009,.T.);
#1171=ORIENTED_EDGE('',*,*,#3823,.T.);
#1172=ORIENTED_EDGE('',*,*,#3857,.T.);
#1173=ORIENTED_EDGE('',*,*,#4010,.T.);
#1174=ORIENTED_EDGE('',*,*,#4011,.T.);
#1175=ORIENTED_EDGE('',*,*,#4012,.T.);
#1176=ORIENTED_EDGE('',*,*,#4013,.T.);
#1177=ORIENTED_EDGE('',*,*,#3591,.T.);
#1178=ORIENTED_EDGE('',*,*,#4014,.T.);
#1179=ORIENTED_EDGE('',*,*,#4015,.T.);
#1180=ORIENTED_EDGE('',*,*,#4016,.T.);
#1181=ORIENTED_EDGE('',*,*,#3912,.T.);
#1182=ORIENTED_EDGE('',*,*,#4017,.T.);
#1183=ORIENTED_EDGE('',*,*,#4018,.T.);
#1184=ORIENTED_EDGE('',*,*,#3818,.T.);
#1185=ORIENTED_EDGE('',*,*,#3769,.T.);
#1186=ORIENTED_EDGE('',*,*,#4019,.T.);
#1187=ORIENTED_EDGE('',*,*,#3573,.T.);
#1188=ORIENTED_EDGE('',*,*,#4020,.T.);
#1189=ORIENTED_EDGE('',*,*,#4021,.T.);
#1190=ORIENTED_EDGE('',*,*,#4022,.T.);
#1191=ORIENTED_EDGE('',*,*,#4023,.T.);
#1192=ORIENTED_EDGE('',*,*,#4024,.T.);
#1193=ORIENTED_EDGE('',*,*,#3609,.T.);
#1194=ORIENTED_EDGE('',*,*,#4025,.T.);
#1195=ORIENTED_EDGE('',*,*,#3846,.T.);
#1196=ORIENTED_EDGE('',*,*,#4026,.T.);
#1197=ORIENTED_EDGE('',*,*,#4027,.F.);
#1198=ORIENTED_EDGE('',*,*,#4028,.F.);
#1199=ORIENTED_EDGE('',*,*,#3625,.F.);
#1200=ORIENTED_EDGE('',*,*,#3940,.F.);
#1201=ORIENTED_EDGE('',*,*,#4029,.T.);
#1202=ORIENTED_EDGE('',*,*,#4030,.F.);
#1203=ORIENTED_EDGE('',*,*,#4031,.T.);
#1204=ORIENTED_EDGE('',*,*,#3923,.F.);
#1205=ORIENTED_EDGE('',*,*,#4032,.F.);
#1206=ORIENTED_EDGE('',*,*,#4033,.T.);
#1207=ORIENTED_EDGE('',*,*,#4034,.T.);
#1208=ORIENTED_EDGE('',*,*,#4035,.F.);
#1209=ORIENTED_EDGE('',*,*,#3720,.T.);
#1210=ORIENTED_EDGE('',*,*,#4036,.T.);
#1211=ORIENTED_EDGE('',*,*,#4037,.F.);
#1212=ORIENTED_EDGE('',*,*,#4038,.F.);
#1213=ORIENTED_EDGE('',*,*,#3623,.T.);
#1214=ORIENTED_EDGE('',*,*,#3545,.T.);
#1215=ORIENTED_EDGE('',*,*,#4039,.T.);
#1216=ORIENTED_EDGE('',*,*,#4040,.T.);
#1217=ORIENTED_EDGE('',*,*,#4041,.T.);
#1218=ORIENTED_EDGE('',*,*,#3896,.T.);
#1219=ORIENTED_EDGE('',*,*,#4042,.T.);
#1220=ORIENTED_EDGE('',*,*,#3914,.F.);
#1221=ORIENTED_EDGE('',*,*,#4043,.T.);
#1222=ORIENTED_EDGE('',*,*,#3900,.T.);
#1223=ORIENTED_EDGE('',*,*,#4044,.T.);
#1224=ORIENTED_EDGE('',*,*,#4045,.F.);
#1225=ORIENTED_EDGE('',*,*,#3528,.T.);
#1226=ORIENTED_EDGE('',*,*,#4046,.T.);
#1227=ORIENTED_EDGE('',*,*,#4047,.F.);
#1228=ORIENTED_EDGE('',*,*,#4048,.F.);
#1229=ORIENTED_EDGE('',*,*,#4049,.T.);
#1230=ORIENTED_EDGE('',*,*,#4050,.T.);
#1231=ORIENTED_EDGE('',*,*,#3673,.F.);
#1232=ORIENTED_EDGE('',*,*,#3979,.F.);
#1233=ORIENTED_EDGE('',*,*,#4051,.T.);
#1234=ORIENTED_EDGE('',*,*,#4052,.T.);
#1235=ORIENTED_EDGE('',*,*,#4053,.T.);
#1236=ORIENTED_EDGE('',*,*,#4054,.T.);
#1237=ORIENTED_EDGE('',*,*,#3869,.T.);
#1238=ORIENTED_EDGE('',*,*,#3882,.F.);
#1239=ORIENTED_EDGE('',*,*,#4055,.T.);
#1240=ORIENTED_EDGE('',*,*,#3613,.T.);
#1241=ORIENTED_EDGE('',*,*,#3870,.T.);
#1242=ORIENTED_EDGE('',*,*,#4054,.F.);
#1243=ORIENTED_EDGE('',*,*,#3937,.F.);
#1244=ORIENTED_EDGE('',*,*,#4056,.F.);
#1245=ORIENTED_EDGE('',*,*,#3976,.F.);
#1246=ORIENTED_EDGE('',*,*,#4057,.F.);
#1247=ORIENTED_EDGE('',*,*,#3918,.T.);
#1248=ORIENTED_EDGE('',*,*,#4052,.F.);
#1249=ORIENTED_EDGE('',*,*,#4058,.T.);
#1250=ORIENTED_EDGE('',*,*,#3560,.T.);
#1251=ORIENTED_EDGE('',*,*,#3739,.T.);
#1252=ORIENTED_EDGE('',*,*,#4059,.T.);
#1253=ORIENTED_EDGE('',*,*,#3587,.F.);
#1254=ORIENTED_EDGE('',*,*,#4060,.T.);
#1255=ORIENTED_EDGE('',*,*,#4055,.F.);
#1256=ORIENTED_EDGE('',*,*,#4053,.F.);
#1257=ORIENTED_EDGE('',*,*,#3884,.F.);
#1258=ORIENTED_EDGE('',*,*,#4061,.F.);
#1259=ORIENTED_EDGE('',*,*,#3757,.T.);
#1260=ORIENTED_EDGE('',*,*,#3617,.T.);
#1261=ORIENTED_EDGE('',*,*,#4062,.F.);
#1262=ORIENTED_EDGE('',*,*,#3891,.F.);
#1263=ORIENTED_EDGE('',*,*,#3652,.F.);
#1264=ORIENTED_EDGE('',*,*,#3610,.F.);
#1265=ORIENTED_EDGE('',*,*,#4063,.T.);
#1266=ORIENTED_EDGE('',*,*,#4064,.T.);
#1267=ORIENTED_EDGE('',*,*,#3520,.T.);
#1268=ORIENTED_EDGE('',*,*,#4065,.T.);
#1269=ORIENTED_EDGE('',*,*,#4066,.T.);
#1270=ORIENTED_EDGE('',*,*,#4067,.F.);
#1271=ORIENTED_EDGE('',*,*,#3602,.T.);
#1272=ORIENTED_EDGE('',*,*,#4068,.T.);
#1273=ORIENTED_EDGE('',*,*,#3583,.F.);
#1274=ORIENTED_EDGE('',*,*,#3843,.T.);
#1275=ORIENTED_EDGE('',*,*,#3813,.F.);
#1276=ORIENTED_EDGE('',*,*,#3989,.F.);
#1277=ORIENTED_EDGE('',*,*,#3893,.F.);
#1278=ORIENTED_EDGE('',*,*,#4041,.F.);
#1279=ORIENTED_EDGE('',*,*,#3913,.F.);
#1280=ORIENTED_EDGE('',*,*,#4069,.F.);
#1281=ORIENTED_EDGE('',*,*,#4070,.F.);
#1282=ORIENTED_EDGE('',*,*,#4071,.T.);
#1283=ORIENTED_EDGE('',*,*,#4072,.T.);
#1284=ORIENTED_EDGE('',*,*,#3997,.T.);
#1285=ORIENTED_EDGE('',*,*,#4073,.T.);
#1286=ORIENTED_EDGE('',*,*,#4074,.T.);
#1287=ORIENTED_EDGE('',*,*,#3676,.T.);
#1288=ORIENTED_EDGE('',*,*,#4075,.F.);
#1289=ORIENTED_EDGE('',*,*,#4076,.T.);
#1290=ORIENTED_EDGE('',*,*,#4077,.T.);
#1291=ORIENTED_EDGE('',*,*,#4078,.F.);
#1292=ORIENTED_EDGE('',*,*,#3809,.F.);
#1293=ORIENTED_EDGE('',*,*,#3777,.T.);
#1294=ORIENTED_EDGE('',*,*,#4079,.T.);
#1295=ORIENTED_EDGE('',*,*,#4080,.T.);
#1296=ORIENTED_EDGE('',*,*,#4081,.T.);
#1297=ORIENTED_EDGE('',*,*,#4082,.T.);
#1298=ORIENTED_EDGE('',*,*,#4083,.T.);
#1299=ORIENTED_EDGE('',*,*,#4084,.F.);
#1300=ORIENTED_EDGE('',*,*,#3925,.F.);
#1301=ORIENTED_EDGE('',*,*,#4085,.F.);
#1302=ORIENTED_EDGE('',*,*,#4086,.T.);
#1303=ORIENTED_EDGE('',*,*,#4087,.T.);
#1304=ORIENTED_EDGE('',*,*,#4088,.T.);
#1305=ORIENTED_EDGE('',*,*,#4089,.F.);
#1306=ORIENTED_EDGE('',*,*,#3775,.F.);
#1307=ORIENTED_EDGE('',*,*,#4090,.F.);
#1308=ORIENTED_EDGE('',*,*,#4091,.T.);
#1309=ORIENTED_EDGE('',*,*,#4092,.F.);
#1310=ORIENTED_EDGE('',*,*,#4093,.F.);
#1311=ORIENTED_EDGE('',*,*,#4011,.F.);
#1312=ORIENTED_EDGE('',*,*,#4094,.T.);
#1313=ORIENTED_EDGE('',*,*,#4095,.T.);
#1314=ORIENTED_EDGE('',*,*,#4096,.F.);
#1315=ORIENTED_EDGE('',*,*,#4097,.T.);
#1316=ORIENTED_EDGE('',*,*,#4098,.T.);
#1317=ORIENTED_EDGE('',*,*,#3715,.T.);
#1318=ORIENTED_EDGE('',*,*,#4099,.F.);
#1319=ORIENTED_EDGE('',*,*,#3880,.F.);
#1320=ORIENTED_EDGE('',*,*,#4100,.F.);
#1321=ORIENTED_EDGE('',*,*,#3996,.T.);
#1322=ORIENTED_EDGE('',*,*,#4101,.T.);
#1323=ORIENTED_EDGE('',*,*,#4102,.T.);
#1324=ORIENTED_EDGE('',*,*,#4073,.F.);
#1325=ORIENTED_EDGE('',*,*,#4103,.F.);
#1326=ORIENTED_EDGE('',*,*,#3779,.T.);
#1327=ORIENTED_EDGE('',*,*,#4104,.T.);
#1328=ORIENTED_EDGE('',*,*,#3601,.T.);
#1329=ORIENTED_EDGE('',*,*,#3712,.T.);
#1330=ORIENTED_EDGE('',*,*,#3550,.F.);
#1331=ORIENTED_EDGE('',*,*,#3568,.F.);
#1332=ORIENTED_EDGE('',*,*,#4105,.F.);
#1333=ORIENTED_EDGE('',*,*,#4106,.T.);
#1334=ORIENTED_EDGE('',*,*,#3899,.T.);
#1335=ORIENTED_EDGE('',*,*,#4107,.T.);
#1336=ORIENTED_EDGE('',*,*,#4108,.T.);
#1337=ORIENTED_EDGE('',*,*,#3713,.T.);
#1338=ORIENTED_EDGE('',*,*,#4100,.T.);
#1339=ORIENTED_EDGE('',*,*,#3879,.F.);
#1340=ORIENTED_EDGE('',*,*,#3705,.F.);
#1341=ORIENTED_EDGE('',*,*,#4109,.F.);
#1342=ORIENTED_EDGE('',*,*,#3696,.F.);
#1343=ORIENTED_EDGE('',*,*,#4110,.T.);
#1344=ORIENTED_EDGE('',*,*,#4111,.T.);
#1345=ORIENTED_EDGE('',*,*,#3692,.F.);
#1346=ORIENTED_EDGE('',*,*,#4112,.T.);
#1347=ORIENTED_EDGE('',*,*,#4113,.F.);
#1348=ORIENTED_EDGE('',*,*,#4092,.T.);
#1349=ORIENTED_EDGE('',*,*,#4017,.F.);
#1350=ORIENTED_EDGE('',*,*,#3911,.T.);
#1351=ORIENTED_EDGE('',*,*,#4114,.F.);
#1352=ORIENTED_EDGE('',*,*,#4115,.F.);
#1353=ORIENTED_EDGE('',*,*,#3661,.F.);
#1354=ORIENTED_EDGE('',*,*,#4116,.F.);
#1355=ORIENTED_EDGE('',*,*,#4117,.F.);
#1356=ORIENTED_EDGE('',*,*,#3755,.T.);
#1357=ORIENTED_EDGE('',*,*,#3994,.T.);
#1358=ORIENTED_EDGE('',*,*,#4118,.F.);
#1359=ORIENTED_EDGE('',*,*,#4119,.F.);
#1360=ORIENTED_EDGE('',*,*,#4120,.F.);
#1361=ORIENTED_EDGE('',*,*,#4121,.T.);
#1362=ORIENTED_EDGE('',*,*,#3806,.T.);
#1363=ORIENTED_EDGE('',*,*,#3637,.F.);
#1364=ORIENTED_EDGE('',*,*,#3795,.T.);
#1365=ORIENTED_EDGE('',*,*,#4122,.T.);
#1366=ORIENTED_EDGE('',*,*,#3536,.T.);
#1367=ORIENTED_EDGE('',*,*,#3570,.T.);
#1368=ORIENTED_EDGE('',*,*,#4019,.F.);
#1369=ORIENTED_EDGE('',*,*,#3768,.F.);
#1370=ORIENTED_EDGE('',*,*,#4123,.F.);
#1371=ORIENTED_EDGE('',*,*,#3512,.T.);
#1372=ORIENTED_EDGE('',*,*,#4124,.T.);
#1373=ORIENTED_EDGE('',*,*,#3886,.T.);
#1374=ORIENTED_EDGE('',*,*,#4125,.T.);
#1375=ORIENTED_EDGE('',*,*,#4095,.F.);
#1376=ORIENTED_EDGE('',*,*,#4126,.T.);
#1377=ORIENTED_EDGE('',*,*,#4127,.T.);
#1378=ORIENTED_EDGE('',*,*,#4128,.F.);
#1379=ORIENTED_EDGE('',*,*,#4037,.T.);
#1380=ORIENTED_EDGE('',*,*,#4129,.T.);
#1381=ORIENTED_EDGE('',*,*,#3971,.T.);
#1382=ORIENTED_EDGE('',*,*,#4130,.T.);
#1383=ORIENTED_EDGE('',*,*,#3909,.F.);
#1384=ORIENTED_EDGE('',*,*,#4016,.F.);
#1385=ORIENTED_EDGE('',*,*,#4131,.T.);
#1386=ORIENTED_EDGE('',*,*,#3787,.F.);
#1387=ORIENTED_EDGE('',*,*,#3519,.F.);
#1388=ORIENTED_EDGE('',*,*,#4132,.T.);
#1389=ORIENTED_EDGE('',*,*,#4133,.T.);
#1390=ORIENTED_EDGE('',*,*,#4063,.F.);
#1391=ORIENTED_EDGE('',*,*,#4134,.F.);
#1392=ORIENTED_EDGE('',*,*,#4135,.F.);
#1393=ORIENTED_EDGE('',*,*,#4136,.T.);
#1394=ORIENTED_EDGE('',*,*,#4004,.F.);
#1395=ORIENTED_EDGE('',*,*,#3974,.F.);
#1396=ORIENTED_EDGE('',*,*,#3515,.T.);
#1397=ORIENTED_EDGE('',*,*,#4137,.T.);
#1398=ORIENTED_EDGE('',*,*,#4138,.T.);
#1399=ORIENTED_EDGE('',*,*,#4139,.F.);
#1400=ORIENTED_EDGE('',*,*,#4140,.T.);
#1401=ORIENTED_EDGE('',*,*,#3686,.T.);
#1402=ORIENTED_EDGE('',*,*,#4093,.T.);
#1403=ORIENTED_EDGE('',*,*,#4141,.F.);
#1404=ORIENTED_EDGE('',*,*,#4142,.F.);
#1405=ORIENTED_EDGE('',*,*,#4012,.F.);
#1406=ORIENTED_EDGE('',*,*,#3810,.F.);
#1407=ORIENTED_EDGE('',*,*,#4078,.T.);
#1408=ORIENTED_EDGE('',*,*,#3698,.F.);
#1409=ORIENTED_EDGE('',*,*,#4143,.F.);
#1410=ORIENTED_EDGE('',*,*,#4144,.F.);
#1411=ORIENTED_EDGE('',*,*,#3578,.F.);
#1412=ORIENTED_EDGE('',*,*,#3998,.F.);
#1413=ORIENTED_EDGE('',*,*,#3683,.F.);
#1414=ORIENTED_EDGE('',*,*,#3632,.F.);
#1415=ORIENTED_EDGE('',*,*,#4145,.T.);
#1416=ORIENTED_EDGE('',*,*,#4146,.T.);
#1417=ORIENTED_EDGE('',*,*,#4147,.T.);
#1418=ORIENTED_EDGE('',*,*,#3851,.T.);
#1419=ORIENTED_EDGE('',*,*,#4148,.T.);
#1420=ORIENTED_EDGE('',*,*,#4149,.T.);
#1421=ORIENTED_EDGE('',*,*,#3709,.T.);
#1422=ORIENTED_EDGE('',*,*,#4150,.T.);
#1423=ORIENTED_EDGE('',*,*,#4039,.F.);
#1424=ORIENTED_EDGE('',*,*,#3544,.T.);
#1425=ORIENTED_EDGE('',*,*,#4151,.T.);
#1426=ORIENTED_EDGE('',*,*,#4152,.T.);
#1427=ORIENTED_EDGE('',*,*,#4153,.T.);
#1428=ORIENTED_EDGE('',*,*,#4154,.T.);
#1429=ORIENTED_EDGE('',*,*,#3710,.T.);
#1430=ORIENTED_EDGE('',*,*,#4105,.T.);
#1431=ORIENTED_EDGE('',*,*,#3567,.F.);
#1432=ORIENTED_EDGE('',*,*,#4155,.F.);
#1433=ORIENTED_EDGE('',*,*,#4109,.T.);
#1434=ORIENTED_EDGE('',*,*,#4156,.T.);
#1435=ORIENTED_EDGE('',*,*,#3863,.T.);
#1436=ORIENTED_EDGE('',*,*,#3934,.T.);
#1437=ORIENTED_EDGE('',*,*,#3694,.T.);
#1438=ORIENTED_EDGE('',*,*,#4075,.T.);
#1439=ORIENTED_EDGE('',*,*,#3811,.F.);
#1440=ORIENTED_EDGE('',*,*,#4146,.F.);
#1441=ORIENTED_EDGE('',*,*,#4157,.T.);
#1442=ORIENTED_EDGE('',*,*,#4158,.F.);
#1443=ORIENTED_EDGE('',*,*,#4000,.F.);
#1444=ORIENTED_EDGE('',*,*,#3647,.F.);
#1445=ORIENTED_EDGE('',*,*,#3977,.F.);
#1446=ORIENTED_EDGE('',*,*,#3760,.T.);
#1447=ORIENTED_EDGE('',*,*,#3658,.T.);
#1448=ORIENTED_EDGE('',*,*,#4159,.F.);
#1449=ORIENTED_EDGE('',*,*,#4160,.F.);
#1450=ORIENTED_EDGE('',*,*,#3965,.F.);
#1451=ORIENTED_EDGE('',*,*,#3836,.F.);
#1452=ORIENTED_EDGE('',*,*,#3747,.T.);
#1453=ORIENTED_EDGE('',*,*,#4161,.T.);
#1454=ORIENTED_EDGE('',*,*,#4148,.F.);
#1455=ORIENTED_EDGE('',*,*,#3850,.F.);
#1456=ORIENTED_EDGE('',*,*,#3782,.T.);
#1457=ORIENTED_EDGE('',*,*,#3509,.T.);
#1458=ORIENTED_EDGE('',*,*,#3598,.T.);
#1459=ORIENTED_EDGE('',*,*,#3954,.F.);
#1460=ORIENTED_EDGE('',*,*,#4162,.T.);
#1461=ORIENTED_EDGE('',*,*,#4163,.T.);
#1462=ORIENTED_EDGE('',*,*,#3802,.T.);
#1463=ORIENTED_EDGE('',*,*,#3564,.F.);
#1464=ORIENTED_EDGE('',*,*,#4164,.T.);
#1465=ORIENTED_EDGE('',*,*,#3566,.T.);
#1466=ORIENTED_EDGE('',*,*,#3801,.T.);
#1467=ORIENTED_EDGE('',*,*,#4165,.F.);
#1468=ORIENTED_EDGE('',*,*,#3719,.T.);
#1469=ORIENTED_EDGE('',*,*,#3972,.T.);
#1470=ORIENTED_EDGE('',*,*,#4129,.F.);
#1471=ORIENTED_EDGE('',*,*,#4036,.F.);
#1472=ORIENTED_EDGE('',*,*,#3781,.T.);
#1473=ORIENTED_EDGE('',*,*,#4166,.T.);
#1474=ORIENTED_EDGE('',*,*,#3599,.T.);
#1475=ORIENTED_EDGE('',*,*,#3507,.F.);
#1476=ORIENTED_EDGE('',*,*,#4167,.T.);
#1477=ORIENTED_EDGE('',*,*,#4045,.T.);
#1478=ORIENTED_EDGE('',*,*,#4168,.T.);
#1479=ORIENTED_EDGE('',*,*,#3594,.F.);
#1480=ORIENTED_EDGE('',*,*,#3941,.F.);
#1481=ORIENTED_EDGE('',*,*,#3861,.F.);
#1482=ORIENTED_EDGE('',*,*,#3922,.F.);
#1483=ORIENTED_EDGE('',*,*,#3670,.F.);
#1484=ORIENTED_EDGE('',*,*,#4169,.F.);
#1485=ORIENTED_EDGE('',*,*,#3876,.F.);
#1486=ORIENTED_EDGE('',*,*,#4170,.F.);
#1487=ORIENTED_EDGE('',*,*,#4014,.F.);
#1488=ORIENTED_EDGE('',*,*,#3590,.T.);
#1489=ORIENTED_EDGE('',*,*,#4171,.T.);
#1490=ORIENTED_EDGE('',*,*,#3539,.F.);
#1491=ORIENTED_EDGE('',*,*,#4172,.T.);
#1492=ORIENTED_EDGE('',*,*,#4173,.F.);
#1493=ORIENTED_EDGE('',*,*,#4174,.F.);
#1494=ORIENTED_EDGE('',*,*,#4175,.F.);
#1495=ORIENTED_EDGE('',*,*,#4176,.F.);
#1496=ORIENTED_EDGE('',*,*,#4177,.T.);
#1497=ORIENTED_EDGE('',*,*,#3958,.F.);
#1498=ORIENTED_EDGE('',*,*,#4178,.F.);
#1499=ORIENTED_EDGE('',*,*,#3833,.F.);
#1500=ORIENTED_EDGE('',*,*,#3834,.F.);
#1501=ORIENTED_EDGE('',*,*,#3750,.T.);
#1502=ORIENTED_EDGE('',*,*,#4179,.T.);
#1503=ORIENTED_EDGE('',*,*,#4180,.F.);
#1504=ORIENTED_EDGE('',*,*,#4181,.F.);
#1505=ORIENTED_EDGE('',*,*,#4182,.F.);
#1506=ORIENTED_EDGE('',*,*,#4183,.F.);
#1507=ORIENTED_EDGE('',*,*,#4170,.T.);
#1508=ORIENTED_EDGE('',*,*,#3878,.F.);
#1509=ORIENTED_EDGE('',*,*,#4131,.F.);
#1510=ORIENTED_EDGE('',*,*,#4015,.F.);
#1511=ORIENTED_EDGE('',*,*,#4184,.T.);
#1512=ORIENTED_EDGE('',*,*,#4185,.F.);
#1513=ORIENTED_EDGE('',*,*,#4186,.T.);
#1514=ORIENTED_EDGE('',*,*,#4187,.F.);
#1515=ORIENTED_EDGE('',*,*,#3856,.T.);
#1516=ORIENTED_EDGE('',*,*,#3693,.F.);
#1517=ORIENTED_EDGE('',*,*,#4091,.F.);
#1518=ORIENTED_EDGE('',*,*,#4010,.F.);
#1519=ORIENTED_EDGE('',*,*,#4108,.F.);
#1520=ORIENTED_EDGE('',*,*,#4188,.F.);
#1521=ORIENTED_EDGE('',*,*,#4189,.T.);
#1522=ORIENTED_EDGE('',*,*,#4190,.T.);
#1523=ORIENTED_EDGE('',*,*,#3859,.T.);
#1524=ORIENTED_EDGE('',*,*,#4191,.F.);
#1525=ORIENTED_EDGE('',*,*,#4192,.T.);
#1526=ORIENTED_EDGE('',*,*,#4193,.T.);
#1527=ORIENTED_EDGE('',*,*,#3542,.F.);
#1528=ORIENTED_EDGE('',*,*,#4194,.F.);
#1529=ORIENTED_EDGE('',*,*,#4195,.T.);
#1530=ORIENTED_EDGE('',*,*,#4196,.T.);
#1531=ORIENTED_EDGE('',*,*,#3780,.T.);
#1532=ORIENTED_EDGE('',*,*,#4103,.T.);
#1533=ORIENTED_EDGE('',*,*,#3600,.T.);
#1534=ORIENTED_EDGE('',*,*,#4166,.F.);
#1535=ORIENTED_EDGE('',*,*,#4197,.F.);
#1536=ORIENTED_EDGE('',*,*,#4198,.F.);
#1537=ORIENTED_EDGE('',*,*,#4199,.T.);
#1538=ORIENTED_EDGE('',*,*,#4070,.T.);
#1539=ORIENTED_EDGE('',*,*,#4200,.F.);
#1540=ORIENTED_EDGE('',*,*,#4201,.F.);
#1541=ORIENTED_EDGE('',*,*,#4149,.F.);
#1542=ORIENTED_EDGE('',*,*,#4161,.F.);
#1543=ORIENTED_EDGE('',*,*,#3746,.T.);
#1544=ORIENTED_EDGE('',*,*,#4202,.T.);
#1545=ORIENTED_EDGE('',*,*,#4203,.F.);
#1546=ORIENTED_EDGE('',*,*,#3931,.F.);
#1547=ORIENTED_EDGE('',*,*,#3770,.F.);
#1548=ORIENTED_EDGE('',*,*,#3679,.F.);
#1549=ORIENTED_EDGE('',*,*,#3935,.T.);
#1550=ORIENTED_EDGE('',*,*,#4204,.T.);
#1551=ORIENTED_EDGE('',*,*,#4205,.F.);
#1552=ORIENTED_EDGE('',*,*,#4137,.F.);
#1553=ORIENTED_EDGE('',*,*,#4206,.T.);
#1554=ORIENTED_EDGE('',*,*,#4187,.T.);
#1555=ORIENTED_EDGE('',*,*,#3981,.T.);
#1556=ORIENTED_EDGE('',*,*,#4135,.T.);
#1557=ORIENTED_EDGE('',*,*,#4207,.T.);
#1558=ORIENTED_EDGE('',*,*,#4194,.T.);
#1559=ORIENTED_EDGE('',*,*,#4208,.T.);
#1560=ORIENTED_EDGE('',*,*,#4209,.F.);
#1561=ORIENTED_EDGE('',*,*,#4178,.T.);
#1562=ORIENTED_EDGE('',*,*,#3960,.T.);
#1563=ORIENTED_EDGE('',*,*,#3947,.T.);
#1564=ORIENTED_EDGE('',*,*,#3830,.F.);
#1565=ORIENTED_EDGE('',*,*,#4035,.T.);
#1566=ORIENTED_EDGE('',*,*,#4210,.T.);
#1567=ORIENTED_EDGE('',*,*,#4175,.T.);
#1568=ORIENTED_EDGE('',*,*,#4211,.T.);
#1569=ORIENTED_EDGE('',*,*,#4006,.F.);
#1570=ORIENTED_EDGE('',*,*,#3651,.T.);
#1571=ORIENTED_EDGE('',*,*,#3574,.T.);
#1572=ORIENTED_EDGE('',*,*,#4212,.F.);
#1573=ORIENTED_EDGE('',*,*,#3955,.F.);
#1574=ORIENTED_EDGE('',*,*,#3606,.F.);
#1575=ORIENTED_EDGE('',*,*,#4213,.T.);
#1576=ORIENTED_EDGE('',*,*,#3784,.T.);
#1577=ORIENTED_EDGE('',*,*,#3577,.F.);
#1578=ORIENTED_EDGE('',*,*,#4214,.T.);
#1579=ORIENTED_EDGE('',*,*,#4215,.F.);
#1580=ORIENTED_EDGE('',*,*,#4216,.T.);
#1581=ORIENTED_EDGE('',*,*,#4027,.T.);
#1582=ORIENTED_EDGE('',*,*,#4211,.F.);
#1583=ORIENTED_EDGE('',*,*,#4174,.T.);
#1584=ORIENTED_EDGE('',*,*,#4217,.T.);
#1585=ORIENTED_EDGE('',*,*,#3741,.T.);
#1586=ORIENTED_EDGE('',*,*,#4218,.T.);
#1587=ORIENTED_EDGE('',*,*,#4219,.F.);
#1588=ORIENTED_EDGE('',*,*,#3825,.F.);
#1589=ORIENTED_EDGE('',*,*,#3840,.T.);
#1590=ORIENTED_EDGE('',*,*,#3584,.F.);
#1591=ORIENTED_EDGE('',*,*,#4072,.F.);
#1592=ORIENTED_EDGE('',*,*,#4220,.T.);
#1593=ORIENTED_EDGE('',*,*,#3721,.T.);
#1594=ORIENTED_EDGE('',*,*,#4038,.T.);
#1595=ORIENTED_EDGE('',*,*,#4130,.F.);
#1596=ORIENTED_EDGE('',*,*,#3970,.T.);
#1597=ORIENTED_EDGE('',*,*,#3607,.T.);
#1598=ORIENTED_EDGE('',*,*,#4024,.F.);
#1599=ORIENTED_EDGE('',*,*,#4221,.F.);
#1600=ORIENTED_EDGE('',*,*,#4222,.F.);
#1601=ORIENTED_EDGE('',*,*,#3557,.F.);
#1602=ORIENTED_EDGE('',*,*,#4222,.T.);
#1603=ORIENTED_EDGE('',*,*,#3642,.F.);
#1604=ORIENTED_EDGE('',*,*,#4223,.T.);
#1605=ORIENTED_EDGE('',*,*,#3936,.T.);
#1606=ORIENTED_EDGE('',*,*,#3517,.T.);
#1607=ORIENTED_EDGE('',*,*,#3973,.T.);
#1608=ORIENTED_EDGE('',*,*,#4056,.T.);
#1609=ORIENTED_EDGE('',*,*,#4183,.T.);
#1610=ORIENTED_EDGE('',*,*,#4224,.F.);
#1611=ORIENTED_EDGE('',*,*,#3949,.T.);
#1612=ORIENTED_EDGE('',*,*,#3959,.F.);
#1613=ORIENTED_EDGE('',*,*,#3714,.T.);
#1614=ORIENTED_EDGE('',*,*,#3707,.T.);
#1615=ORIENTED_EDGE('',*,*,#3881,.F.);
#1616=ORIENTED_EDGE('',*,*,#4099,.T.);
#1617=ORIENTED_EDGE('',*,*,#3820,.T.);
#1618=ORIENTED_EDGE('',*,*,#4225,.T.);
#1619=ORIENTED_EDGE('',*,*,#4116,.T.);
#1620=ORIENTED_EDGE('',*,*,#3660,.T.);
#1621=ORIENTED_EDGE('',*,*,#3718,.T.);
#1622=ORIENTED_EDGE('',*,*,#3765,.F.);
#1623=ORIENTED_EDGE('',*,*,#3968,.F.);
#1624=ORIENTED_EDGE('',*,*,#3524,.F.);
#1625=ORIENTED_EDGE('',*,*,#3738,.T.);
#1626=ORIENTED_EDGE('',*,*,#3988,.T.);
#1627=ORIENTED_EDGE('',*,*,#3588,.F.);
#1628=ORIENTED_EDGE('',*,*,#4059,.F.);
#1629=ORIENTED_EDGE('',*,*,#4226,.T.);
#1630=ORIENTED_EDGE('',*,*,#4227,.T.);
#1631=ORIENTED_EDGE('',*,*,#4118,.T.);
#1632=ORIENTED_EDGE('',*,*,#3993,.T.);
#1633=ORIENTED_EDGE('',*,*,#4228,.F.);
#1634=ORIENTED_EDGE('',*,*,#4218,.F.);
#1635=ORIENTED_EDGE('',*,*,#3762,.T.);
#1636=ORIENTED_EDGE('',*,*,#3978,.F.);
#1637=ORIENTED_EDGE('',*,*,#3645,.F.);
#1638=ORIENTED_EDGE('',*,*,#4002,.F.);
#1639=ORIENTED_EDGE('',*,*,#4229,.F.);
#1640=ORIENTED_EDGE('',*,*,#3838,.F.);
#1641=ORIENTED_EDGE('',*,*,#3967,.F.);
#1642=ORIENTED_EDGE('',*,*,#4230,.F.);
#1643=ORIENTED_EDGE('',*,*,#3732,.T.);
#1644=ORIENTED_EDGE('',*,*,#3887,.F.);
#1645=ORIENTED_EDGE('',*,*,#4124,.F.);
#1646=ORIENTED_EDGE('',*,*,#3511,.F.);
#1647=ORIENTED_EDGE('',*,*,#4050,.F.);
#1648=ORIENTED_EDGE('',*,*,#4231,.F.);
#1649=ORIENTED_EDGE('',*,*,#4232,.T.);
#1650=ORIENTED_EDGE('',*,*,#3529,.T.);
#1651=ORIENTED_EDGE('',*,*,#4233,.T.);
#1652=ORIENTED_EDGE('',*,*,#4234,.T.);
#1653=ORIENTED_EDGE('',*,*,#4215,.T.);
#1654=ORIENTED_EDGE('',*,*,#3875,.T.);
#1655=ORIENTED_EDGE('',*,*,#3724,.T.);
#1656=ORIENTED_EDGE('',*,*,#3505,.T.);
#1657=ORIENTED_EDGE('',*,*,#3703,.F.);
#1658=ORIENTED_EDGE('',*,*,#4235,.T.);
#1659=ORIENTED_EDGE('',*,*,#4236,.T.);
#1660=ORIENTED_EDGE('',*,*,#4237,.T.);
#1661=ORIENTED_EDGE('',*,*,#4115,.T.);
#1662=ORIENTED_EDGE('',*,*,#4238,.F.);
#1663=ORIENTED_EDGE('',*,*,#4239,.F.);
#1664=ORIENTED_EDGE('',*,*,#3643,.F.);
#1665=ORIENTED_EDGE('',*,*,#4221,.T.);
#1666=ORIENTED_EDGE('',*,*,#4023,.F.);
#1667=ORIENTED_EDGE('',*,*,#4240,.T.);
#1668=ORIENTED_EDGE('',*,*,#4241,.T.);
#1669=ORIENTED_EDGE('',*,*,#3803,.T.);
#1670=ORIENTED_EDGE('',*,*,#4163,.F.);
#1671=ORIENTED_EDGE('',*,*,#4242,.T.);
#1672=ORIENTED_EDGE('',*,*,#4047,.T.);
#1673=ORIENTED_EDGE('',*,*,#4243,.F.);
#1674=ORIENTED_EDGE('',*,*,#4244,.T.);
#1675=ORIENTED_EDGE('',*,*,#4128,.T.);
#1676=ORIENTED_EDGE('',*,*,#4245,.T.);
#1677=ORIENTED_EDGE('',*,*,#4096,.T.);
#1678=ORIENTED_EDGE('',*,*,#3773,.T.);
#1679=ORIENTED_EDGE('',*,*,#4081,.F.);
#1680=ORIENTED_EDGE('',*,*,#3938,.T.);
#1681=ORIENTED_EDGE('',*,*,#4246,.T.);
#1682=ORIENTED_EDGE('',*,*,#4247,.T.);
#1683=ORIENTED_EDGE('',*,*,#4248,.F.);
#1684=ORIENTED_EDGE('',*,*,#4048,.T.);
#1685=ORIENTED_EDGE('',*,*,#4242,.F.);
#1686=ORIENTED_EDGE('',*,*,#4249,.F.);
#1687=ORIENTED_EDGE('',*,*,#4123,.T.);
#1688=ORIENTED_EDGE('',*,*,#3908,.F.);
#1689=ORIENTED_EDGE('',*,*,#4250,.T.);
#1690=ORIENTED_EDGE('',*,*,#4251,.T.);
#1691=ORIENTED_EDGE('',*,*,#4082,.F.);
#1692=ORIENTED_EDGE('',*,*,#4252,.T.);
#1693=ORIENTED_EDGE('',*,*,#4253,.T.);
#1694=ORIENTED_EDGE('',*,*,#4144,.T.);
#1695=ORIENTED_EDGE('',*,*,#4254,.T.);
#1696=ORIENTED_EDGE('',*,*,#4255,.T.);
#1697=ORIENTED_EDGE('',*,*,#3579,.F.);
#1698=ORIENTED_EDGE('',*,*,#3829,.F.);
#1699=ORIENTED_EDGE('',*,*,#3890,.T.);
#1700=ORIENTED_EDGE('',*,*,#3901,.F.);
#1701=ORIENTED_EDGE('',*,*,#4043,.F.);
#1702=ORIENTED_EDGE('',*,*,#4167,.F.);
#1703=ORIENTED_EDGE('',*,*,#3593,.F.);
#1704=ORIENTED_EDGE('',*,*,#3897,.F.);
#1705=ORIENTED_EDGE('',*,*,#4106,.F.);
#1706=ORIENTED_EDGE('',*,*,#4190,.F.);
#1707=ORIENTED_EDGE('',*,*,#4256,.T.);
#1708=ORIENTED_EDGE('',*,*,#3798,.T.);
#1709=ORIENTED_EDGE('',*,*,#3672,.T.);
#1710=ORIENTED_EDGE('',*,*,#4005,.F.);
#1711=ORIENTED_EDGE('',*,*,#4136,.F.);
#1712=ORIENTED_EDGE('',*,*,#3980,.F.);
#1713=ORIENTED_EDGE('',*,*,#4257,.T.);
#1714=ORIENTED_EDGE('',*,*,#4234,.F.);
#1715=ORIENTED_EDGE('',*,*,#4258,.F.);
#1716=ORIENTED_EDGE('',*,*,#4008,.F.);
#1717=ORIENTED_EDGE('',*,*,#4259,.T.);
#1718=ORIENTED_EDGE('',*,*,#3664,.F.);
#1719=ORIENTED_EDGE('',*,*,#3865,.F.);
#1720=ORIENTED_EDGE('',*,*,#4260,.F.);
#1721=ORIENTED_EDGE('',*,*,#4261,.F.);
#1722=ORIENTED_EDGE('',*,*,#4262,.F.);
#1723=ORIENTED_EDGE('',*,*,#4263,.F.);
#1724=ORIENTED_EDGE('',*,*,#4087,.F.);
#1725=ORIENTED_EDGE('',*,*,#4264,.F.);
#1726=ORIENTED_EDGE('',*,*,#3687,.F.);
#1727=ORIENTED_EDGE('',*,*,#4140,.F.);
#1728=ORIENTED_EDGE('',*,*,#4265,.F.);
#1729=ORIENTED_EDGE('',*,*,#4253,.F.);
#1730=ORIENTED_EDGE('',*,*,#4266,.F.);
#1731=ORIENTED_EDGE('',*,*,#3726,.T.);
#1732=ORIENTED_EDGE('',*,*,#4267,.T.);
#1733=ORIENTED_EDGE('',*,*,#4151,.F.);
#1734=ORIENTED_EDGE('',*,*,#4268,.F.);
#1735=ORIENTED_EDGE('',*,*,#3728,.T.);
#1736=ORIENTED_EDGE('',*,*,#4269,.T.);
#1737=ORIENTED_EDGE('',*,*,#4153,.F.);
#1738=ORIENTED_EDGE('',*,*,#4270,.T.);
#1739=ORIENTED_EDGE('',*,*,#3727,.T.);
#1740=ORIENTED_EDGE('',*,*,#4268,.T.);
#1741=ORIENTED_EDGE('',*,*,#4154,.F.);
#1742=ORIENTED_EDGE('',*,*,#4269,.F.);
#1743=ORIENTED_EDGE('',*,*,#3554,.T.);
#1744=ORIENTED_EDGE('',*,*,#4271,.T.);
#1745=ORIENTED_EDGE('',*,*,#3962,.T.);
#1746=ORIENTED_EDGE('',*,*,#4031,.F.);
#1747=ORIENTED_EDGE('',*,*,#4272,.T.);
#1748=ORIENTED_EDGE('',*,*,#4085,.T.);
#1749=ORIENTED_EDGE('',*,*,#3924,.F.);
#1750=ORIENTED_EDGE('',*,*,#3758,.T.);
#1751=ORIENTED_EDGE('',*,*,#4061,.T.);
#1752=ORIENTED_EDGE('',*,*,#3883,.F.);
#1753=ORIENTED_EDGE('',*,*,#3867,.F.);
#1754=ORIENTED_EDGE('',*,*,#3749,.T.);
#1755=ORIENTED_EDGE('',*,*,#3849,.T.);
#1756=ORIENTED_EDGE('',*,*,#4273,.F.);
#1757=ORIENTED_EDGE('',*,*,#4179,.F.);
#1758=ORIENTED_EDGE('',*,*,#3858,.F.);
#1759=ORIENTED_EDGE('',*,*,#3821,.T.);
#1760=ORIENTED_EDGE('',*,*,#4274,.T.);
#1761=ORIENTED_EDGE('',*,*,#4191,.T.);
#1762=ORIENTED_EDGE('',*,*,#4107,.F.);
#1763=ORIENTED_EDGE('',*,*,#3898,.F.);
#1764=ORIENTED_EDGE('',*,*,#3595,.F.);
#1765=ORIENTED_EDGE('',*,*,#4168,.F.);
#1766=ORIENTED_EDGE('',*,*,#4044,.F.);
#1767=ORIENTED_EDGE('',*,*,#3903,.F.);
#1768=ORIENTED_EDGE('',*,*,#3963,.T.);
#1769=ORIENTED_EDGE('',*,*,#4271,.F.);
#1770=ORIENTED_EDGE('',*,*,#3553,.T.);
#1771=ORIENTED_EDGE('',*,*,#4275,.T.);
#1772=ORIENTED_EDGE('',*,*,#4188,.T.);
#1773=ORIENTED_EDGE('',*,*,#4029,.F.);
#1774=ORIENTED_EDGE('',*,*,#3939,.T.);
#1775=ORIENTED_EDGE('',*,*,#4080,.F.);
#1776=ORIENTED_EDGE('',*,*,#4276,.T.);
#1777=ORIENTED_EDGE('',*,*,#4277,.T.);
#1778=ORIENTED_EDGE('',*,*,#4079,.F.);
#1779=ORIENTED_EDGE('',*,*,#3776,.F.);
#1780=ORIENTED_EDGE('',*,*,#4089,.T.);
#1781=ORIENTED_EDGE('',*,*,#4182,.T.);
#1782=ORIENTED_EDGE('',*,*,#4278,.T.);
#1783=ORIENTED_EDGE('',*,*,#3950,.T.);
#1784=ORIENTED_EDGE('',*,*,#4224,.T.);
#1785=ORIENTED_EDGE('',*,*,#4025,.F.);
#1786=ORIENTED_EDGE('',*,*,#3608,.F.);
#1787=ORIENTED_EDGE('',*,*,#3555,.F.);
#1788=ORIENTED_EDGE('',*,*,#4279,.F.);
#1789=ORIENTED_EDGE('',*,*,#4280,.F.);
#1790=ORIENTED_EDGE('',*,*,#4281,.T.);
#1791=ORIENTED_EDGE('',*,*,#3847,.T.);
#1792=ORIENTED_EDGE('',*,*,#4282,.T.);
#1793=ORIENTED_EDGE('',*,*,#3844,.T.);
#1794=ORIENTED_EDGE('',*,*,#4281,.F.);
#1795=ORIENTED_EDGE('',*,*,#4283,.T.);
#1796=ORIENTED_EDGE('',*,*,#4009,.F.);
#1797=ORIENTED_EDGE('',*,*,#4258,.T.);
#1798=ORIENTED_EDGE('',*,*,#4233,.F.);
#1799=ORIENTED_EDGE('',*,*,#3874,.F.);
#1800=ORIENTED_EDGE('',*,*,#4192,.F.);
#1801=ORIENTED_EDGE('',*,*,#4274,.F.);
#1802=ORIENTED_EDGE('',*,*,#3824,.F.);
#1803=ORIENTED_EDGE('',*,*,#3816,.T.);
#1804=ORIENTED_EDGE('',*,*,#4284,.F.);
#1805=ORIENTED_EDGE('',*,*,#4285,.T.);
#1806=ORIENTED_EDGE('',*,*,#3907,.F.);
#1807=ORIENTED_EDGE('',*,*,#3745,.T.);
#1808=ORIENTED_EDGE('',*,*,#3562,.F.);
#1809=ORIENTED_EDGE('',*,*,#4286,.F.);
#1810=ORIENTED_EDGE('',*,*,#4202,.F.);
#1811=ORIENTED_EDGE('',*,*,#4034,.F.);
#1812=ORIENTED_EDGE('',*,*,#4287,.T.);
#1813=ORIENTED_EDGE('',*,*,#4176,.T.);
#1814=ORIENTED_EDGE('',*,*,#4210,.F.);
#1815=ORIENTED_EDGE('',*,*,#4160,.T.);
#1816=ORIENTED_EDGE('',*,*,#4288,.F.);
#1817=ORIENTED_EDGE('',*,*,#4230,.T.);
#1818=ORIENTED_EDGE('',*,*,#3966,.F.);
#1819=ORIENTED_EDGE('',*,*,#4276,.F.);
#1820=ORIENTED_EDGE('',*,*,#4277,.F.);
#1821=ORIENTED_EDGE('',*,*,#4088,.F.);
#1822=ORIENTED_EDGE('',*,*,#4266,.T.);
#1823=ORIENTED_EDGE('',*,*,#4252,.F.);
#1824=ORIENTED_EDGE('',*,*,#4086,.F.);
#1825=ORIENTED_EDGE('',*,*,#4272,.F.);
#1826=ORIENTED_EDGE('',*,*,#4030,.T.);
#1827=ORIENTED_EDGE('',*,*,#4049,.F.);
#1828=ORIENTED_EDGE('',*,*,#4248,.T.);
#1829=ORIENTED_EDGE('',*,*,#4289,.T.);
#1830=ORIENTED_EDGE('',*,*,#4231,.T.);
#1831=ORIENTED_EDGE('',*,*,#3729,.T.);
#1832=ORIENTED_EDGE('',*,*,#4270,.F.);
#1833=ORIENTED_EDGE('',*,*,#4152,.F.);
#1834=ORIENTED_EDGE('',*,*,#4267,.F.);
#1835=ORIENTED_EDGE('',*,*,#4114,.T.);
#1836=ORIENTED_EDGE('',*,*,#3910,.T.);
#1837=ORIENTED_EDGE('',*,*,#3786,.T.);
#1838=ORIENTED_EDGE('',*,*,#4238,.T.);
#1839=ORIENTED_EDGE('',*,*,#4193,.F.);
#1840=ORIENTED_EDGE('',*,*,#3873,.F.);
#1841=ORIENTED_EDGE('',*,*,#4290,.T.);
#1842=ORIENTED_EDGE('',*,*,#4291,.T.);
#1843=ORIENTED_EDGE('',*,*,#3636,.T.);
#1844=ORIENTED_EDGE('',*,*,#3778,.T.);
#1845=ORIENTED_EDGE('',*,*,#3532,.T.);
#1846=ORIENTED_EDGE('',*,*,#4243,.T.);
#1847=ORIENTED_EDGE('',*,*,#4046,.F.);
#1848=ORIENTED_EDGE('',*,*,#3527,.F.);
#1849=ORIENTED_EDGE('',*,*,#4292,.T.);
#1850=ORIENTED_EDGE('',*,*,#3716,.T.);
#1851=ORIENTED_EDGE('',*,*,#3526,.T.);
#1852=ORIENTED_EDGE('',*,*,#3969,.F.);
#1853=ORIENTED_EDGE('',*,*,#3763,.F.);
#1854=ORIENTED_EDGE('',*,*,#3734,.T.);
#1855=ORIENTED_EDGE('',*,*,#3957,.T.);
#1856=ORIENTED_EDGE('',*,*,#3621,.F.);
#1857=ORIENTED_EDGE('',*,*,#4293,.F.);
#1858=ORIENTED_EDGE('',*,*,#4200,.T.);
#1859=ORIENTED_EDGE('',*,*,#3682,.T.);
#1860=ORIENTED_EDGE('',*,*,#3853,.T.);
#1861=ORIENTED_EDGE('',*,*,#4294,.F.);
#1862=ORIENTED_EDGE('',*,*,#3736,.T.);
#1863=ORIENTED_EDGE('',*,*,#4295,.F.);
#1864=ORIENTED_EDGE('',*,*,#3619,.F.);
#1865=ORIENTED_EDGE('',*,*,#3956,.F.);
#1866=ORIENTED_EDGE('',*,*,#4296,.F.);
#1867=ORIENTED_EDGE('',*,*,#4110,.F.);
#1868=ORIENTED_EDGE('',*,*,#3626,.F.);
#1869=ORIENTED_EDGE('',*,*,#4028,.T.);
#1870=ORIENTED_EDGE('',*,*,#4217,.F.);
#1871=ORIENTED_EDGE('',*,*,#4173,.T.);
#1872=ORIENTED_EDGE('',*,*,#4297,.T.);
#1873=ORIENTED_EDGE('',*,*,#4261,.T.);
#1874=ORIENTED_EDGE('',*,*,#4298,.T.);
#1875=ORIENTED_EDGE('',*,*,#4299,.F.);
#1876=ORIENTED_EDGE('',*,*,#4279,.T.);
#1877=ORIENTED_EDGE('',*,*,#3558,.F.);
#1878=ORIENTED_EDGE('',*,*,#4300,.F.);
#1879=ORIENTED_EDGE('',*,*,#4138,.F.);
#1880=ORIENTED_EDGE('',*,*,#4205,.T.);
#1881=ORIENTED_EDGE('',*,*,#4301,.F.);
#1882=ORIENTED_EDGE('',*,*,#4302,.F.);
#1883=ORIENTED_EDGE('',*,*,#4303,.F.);
#1884=ORIENTED_EDGE('',*,*,#4304,.F.);
#1885=ORIENTED_EDGE('',*,*,#3793,.F.);
#1886=ORIENTED_EDGE('',*,*,#4305,.F.);
#1887=ORIENTED_EDGE('',*,*,#4098,.F.);
#1888=ORIENTED_EDGE('',*,*,#3699,.F.);
#1889=ORIENTED_EDGE('',*,*,#4077,.F.);
#1890=ORIENTED_EDGE('',*,*,#4306,.F.);
#1891=ORIENTED_EDGE('',*,*,#4068,.F.);
#1892=ORIENTED_EDGE('',*,*,#4104,.F.);
#1893=ORIENTED_EDGE('',*,*,#3634,.F.);
#1894=ORIENTED_EDGE('',*,*,#4307,.F.);
#1895=ORIENTED_EDGE('',*,*,#3522,.F.);
#1896=ORIENTED_EDGE('',*,*,#3814,.F.);
#1897=ORIENTED_EDGE('',*,*,#3842,.F.);
#1898=ORIENTED_EDGE('',*,*,#4308,.F.);
#1899=ORIENTED_EDGE('',*,*,#3964,.F.);
#1900=ORIENTED_EDGE('',*,*,#3902,.F.);
#1901=ORIENTED_EDGE('',*,*,#3889,.F.);
#1902=ORIENTED_EDGE('',*,*,#4297,.F.);
#1903=ORIENTED_EDGE('',*,*,#4172,.F.);
#1904=ORIENTED_EDGE('',*,*,#4309,.T.);
#1905=ORIENTED_EDGE('',*,*,#4262,.T.);
#1906=ORIENTED_EDGE('',*,*,#4246,.F.);
#1907=ORIENTED_EDGE('',*,*,#4057,.T.);
#1908=ORIENTED_EDGE('',*,*,#3975,.F.);
#1909=ORIENTED_EDGE('',*,*,#3688,.F.);
#1910=ORIENTED_EDGE('',*,*,#4264,.T.);
#1911=ORIENTED_EDGE('',*,*,#4090,.T.);
#1912=ORIENTED_EDGE('',*,*,#3774,.F.);
#1913=ORIENTED_EDGE('',*,*,#4212,.T.);
#1914=ORIENTED_EDGE('',*,*,#4216,.F.);
#1915=ORIENTED_EDGE('',*,*,#4257,.F.);
#1916=ORIENTED_EDGE('',*,*,#4007,.F.);
#1917=ORIENTED_EDGE('',*,*,#4310,.T.);
#1918=ORIENTED_EDGE('',*,*,#4120,.T.);
#1919=ORIENTED_EDGE('',*,*,#3639,.F.);
#1920=ORIENTED_EDGE('',*,*,#3805,.T.);
#1921=ORIENTED_EDGE('',*,*,#4303,.T.);
#1922=ORIENTED_EDGE('',*,*,#3708,.T.);
#1923=ORIENTED_EDGE('',*,*,#3624,.T.);
#1924=ORIENTED_EDGE('',*,*,#4040,.F.);
#1925=ORIENTED_EDGE('',*,*,#4150,.F.);
#1926=ORIENTED_EDGE('',*,*,#4204,.F.);
#1927=ORIENTED_EDGE('',*,*,#4003,.T.);
#1928=ORIENTED_EDGE('',*,*,#3920,.F.);
#1929=ORIENTED_EDGE('',*,*,#3665,.F.);
#1930=ORIENTED_EDGE('',*,*,#4259,.F.);
#1931=ORIENTED_EDGE('',*,*,#4311,.F.);
#1932=ORIENTED_EDGE('',*,*,#4301,.T.);
#1933=ORIENTED_EDGE('',*,*,#4066,.F.);
#1934=ORIENTED_EDGE('',*,*,#4312,.T.);
#1935=ORIENTED_EDGE('',*,*,#3604,.T.);
#1936=ORIENTED_EDGE('',*,*,#4313,.F.);
#1937=ORIENTED_EDGE('',*,*,#4313,.T.);
#1938=ORIENTED_EDGE('',*,*,#3603,.T.);
#1939=ORIENTED_EDGE('',*,*,#4067,.T.);
#1940=ORIENTED_EDGE('',*,*,#4013,.F.);
#1941=ORIENTED_EDGE('',*,*,#4142,.T.);
#1942=ORIENTED_EDGE('',*,*,#4314,.F.);
#1943=ORIENTED_EDGE('',*,*,#4208,.F.);
#1944=ORIENTED_EDGE('',*,*,#3541,.F.);
#1945=ORIENTED_EDGE('',*,*,#4315,.F.);
#1946=ORIENTED_EDGE('',*,*,#3592,.F.);
#1947=ORIENTED_EDGE('',*,*,#4171,.F.);
#1948=ORIENTED_EDGE('',*,*,#3589,.T.);
#1949=ORIENTED_EDGE('',*,*,#4315,.T.);
#1950=ORIENTED_EDGE('',*,*,#3540,.T.);
#1951=ORIENTED_EDGE('',*,*,#4184,.F.);
#1952=ORIENTED_EDGE('',*,*,#4206,.F.);
#1953=ORIENTED_EDGE('',*,*,#4134,.T.);
#1954=ORIENTED_EDGE('',*,*,#4026,.F.);
#1955=ORIENTED_EDGE('',*,*,#3845,.F.);
#1956=ORIENTED_EDGE('',*,*,#4282,.F.);
#1957=ORIENTED_EDGE('',*,*,#4316,.F.);
#1958=ORIENTED_EDGE('',*,*,#4317,.F.);
#1959=ORIENTED_EDGE('',*,*,#4318,.T.);
#1960=ORIENTED_EDGE('',*,*,#4021,.F.);
#1961=ORIENTED_EDGE('',*,*,#4319,.F.);
#1962=ORIENTED_EDGE('',*,*,#4225,.F.);
#1963=ORIENTED_EDGE('',*,*,#3819,.T.);
#1964=ORIENTED_EDGE('',*,*,#4018,.F.);
#1965=ORIENTED_EDGE('',*,*,#4117,.T.);
#1966=ORIENTED_EDGE('',*,*,#4320,.F.);
#1967=ORIENTED_EDGE('',*,*,#4299,.T.);
#1968=ORIENTED_EDGE('',*,*,#4321,.T.);
#1969=ORIENTED_EDGE('',*,*,#4185,.T.);
#1970=ORIENTED_EDGE('',*,*,#4223,.F.);
#1971=ORIENTED_EDGE('',*,*,#4322,.F.);
#1972=ORIENTED_EDGE('',*,*,#4323,.F.);
#1973=ORIENTED_EDGE('',*,*,#3983,.F.);
#1974=ORIENTED_EDGE('',*,*,#4250,.F.);
#1975=ORIENTED_EDGE('',*,*,#4285,.F.);
#1976=ORIENTED_EDGE('',*,*,#4324,.F.);
#1977=ORIENTED_EDGE('',*,*,#4236,.F.);
#1978=ORIENTED_EDGE('',*,*,#3789,.F.);
#1979=ORIENTED_EDGE('',*,*,#4325,.F.);
#1980=ORIENTED_EDGE('',*,*,#4195,.F.);
#1981=ORIENTED_EDGE('',*,*,#4207,.F.);
#1982=ORIENTED_EDGE('',*,*,#4112,.F.);
#1983=ORIENTED_EDGE('',*,*,#4326,.F.);
#1984=ORIENTED_EDGE('',*,*,#4290,.F.);
#1985=ORIENTED_EDGE('',*,*,#3872,.F.);
#1986=ORIENTED_EDGE('',*,*,#4214,.F.);
#1987=ORIENTED_EDGE('',*,*,#3576,.F.);
#1988=ORIENTED_EDGE('',*,*,#4327,.F.);
#1989=ORIENTED_EDGE('',*,*,#3826,.F.);
#1990=ORIENTED_EDGE('',*,*,#4219,.T.);
#1991=ORIENTED_EDGE('',*,*,#4228,.T.);
#1992=ORIENTED_EDGE('',*,*,#4288,.T.);
#1993=ORIENTED_EDGE('',*,*,#4159,.T.);
#1994=ORIENTED_EDGE('',*,*,#3657,.T.);
#1995=ORIENTED_EDGE('',*,*,#3866,.T.);
#1996=ORIENTED_EDGE('',*,*,#3892,.F.);
#1997=ORIENTED_EDGE('',*,*,#4062,.T.);
#1998=ORIENTED_EDGE('',*,*,#3616,.T.);
#1999=ORIENTED_EDGE('',*,*,#4328,.T.);
#2000=ORIENTED_EDGE('',*,*,#4101,.F.);
#2001=ORIENTED_EDGE('',*,*,#3995,.T.);
#2002=ORIENTED_EDGE('',*,*,#3905,.T.);
#2003=ORIENTED_EDGE('',*,*,#3946,.T.);
#2004=ORIENTED_EDGE('',*,*,#4329,.F.);
#2005=ORIENTED_EDGE('',*,*,#4180,.T.);
#2006=ORIENTED_EDGE('',*,*,#4273,.T.);
#2007=ORIENTED_EDGE('',*,*,#3848,.T.);
#2008=ORIENTED_EDGE('',*,*,#3932,.F.);
#2009=ORIENTED_EDGE('',*,*,#4203,.T.);
#2010=ORIENTED_EDGE('',*,*,#4286,.T.);
#2011=ORIENTED_EDGE('',*,*,#3561,.F.);
#2012=ORIENTED_EDGE('',*,*,#4058,.F.);
#2013=ORIENTED_EDGE('',*,*,#4051,.F.);
#2014=ORIENTED_EDGE('',*,*,#3982,.F.);
#2015=ORIENTED_EDGE('',*,*,#4186,.F.);
#2016=ORIENTED_EDGE('',*,*,#4321,.F.);
#2017=ORIENTED_EDGE('',*,*,#4298,.F.);
#2018=ORIENTED_EDGE('',*,*,#4330,.T.);
#2019=ORIENTED_EDGE('',*,*,#4331,.F.);
#2020=ORIENTED_EDGE('',*,*,#4322,.T.);
#2021=ORIENTED_EDGE('',*,*,#3641,.F.);
#2022=ORIENTED_EDGE('',*,*,#4143,.T.);
#2023=ORIENTED_EDGE('',*,*,#3697,.T.);
#2024=ORIENTED_EDGE('',*,*,#4332,.T.);
#2025=ORIENTED_EDGE('',*,*,#4254,.F.);
#2026=ORIENTED_EDGE('',*,*,#4328,.F.);
#2027=ORIENTED_EDGE('',*,*,#3615,.F.);
#2028=ORIENTED_EDGE('',*,*,#3756,.T.);
#2029=ORIENTED_EDGE('',*,*,#4119,.T.);
#2030=ORIENTED_EDGE('',*,*,#4227,.F.);
#2031=ORIENTED_EDGE('',*,*,#4333,.F.);
#2032=ORIENTED_EDGE('',*,*,#4334,.F.);
#2033=ORIENTED_EDGE('',*,*,#3677,.F.);
#2034=ORIENTED_EDGE('',*,*,#4074,.F.);
#2035=ORIENTED_EDGE('',*,*,#4102,.F.);
#2036=ORIENTED_EDGE('',*,*,#3662,.F.);
#2037=ORIENTED_EDGE('',*,*,#4237,.F.);
#2038=ORIENTED_EDGE('',*,*,#4324,.T.);
#2039=ORIENTED_EDGE('',*,*,#4284,.T.);
#2040=ORIENTED_EDGE('',*,*,#3725,.T.);
#2041=ORIENTED_EDGE('',*,*,#4235,.F.);
#2042=ORIENTED_EDGE('',*,*,#3702,.F.);
#2043=ORIENTED_EDGE('',*,*,#3952,.F.);
#2044=ORIENTED_EDGE('',*,*,#3930,.F.);
#2045=ORIENTED_EDGE('',*,*,#3984,.F.);
#2046=ORIENTED_EDGE('',*,*,#4323,.T.);
#2047=ORIENTED_EDGE('',*,*,#4331,.T.);
#2048=ORIENTED_EDGE('',*,*,#3735,.T.);
#2049=ORIENTED_EDGE('',*,*,#4293,.T.);
#2050=ORIENTED_EDGE('',*,*,#3620,.F.);
#2051=ORIENTED_EDGE('',*,*,#4295,.T.);
#2052=ORIENTED_EDGE('',*,*,#3864,.F.);
#2053=ORIENTED_EDGE('',*,*,#4156,.F.);
#2054=ORIENTED_EDGE('',*,*,#4111,.F.);
#2055=ORIENTED_EDGE('',*,*,#4296,.T.);
#2056=ORIENTED_EDGE('',*,*,#4260,.T.);
#2057=ORIENTED_EDGE('',*,*,#4316,.T.);
#2058=ORIENTED_EDGE('',*,*,#4283,.F.);
#2059=ORIENTED_EDGE('',*,*,#4280,.T.);
#2060=ORIENTED_EDGE('',*,*,#4320,.T.);
#2061=ORIENTED_EDGE('',*,*,#4244,.F.);
#2062=ORIENTED_EDGE('',*,*,#4292,.F.);
#2063=ORIENTED_EDGE('',*,*,#3530,.F.);
#2064=ORIENTED_EDGE('',*,*,#4232,.F.);
#2065=ORIENTED_EDGE('',*,*,#4289,.F.);
#2066=ORIENTED_EDGE('',*,*,#4247,.F.);
#2067=ORIENTED_EDGE('',*,*,#3961,.F.);
#2068=ORIENTED_EDGE('',*,*,#4308,.T.);
#2069=ORIENTED_EDGE('',*,*,#3841,.F.);
#2070=ORIENTED_EDGE('',*,*,#4220,.F.);
#2071=ORIENTED_EDGE('',*,*,#4071,.F.);
#2072=ORIENTED_EDGE('',*,*,#4199,.F.);
#2073=ORIENTED_EDGE('',*,*,#4335,.F.);
#2074=ORIENTED_EDGE('',*,*,#4132,.F.);
#2075=ORIENTED_EDGE('',*,*,#3518,.F.);
#2076=ORIENTED_EDGE('',*,*,#4307,.T.);
#2077=ORIENTED_EDGE('',*,*,#3633,.F.);
#2078=ORIENTED_EDGE('',*,*,#3534,.F.);
#2079=ORIENTED_EDGE('',*,*,#3785,.F.);
#2080=ORIENTED_EDGE('',*,*,#4213,.F.);
#2081=ORIENTED_EDGE('',*,*,#3605,.F.);
#2082=ORIENTED_EDGE('',*,*,#4312,.F.);
#2083=ORIENTED_EDGE('',*,*,#4065,.F.);
#2084=ORIENTED_EDGE('',*,*,#4306,.T.);
#2085=ORIENTED_EDGE('',*,*,#4076,.F.);
#2086=ORIENTED_EDGE('',*,*,#4157,.F.);
#2087=ORIENTED_EDGE('',*,*,#4145,.F.);
#2088=ORIENTED_EDGE('',*,*,#3631,.F.);
#2089=ORIENTED_EDGE('',*,*,#4336,.F.);
#2090=ORIENTED_EDGE('',*,*,#4126,.F.);
#2091=ORIENTED_EDGE('',*,*,#4094,.F.);
#2092=ORIENTED_EDGE('',*,*,#4305,.T.);
#2093=ORIENTED_EDGE('',*,*,#3792,.F.);
#2094=ORIENTED_EDGE('',*,*,#3538,.F.);
#2095=ORIENTED_EDGE('',*,*,#4337,.F.);
#2096=ORIENTED_EDGE('',*,*,#3944,.F.);
#2097=ORIENTED_EDGE('',*,*,#3807,.F.);
#2098=ORIENTED_EDGE('',*,*,#4121,.F.);
#2099=ORIENTED_EDGE('',*,*,#4310,.F.);
#2100=ORIENTED_EDGE('',*,*,#4302,.T.);
#2101=ORIENTED_EDGE('',*,*,#4311,.T.);
#2102=ORIENTED_EDGE('',*,*,#4263,.T.);
#2103=ORIENTED_EDGE('',*,*,#4309,.F.);
#2104=ORIENTED_EDGE('',*,*,#4177,.F.);
#2105=ORIENTED_EDGE('',*,*,#4287,.F.);
#2106=ORIENTED_EDGE('',*,*,#4033,.F.);
#2107=ORIENTED_EDGE('',*,*,#4338,.F.);
#2108=ORIENTED_EDGE('',*,*,#4083,.F.);
#2109=ORIENTED_EDGE('',*,*,#4251,.F.);
#2110=ORIENTED_EDGE('',*,*,#4265,.T.);
#2111=ORIENTED_EDGE('',*,*,#4139,.T.);
#2112=ORIENTED_EDGE('',*,*,#4300,.T.);
#2113=ORIENTED_EDGE('',*,*,#3888,.F.);
#2114=ORIENTED_EDGE('',*,*,#3799,.F.);
#2115=ORIENTED_EDGE('',*,*,#4256,.F.);
#2116=ORIENTED_EDGE('',*,*,#4189,.F.);
#2117=ORIENTED_EDGE('',*,*,#4275,.F.);
#2118=ORIENTED_EDGE('',*,*,#3552,.F.);
#2119=ORIENTED_EDGE('',*,*,#4201,.T.);
#2120=ORIENTED_EDGE('',*,*,#4294,.T.);
#2121=ORIENTED_EDGE('',*,*,#3852,.T.);
#2122=ORIENTED_EDGE('',*,*,#4147,.F.);
#2123=ORIENTED_EDGE('',*,*,#3711,.T.);
#2124=ORIENTED_EDGE('',*,*,#4155,.T.);
#2125=ORIENTED_EDGE('',*,*,#3569,.F.);
#2126=ORIENTED_EDGE('',*,*,#3548,.F.);
#2127=ORIENTED_EDGE('',*,*,#3730,.T.);
#2128=ORIENTED_EDGE('',*,*,#3513,.T.);
#2129=ORIENTED_EDGE('',*,*,#4125,.F.);
#2130=ORIENTED_EDGE('',*,*,#3885,.F.);
#2131=ORIENTED_EDGE('',*,*,#3740,.T.);
#2132=ORIENTED_EDGE('',*,*,#4060,.F.);
#2133=ORIENTED_EDGE('',*,*,#3586,.F.);
#2134=ORIENTED_EDGE('',*,*,#3987,.F.);
#2135=ORIENTED_EDGE('',*,*,#3685,.F.);
#2136=ORIENTED_EDGE('',*,*,#3999,.F.);
#2137=ORIENTED_EDGE('',*,*,#3580,.F.);
#2138=ORIENTED_EDGE('',*,*,#4255,.F.);
#2139=ORIENTED_EDGE('',*,*,#4332,.F.);
#2140=ORIENTED_EDGE('',*,*,#3700,.F.);
#2141=ORIENTED_EDGE('',*,*,#4097,.F.);
#2142=ORIENTED_EDGE('',*,*,#4245,.F.);
#2143=ORIENTED_EDGE('',*,*,#4127,.F.);
#2144=ORIENTED_EDGE('',*,*,#4336,.T.);
#2145=ORIENTED_EDGE('',*,*,#3630,.T.);
#2146=ORIENTED_EDGE('',*,*,#4339,.T.);
#2147=ORIENTED_EDGE('',*,*,#4165,.T.);
#2148=ORIENTED_EDGE('',*,*,#3800,.T.);
#2149=ORIENTED_EDGE('',*,*,#3943,.T.);
#2150=ORIENTED_EDGE('',*,*,#4122,.F.);
#2151=ORIENTED_EDGE('',*,*,#3794,.T.);
#2152=ORIENTED_EDGE('',*,*,#4340,.F.);
#2153=ORIENTED_EDGE('',*,*,#4240,.F.);
#2154=ORIENTED_EDGE('',*,*,#4162,.F.);
#2155=ORIENTED_EDGE('',*,*,#3563,.F.);
#2156=ORIENTED_EDGE('',*,*,#4164,.F.);
#2157=ORIENTED_EDGE('',*,*,#4339,.F.);
#2158=ORIENTED_EDGE('',*,*,#3945,.F.);
#2159=ORIENTED_EDGE('',*,*,#4337,.T.);
#2160=ORIENTED_EDGE('',*,*,#3537,.T.);
#2161=ORIENTED_EDGE('',*,*,#4241,.F.);
#2162=ORIENTED_EDGE('',*,*,#4340,.T.);
#2163=ORIENTED_EDGE('',*,*,#4304,.T.);
#2164=ORIENTED_EDGE('',*,*,#3804,.T.);
#2165=ORIENTED_EDGE('',*,*,#3855,.T.);
#2166=ORIENTED_EDGE('',*,*,#4291,.F.);
#2167=ORIENTED_EDGE('',*,*,#4326,.T.);
#2168=ORIENTED_EDGE('',*,*,#3691,.F.);
#2169=ORIENTED_EDGE('',*,*,#3991,.T.);
#2170=ORIENTED_EDGE('',*,*,#3678,.T.);
#2171=ORIENTED_EDGE('',*,*,#4334,.T.);
#2172=ORIENTED_EDGE('',*,*,#4341,.F.);
#2173=ORIENTED_EDGE('',*,*,#4032,.T.);
#2174=ORIENTED_EDGE('',*,*,#3926,.F.);
#2175=ORIENTED_EDGE('',*,*,#4084,.T.);
#2176=ORIENTED_EDGE('',*,*,#4338,.T.);
#2177=ORIENTED_EDGE('',*,*,#4314,.T.);
#2178=ORIENTED_EDGE('',*,*,#4141,.T.);
#2179=ORIENTED_EDGE('',*,*,#4113,.T.);
#2180=ORIENTED_EDGE('',*,*,#4209,.T.);
#2181=ORIENTED_EDGE('',*,*,#4181,.T.);
#2182=ORIENTED_EDGE('',*,*,#4329,.T.);
#2183=ORIENTED_EDGE('',*,*,#3951,.T.);
#2184=ORIENTED_EDGE('',*,*,#4278,.F.);
#2185=ORIENTED_EDGE('',*,*,#4342,.T.);
#2186=ORIENTED_EDGE('',*,*,#3571,.T.);
#2187=ORIENTED_EDGE('',*,*,#4249,.T.);
#2188=ORIENTED_EDGE('',*,*,#3986,.T.);
#2189=ORIENTED_EDGE('',*,*,#4330,.F.);
#2190=ORIENTED_EDGE('',*,*,#3640,.F.);
#2191=ORIENTED_EDGE('',*,*,#4239,.T.);
#2192=ORIENTED_EDGE('',*,*,#4022,.F.);
#2193=ORIENTED_EDGE('',*,*,#4318,.F.);
#2194=ORIENTED_EDGE('',*,*,#4343,.F.);
#2195=ORIENTED_EDGE('',*,*,#3927,.F.);
#2196=ORIENTED_EDGE('',*,*,#4343,.T.);
#2197=ORIENTED_EDGE('',*,*,#4317,.T.);
#2198=ORIENTED_EDGE('',*,*,#4344,.F.);
#2199=ORIENTED_EDGE('',*,*,#3928,.T.);
#2200=ORIENTED_EDGE('',*,*,#4020,.F.);
#2201=ORIENTED_EDGE('',*,*,#3572,.F.);
#2202=ORIENTED_EDGE('',*,*,#4342,.F.);
#2203=ORIENTED_EDGE('',*,*,#3985,.F.);
#2204=ORIENTED_EDGE('',*,*,#3929,.F.);
#2205=ORIENTED_EDGE('',*,*,#4344,.T.);
#2206=ORIENTED_EDGE('',*,*,#4319,.T.);
#2207=ORIENTED_EDGE('',*,*,#4169,.T.);
#2208=ORIENTED_EDGE('',*,*,#4196,.F.);
#2209=ORIENTED_EDGE('',*,*,#4325,.T.);
#2210=ORIENTED_EDGE('',*,*,#3877,.F.);
#2211=ORIENTED_EDGE('',*,*,#4158,.T.);
#2212=ORIENTED_EDGE('',*,*,#3839,.F.);
#2213=ORIENTED_EDGE('',*,*,#4229,.T.);
#2214=ORIENTED_EDGE('',*,*,#4001,.T.);
#2215=ORIENTED_EDGE('',*,*,#3650,.T.);
#2216=ORIENTED_EDGE('',*,*,#3827,.T.);
#2217=ORIENTED_EDGE('',*,*,#4327,.T.);
#2218=ORIENTED_EDGE('',*,*,#3575,.T.);
#2219=ORIENTED_EDGE('',*,*,#3992,.T.);
#2220=ORIENTED_EDGE('',*,*,#4341,.T.);
#2221=ORIENTED_EDGE('',*,*,#4333,.T.);
#2222=ORIENTED_EDGE('',*,*,#4226,.F.);
#2223=ORIENTED_EDGE('',*,*,#4345,.F.);
#2224=ORIENTED_EDGE('',*,*,#3915,.F.);
#2225=ORIENTED_EDGE('',*,*,#4042,.F.);
#2226=ORIENTED_EDGE('',*,*,#3895,.F.);
#2227=ORIENTED_EDGE('',*,*,#3990,.F.);
#2228=ORIENTED_EDGE('',*,*,#3815,.F.);
#2229=ORIENTED_EDGE('',*,*,#3521,.F.);
#2230=ORIENTED_EDGE('',*,*,#4064,.F.);
#2231=ORIENTED_EDGE('',*,*,#4133,.F.);
#2232=ORIENTED_EDGE('',*,*,#4335,.T.);
#2233=ORIENTED_EDGE('',*,*,#4198,.T.);
#2234=ORIENTED_EDGE('',*,*,#4069,.T.);
#2235=ORIENTED_EDGE('',*,*,#3916,.T.);
#2236=ORIENTED_EDGE('',*,*,#4345,.T.);
#2237=ORIENTED_EDGE('',*,*,#4197,.T.);
#2238=ORIENTED_EDGE('',*,*,#4346,.T.);
#2239=ORIENTED_EDGE('',*,*,#4347,.T.);
#2240=ORIENTED_EDGE('',*,*,#4348,.F.);
#2241=ORIENTED_EDGE('',*,*,#4349,.T.);
#2242=ORIENTED_EDGE('',*,*,#4350,.F.);
#2243=ORIENTED_EDGE('',*,*,#4351,.F.);
#2244=ORIENTED_EDGE('',*,*,#4352,.T.);
#2245=ORIENTED_EDGE('',*,*,#4353,.F.);
#2246=ORIENTED_EDGE('',*,*,#4354,.T.);
#2247=ORIENTED_EDGE('',*,*,#4355,.T.);
#2248=ORIENTED_EDGE('',*,*,#4356,.F.);
#2249=ORIENTED_EDGE('',*,*,#4357,.T.);
#2250=ORIENTED_EDGE('',*,*,#4358,.F.);
#2251=ORIENTED_EDGE('',*,*,#4359,.F.);
#2252=ORIENTED_EDGE('',*,*,#4360,.T.);
#2253=ORIENTED_EDGE('',*,*,#4361,.T.);
#2254=ORIENTED_EDGE('',*,*,#4362,.F.);
#2255=ORIENTED_EDGE('',*,*,#4363,.T.);
#2256=ORIENTED_EDGE('',*,*,#4364,.F.);
#2257=ORIENTED_EDGE('',*,*,#4365,.F.);
#2258=ORIENTED_EDGE('',*,*,#4366,.T.);
#2259=ORIENTED_EDGE('',*,*,#4367,.T.);
#2260=ORIENTED_EDGE('',*,*,#4368,.F.);
#2261=ORIENTED_EDGE('',*,*,#4369,.F.);
#2262=ORIENTED_EDGE('',*,*,#4370,.T.);
#2263=ORIENTED_EDGE('',*,*,#4371,.F.);
#2264=ORIENTED_EDGE('',*,*,#4372,.F.);
#2265=ORIENTED_EDGE('',*,*,#4373,.T.);
#2266=ORIENTED_EDGE('',*,*,#4374,.T.);
#2267=ORIENTED_EDGE('',*,*,#4375,.T.);
#2268=ORIENTED_EDGE('',*,*,#4376,.T.);
#2269=ORIENTED_EDGE('',*,*,#4377,.F.);
#2270=ORIENTED_EDGE('',*,*,#4378,.T.);
#2271=ORIENTED_EDGE('',*,*,#4379,.T.);
#2272=ORIENTED_EDGE('',*,*,#4380,.T.);
#2273=ORIENTED_EDGE('',*,*,#4381,.T.);
#2274=ORIENTED_EDGE('',*,*,#4382,.T.);
#2275=ORIENTED_EDGE('',*,*,#4383,.T.);
#2276=ORIENTED_EDGE('',*,*,#4384,.T.);
#2277=ORIENTED_EDGE('',*,*,#4385,.T.);
#2278=ORIENTED_EDGE('',*,*,#4386,.F.);
#2279=ORIENTED_EDGE('',*,*,#4387,.T.);
#2280=ORIENTED_EDGE('',*,*,#4388,.F.);
#2281=ORIENTED_EDGE('',*,*,#4389,.T.);
#2282=ORIENTED_EDGE('',*,*,#4390,.T.);
#2283=ORIENTED_EDGE('',*,*,#4391,.T.);
#2284=ORIENTED_EDGE('',*,*,#4392,.T.);
#2285=ORIENTED_EDGE('',*,*,#4393,.T.);
#2286=ORIENTED_EDGE('',*,*,#4394,.F.);
#2287=ORIENTED_EDGE('',*,*,#4395,.F.);
#2288=ORIENTED_EDGE('',*,*,#4396,.F.);
#2289=ORIENTED_EDGE('',*,*,#4397,.F.);
#2290=ORIENTED_EDGE('',*,*,#4398,.F.);
#2291=ORIENTED_EDGE('',*,*,#4399,.F.);
#2292=ORIENTED_EDGE('',*,*,#4392,.F.);
#2293=ORIENTED_EDGE('',*,*,#4400,.T.);
#2294=ORIENTED_EDGE('',*,*,#4401,.T.);
#2295=ORIENTED_EDGE('',*,*,#4402,.T.);
#2296=ORIENTED_EDGE('',*,*,#4403,.F.);
#2297=ORIENTED_EDGE('',*,*,#4404,.T.);
#2298=ORIENTED_EDGE('',*,*,#4405,.F.);
#2299=ORIENTED_EDGE('',*,*,#4406,.T.);
#2300=ORIENTED_EDGE('',*,*,#4407,.T.);
#2301=ORIENTED_EDGE('',*,*,#4408,.F.);
#2302=ORIENTED_EDGE('',*,*,#4409,.F.);
#2303=ORIENTED_EDGE('',*,*,#4347,.F.);
#2304=ORIENTED_EDGE('',*,*,#4410,.T.);
#2305=ORIENTED_EDGE('',*,*,#4411,.T.);
#2306=ORIENTED_EDGE('',*,*,#4412,.F.);
#2307=ORIENTED_EDGE('',*,*,#4413,.T.);
#2308=ORIENTED_EDGE('',*,*,#4414,.T.);
#2309=ORIENTED_EDGE('',*,*,#4415,.T.);
#2310=ORIENTED_EDGE('',*,*,#4416,.F.);
#2311=ORIENTED_EDGE('',*,*,#4417,.T.);
#2312=ORIENTED_EDGE('',*,*,#4414,.F.);
#2313=ORIENTED_EDGE('',*,*,#4418,.T.);
#2314=ORIENTED_EDGE('',*,*,#4419,.T.);
#2315=ORIENTED_EDGE('',*,*,#4420,.F.);
#2316=ORIENTED_EDGE('',*,*,#4421,.T.);
#2317=ORIENTED_EDGE('',*,*,#4422,.F.);
#2318=ORIENTED_EDGE('',*,*,#4423,.F.);
#2319=ORIENTED_EDGE('',*,*,#4424,.T.);
#2320=ORIENTED_EDGE('',*,*,#4425,.F.);
#2321=ORIENTED_EDGE('',*,*,#4426,.F.);
#2322=ORIENTED_EDGE('',*,*,#4427,.T.);
#2323=ORIENTED_EDGE('',*,*,#4428,.F.);
#2324=ORIENTED_EDGE('',*,*,#4429,.F.);
#2325=ORIENTED_EDGE('',*,*,#4430,.F.);
#2326=ORIENTED_EDGE('',*,*,#4431,.F.);
#2327=ORIENTED_EDGE('',*,*,#4432,.F.);
#2328=ORIENTED_EDGE('',*,*,#4433,.T.);
#2329=ORIENTED_EDGE('',*,*,#4434,.T.);
#2330=ORIENTED_EDGE('',*,*,#4435,.T.);
#2331=ORIENTED_EDGE('',*,*,#4436,.T.);
#2332=ORIENTED_EDGE('',*,*,#4437,.T.);
#2333=ORIENTED_EDGE('',*,*,#4438,.F.);
#2334=ORIENTED_EDGE('',*,*,#4439,.T.);
#2335=ORIENTED_EDGE('',*,*,#4440,.F.);
#2336=ORIENTED_EDGE('',*,*,#4441,.T.);
#2337=ORIENTED_EDGE('',*,*,#4442,.F.);
#2338=ORIENTED_EDGE('',*,*,#4443,.T.);
#2339=ORIENTED_EDGE('',*,*,#4444,.T.);
#2340=ORIENTED_EDGE('',*,*,#4445,.T.);
#2341=ORIENTED_EDGE('',*,*,#4446,.F.);
#2342=ORIENTED_EDGE('',*,*,#4447,.F.);
#2343=ORIENTED_EDGE('',*,*,#4408,.T.);
#2344=ORIENTED_EDGE('',*,*,#4448,.F.);
#2345=ORIENTED_EDGE('',*,*,#4449,.T.);
#2346=ORIENTED_EDGE('',*,*,#4450,.F.);
#2347=ORIENTED_EDGE('',*,*,#4445,.F.);
#2348=ORIENTED_EDGE('',*,*,#4451,.T.);
#2349=ORIENTED_EDGE('',*,*,#4452,.T.);
#2350=ORIENTED_EDGE('',*,*,#4453,.T.);
#2351=ORIENTED_EDGE('',*,*,#4454,.F.);
#2352=ORIENTED_EDGE('',*,*,#4455,.T.);
#2353=ORIENTED_EDGE('',*,*,#4456,.F.);
#2354=ORIENTED_EDGE('',*,*,#4457,.F.);
#2355=ORIENTED_EDGE('',*,*,#4458,.F.);
#2356=ORIENTED_EDGE('',*,*,#4459,.F.);
#2357=ORIENTED_EDGE('',*,*,#4460,.F.);
#2358=ORIENTED_EDGE('',*,*,#4461,.F.);
#2359=ORIENTED_EDGE('',*,*,#4462,.T.);
#2360=ORIENTED_EDGE('',*,*,#4463,.T.);
#2361=ORIENTED_EDGE('',*,*,#4464,.F.);
#2362=ORIENTED_EDGE('',*,*,#4465,.T.);
#2363=ORIENTED_EDGE('',*,*,#4466,.T.);
#2364=ORIENTED_EDGE('',*,*,#4467,.F.);
#2365=ORIENTED_EDGE('',*,*,#4468,.F.);
#2366=ORIENTED_EDGE('',*,*,#4469,.T.);
#2367=ORIENTED_EDGE('',*,*,#4351,.T.);
#2368=ORIENTED_EDGE('',*,*,#4470,.F.);
#2369=ORIENTED_EDGE('',*,*,#4471,.T.);
#2370=ORIENTED_EDGE('',*,*,#4472,.F.);
#2371=ORIENTED_EDGE('',*,*,#4473,.T.);
#2372=ORIENTED_EDGE('',*,*,#4474,.F.);
#2373=ORIENTED_EDGE('',*,*,#4356,.T.);
#2374=ORIENTED_EDGE('',*,*,#4475,.F.);
#2375=ORIENTED_EDGE('',*,*,#4476,.T.);
#2376=ORIENTED_EDGE('',*,*,#4477,.T.);
#2377=ORIENTED_EDGE('',*,*,#4478,.F.);
#2378=ORIENTED_EDGE('',*,*,#4479,.T.);
#2379=ORIENTED_EDGE('',*,*,#4480,.T.);
#2380=ORIENTED_EDGE('',*,*,#4481,.T.);
#2381=ORIENTED_EDGE('',*,*,#4482,.F.);
#2382=ORIENTED_EDGE('',*,*,#4395,.T.);
#2383=ORIENTED_EDGE('',*,*,#4483,.F.);
#2384=ORIENTED_EDGE('',*,*,#4484,.F.);
#2385=ORIENTED_EDGE('',*,*,#4485,.T.);
#2386=ORIENTED_EDGE('',*,*,#4486,.F.);
#2387=ORIENTED_EDGE('',*,*,#4487,.F.);
#2388=ORIENTED_EDGE('',*,*,#4488,.F.);
#2389=ORIENTED_EDGE('',*,*,#4489,.F.);
#2390=ORIENTED_EDGE('',*,*,#4490,.F.);
#2391=ORIENTED_EDGE('',*,*,#4491,.F.);
#2392=ORIENTED_EDGE('',*,*,#4492,.F.);
#2393=ORIENTED_EDGE('',*,*,#4493,.F.);
#2394=ORIENTED_EDGE('',*,*,#4494,.F.);
#2395=ORIENTED_EDGE('',*,*,#4495,.F.);
#2396=ORIENTED_EDGE('',*,*,#4496,.F.);
#2397=ORIENTED_EDGE('',*,*,#4497,.F.);
#2398=ORIENTED_EDGE('',*,*,#4498,.F.);
#2399=ORIENTED_EDGE('',*,*,#4499,.F.);
#2400=ORIENTED_EDGE('',*,*,#4386,.T.);
#2401=ORIENTED_EDGE('',*,*,#4380,.F.);
#2402=ORIENTED_EDGE('',*,*,#4500,.F.);
#2403=ORIENTED_EDGE('',*,*,#4501,.F.);
#2404=ORIENTED_EDGE('',*,*,#4502,.T.);
#2405=ORIENTED_EDGE('',*,*,#4503,.T.);
#2406=ORIENTED_EDGE('',*,*,#4398,.T.);
#2407=ORIENTED_EDGE('',*,*,#4504,.T.);
#2408=ORIENTED_EDGE('',*,*,#4505,.T.);
#2409=ORIENTED_EDGE('',*,*,#4506,.F.);
#2410=ORIENTED_EDGE('',*,*,#4507,.T.);
#2411=ORIENTED_EDGE('',*,*,#4508,.T.);
#2412=ORIENTED_EDGE('',*,*,#4509,.F.);
#2413=ORIENTED_EDGE('',*,*,#4510,.T.);
#2414=ORIENTED_EDGE('',*,*,#4511,.T.);
#2415=ORIENTED_EDGE('',*,*,#4512,.T.);
#2416=ORIENTED_EDGE('',*,*,#4412,.T.);
#2417=ORIENTED_EDGE('',*,*,#4513,.T.);
#2418=ORIENTED_EDGE('',*,*,#4514,.T.);
#2419=ORIENTED_EDGE('',*,*,#4515,.T.);
#2420=ORIENTED_EDGE('',*,*,#4516,.F.);
#2421=ORIENTED_EDGE('',*,*,#4517,.T.);
#2422=ORIENTED_EDGE('',*,*,#4518,.F.);
#2423=ORIENTED_EDGE('',*,*,#4519,.T.);
#2424=ORIENTED_EDGE('',*,*,#4520,.T.);
#2425=ORIENTED_EDGE('',*,*,#4403,.T.);
#2426=ORIENTED_EDGE('',*,*,#4521,.T.);
#2427=ORIENTED_EDGE('',*,*,#4366,.F.);
#2428=ORIENTED_EDGE('',*,*,#4522,.T.);
#2429=ORIENTED_EDGE('',*,*,#4523,.F.);
#2430=ORIENTED_EDGE('',*,*,#4524,.T.);
#2431=ORIENTED_EDGE('',*,*,#4438,.T.);
#2432=ORIENTED_EDGE('',*,*,#4525,.T.);
#2433=ORIENTED_EDGE('',*,*,#4526,.F.);
#2434=ORIENTED_EDGE('',*,*,#4527,.T.);
#2435=ORIENTED_EDGE('',*,*,#4528,.T.);
#2436=ORIENTED_EDGE('',*,*,#4529,.F.);
#2437=ORIENTED_EDGE('',*,*,#4530,.T.);
#2438=ORIENTED_EDGE('',*,*,#4531,.F.);
#2439=ORIENTED_EDGE('',*,*,#4532,.F.);
#2440=ORIENTED_EDGE('',*,*,#4533,.T.);
#2441=ORIENTED_EDGE('',*,*,#4534,.F.);
#2442=ORIENTED_EDGE('',*,*,#4492,.T.);
#2443=ORIENTED_EDGE('',*,*,#4535,.F.);
#2444=ORIENTED_EDGE('',*,*,#4536,.F.);
#2445=ORIENTED_EDGE('',*,*,#4537,.T.);
#2446=ORIENTED_EDGE('',*,*,#4538,.T.);
#2447=ORIENTED_EDGE('',*,*,#4539,.F.);
#2448=ORIENTED_EDGE('',*,*,#4540,.F.);
#2449=ORIENTED_EDGE('',*,*,#4374,.F.);
#2450=ORIENTED_EDGE('',*,*,#4541,.F.);
#2451=ORIENTED_EDGE('',*,*,#4439,.F.);
#2452=ORIENTED_EDGE('',*,*,#4542,.T.);
#2453=ORIENTED_EDGE('',*,*,#4536,.T.);
#2454=ORIENTED_EDGE('',*,*,#4543,.F.);
#2455=ORIENTED_EDGE('',*,*,#4544,.F.);
#2456=ORIENTED_EDGE('',*,*,#4545,.F.);
#2457=ORIENTED_EDGE('',*,*,#4546,.F.);
#2458=ORIENTED_EDGE('',*,*,#4547,.T.);
#2459=ORIENTED_EDGE('',*,*,#4548,.T.);
#2460=ORIENTED_EDGE('',*,*,#4511,.F.);
#2461=ORIENTED_EDGE('',*,*,#4549,.T.);
#2462=ORIENTED_EDGE('',*,*,#4550,.F.);
#2463=ORIENTED_EDGE('',*,*,#4551,.F.);
#2464=ORIENTED_EDGE('',*,*,#4389,.F.);
#2465=ORIENTED_EDGE('',*,*,#4552,.T.);
#2466=ORIENTED_EDGE('',*,*,#4553,.T.);
#2467=ORIENTED_EDGE('',*,*,#4554,.T.);
#2468=ORIENTED_EDGE('',*,*,#4384,.F.);
#2469=ORIENTED_EDGE('',*,*,#4555,.T.);
#2470=ORIENTED_EDGE('',*,*,#4518,.T.);
#2471=ORIENTED_EDGE('',*,*,#4556,.T.);
#2472=ORIENTED_EDGE('',*,*,#4557,.F.);
#2473=ORIENTED_EDGE('',*,*,#4558,.F.);
#2474=ORIENTED_EDGE('',*,*,#4453,.F.);
#2475=ORIENTED_EDGE('',*,*,#4559,.F.);
#2476=ORIENTED_EDGE('',*,*,#4560,.T.);
#2477=ORIENTED_EDGE('',*,*,#4561,.F.);
#2478=ORIENTED_EDGE('',*,*,#4562,.T.);
#2479=ORIENTED_EDGE('',*,*,#4563,.F.);
#2480=ORIENTED_EDGE('',*,*,#4564,.F.);
#2481=ORIENTED_EDGE('',*,*,#4565,.T.);
#2482=ORIENTED_EDGE('',*,*,#4566,.T.);
#2483=ORIENTED_EDGE('',*,*,#4567,.F.);
#2484=ORIENTED_EDGE('',*,*,#4568,.F.);
#2485=ORIENTED_EDGE('',*,*,#4569,.F.);
#2486=ORIENTED_EDGE('',*,*,#4570,.T.);
#2487=ORIENTED_EDGE('',*,*,#4571,.F.);
#2488=ORIENTED_EDGE('',*,*,#4572,.F.);
#2489=ORIENTED_EDGE('',*,*,#4573,.T.);
#2490=ORIENTED_EDGE('',*,*,#4574,.T.);
#2491=ORIENTED_EDGE('',*,*,#4575,.T.);
#2492=ORIENTED_EDGE('',*,*,#4387,.F.);
#2493=ORIENTED_EDGE('',*,*,#4499,.T.);
#2494=ORIENTED_EDGE('',*,*,#4576,.F.);
#2495=ORIENTED_EDGE('',*,*,#4577,.F.);
#2496=ORIENTED_EDGE('',*,*,#4578,.F.);
#2497=ORIENTED_EDGE('',*,*,#4579,.F.);
#2498=ORIENTED_EDGE('',*,*,#4580,.F.);
#2499=ORIENTED_EDGE('',*,*,#4581,.T.);
#2500=ORIENTED_EDGE('',*,*,#4531,.T.);
#2501=ORIENTED_EDGE('',*,*,#4582,.T.);
#2502=ORIENTED_EDGE('',*,*,#4583,.F.);
#2503=ORIENTED_EDGE('',*,*,#4584,.T.);
#2504=ORIENTED_EDGE('',*,*,#4585,.F.);
#2505=ORIENTED_EDGE('',*,*,#4586,.T.);
#2506=ORIENTED_EDGE('',*,*,#4587,.T.);
#2507=ORIENTED_EDGE('',*,*,#4588,.F.);
#2508=ORIENTED_EDGE('',*,*,#4560,.F.);
#2509=ORIENTED_EDGE('',*,*,#4589,.F.);
#2510=ORIENTED_EDGE('',*,*,#4590,.T.);
#2511=ORIENTED_EDGE('',*,*,#4587,.F.);
#2512=ORIENTED_EDGE('',*,*,#4591,.F.);
#2513=ORIENTED_EDGE('',*,*,#4592,.F.);
#2514=ORIENTED_EDGE('',*,*,#4407,.F.);
#2515=ORIENTED_EDGE('',*,*,#4593,.F.);
#2516=ORIENTED_EDGE('',*,*,#4594,.T.);
#2517=ORIENTED_EDGE('',*,*,#4595,.F.);
#2518=ORIENTED_EDGE('',*,*,#4596,.T.);
#2519=ORIENTED_EDGE('',*,*,#4597,.F.);
#2520=ORIENTED_EDGE('',*,*,#4598,.T.);
#2521=ORIENTED_EDGE('',*,*,#4599,.F.);
#2522=ORIENTED_EDGE('',*,*,#4600,.T.);
#2523=ORIENTED_EDGE('',*,*,#4601,.F.);
#2524=ORIENTED_EDGE('',*,*,#4602,.F.);
#2525=ORIENTED_EDGE('',*,*,#4603,.F.);
#2526=ORIENTED_EDGE('',*,*,#4500,.T.);
#2527=ORIENTED_EDGE('',*,*,#4379,.F.);
#2528=ORIENTED_EDGE('',*,*,#4604,.T.);
#2529=ORIENTED_EDGE('',*,*,#4605,.T.);
#2530=ORIENTED_EDGE('',*,*,#4606,.T.);
#2531=ORIENTED_EDGE('',*,*,#4557,.T.);
#2532=ORIENTED_EDGE('',*,*,#4607,.T.);
#2533=ORIENTED_EDGE('',*,*,#4608,.T.);
#2534=ORIENTED_EDGE('',*,*,#4609,.T.);
#2535=ORIENTED_EDGE('',*,*,#4610,.F.);
#2536=ORIENTED_EDGE('',*,*,#4611,.F.);
#2537=ORIENTED_EDGE('',*,*,#4612,.T.);
#2538=ORIENTED_EDGE('',*,*,#4613,.T.);
#2539=ORIENTED_EDGE('',*,*,#4547,.F.);
#2540=ORIENTED_EDGE('',*,*,#4614,.T.);
#2541=ORIENTED_EDGE('',*,*,#4615,.T.);
#2542=ORIENTED_EDGE('',*,*,#4616,.T.);
#2543=ORIENTED_EDGE('',*,*,#4617,.T.);
#2544=ORIENTED_EDGE('',*,*,#4618,.F.);
#2545=ORIENTED_EDGE('',*,*,#4619,.T.);
#2546=ORIENTED_EDGE('',*,*,#4436,.F.);
#2547=ORIENTED_EDGE('',*,*,#4620,.T.);
#2548=ORIENTED_EDGE('',*,*,#4621,.T.);
#2549=ORIENTED_EDGE('',*,*,#4622,.T.);
#2550=ORIENTED_EDGE('',*,*,#4368,.T.);
#2551=ORIENTED_EDGE('',*,*,#4623,.T.);
#2552=ORIENTED_EDGE('',*,*,#4401,.F.);
#2553=ORIENTED_EDGE('',*,*,#4588,.T.);
#2554=ORIENTED_EDGE('',*,*,#4624,.F.);
#2555=ORIENTED_EDGE('',*,*,#4625,.T.);
#2556=ORIENTED_EDGE('',*,*,#4561,.T.);
#2557=ORIENTED_EDGE('',*,*,#4626,.T.);
#2558=ORIENTED_EDGE('',*,*,#4627,.F.);
#2559=ORIENTED_EDGE('',*,*,#4600,.F.);
#2560=ORIENTED_EDGE('',*,*,#4628,.T.);
#2561=ORIENTED_EDGE('',*,*,#4629,.F.);
#2562=ORIENTED_EDGE('',*,*,#4630,.F.);
#2563=ORIENTED_EDGE('',*,*,#4631,.T.);
#2564=ORIENTED_EDGE('',*,*,#4441,.F.);
#2565=ORIENTED_EDGE('',*,*,#4632,.T.);
#2566=ORIENTED_EDGE('',*,*,#4608,.F.);
#2567=ORIENTED_EDGE('',*,*,#4633,.F.);
#2568=ORIENTED_EDGE('',*,*,#4516,.T.);
#2569=ORIENTED_EDGE('',*,*,#4634,.F.);
#2570=ORIENTED_EDGE('',*,*,#4635,.F.);
#2571=ORIENTED_EDGE('',*,*,#4636,.F.);
#2572=ORIENTED_EDGE('',*,*,#4637,.T.);
#2573=ORIENTED_EDGE('',*,*,#4378,.F.);
#2574=ORIENTED_EDGE('',*,*,#4638,.F.);
#2575=ORIENTED_EDGE('',*,*,#4639,.F.);
#2576=ORIENTED_EDGE('',*,*,#4640,.T.);
#2577=ORIENTED_EDGE('',*,*,#4641,.T.);
#2578=ORIENTED_EDGE('',*,*,#4642,.T.);
#2579=ORIENTED_EDGE('',*,*,#4643,.T.);
#2580=ORIENTED_EDGE('',*,*,#4644,.F.);
#2581=ORIENTED_EDGE('',*,*,#4645,.F.);
#2582=ORIENTED_EDGE('',*,*,#4646,.F.);
#2583=ORIENTED_EDGE('',*,*,#4647,.F.);
#2584=ORIENTED_EDGE('',*,*,#4648,.F.);
#2585=ORIENTED_EDGE('',*,*,#4649,.F.);
#2586=ORIENTED_EDGE('',*,*,#4650,.F.);
#2587=ORIENTED_EDGE('',*,*,#4651,.F.);
#2588=ORIENTED_EDGE('',*,*,#4652,.F.);
#2589=ORIENTED_EDGE('',*,*,#4463,.F.);
#2590=ORIENTED_EDGE('',*,*,#4653,.F.);
#2591=ORIENTED_EDGE('',*,*,#4370,.F.);
#2592=ORIENTED_EDGE('',*,*,#4654,.T.);
#2593=ORIENTED_EDGE('',*,*,#4655,.T.);
#2594=ORIENTED_EDGE('',*,*,#4656,.F.);
#2595=ORIENTED_EDGE('',*,*,#4657,.F.);
#2596=ORIENTED_EDGE('',*,*,#4658,.T.);
#2597=ORIENTED_EDGE('',*,*,#4659,.T.);
#2598=ORIENTED_EDGE('',*,*,#4660,.F.);
#2599=ORIENTED_EDGE('',*,*,#4661,.F.);
#2600=ORIENTED_EDGE('',*,*,#4662,.T.);
#2601=ORIENTED_EDGE('',*,*,#4567,.T.);
#2602=ORIENTED_EDGE('',*,*,#4663,.T.);
#2603=ORIENTED_EDGE('',*,*,#4664,.T.);
#2604=ORIENTED_EDGE('',*,*,#4665,.F.);
#2605=ORIENTED_EDGE('',*,*,#4504,.F.);
#2606=ORIENTED_EDGE('',*,*,#4400,.F.);
#2607=ORIENTED_EDGE('',*,*,#4391,.F.);
#2608=ORIENTED_EDGE('',*,*,#4666,.F.);
#2609=ORIENTED_EDGE('',*,*,#4667,.F.);
#2610=ORIENTED_EDGE('',*,*,#4668,.F.);
#2611=ORIENTED_EDGE('',*,*,#4418,.F.);
#2612=ORIENTED_EDGE('',*,*,#4413,.F.);
#2613=ORIENTED_EDGE('',*,*,#4512,.F.);
#2614=ORIENTED_EDGE('',*,*,#4548,.F.);
#2615=ORIENTED_EDGE('',*,*,#4613,.F.);
#2616=ORIENTED_EDGE('',*,*,#4669,.F.);
#2617=ORIENTED_EDGE('',*,*,#4670,.T.);
#2618=ORIENTED_EDGE('',*,*,#4671,.T.);
#2619=ORIENTED_EDGE('',*,*,#4672,.T.);
#2620=ORIENTED_EDGE('',*,*,#4673,.F.);
#2621=ORIENTED_EDGE('',*,*,#4674,.F.);
#2622=ORIENTED_EDGE('',*,*,#4659,.F.);
#2623=ORIENTED_EDGE('',*,*,#4675,.F.);
#2624=ORIENTED_EDGE('',*,*,#4676,.T.);
#2625=ORIENTED_EDGE('',*,*,#4590,.F.);
#2626=ORIENTED_EDGE('',*,*,#4677,.F.);
#2627=ORIENTED_EDGE('',*,*,#4636,.T.);
#2628=ORIENTED_EDGE('',*,*,#4678,.F.);
#2629=ORIENTED_EDGE('',*,*,#4679,.F.);
#2630=ORIENTED_EDGE('',*,*,#4624,.T.);
#2631=ORIENTED_EDGE('',*,*,#4680,.T.);
#2632=ORIENTED_EDGE('',*,*,#4681,.T.);
#2633=ORIENTED_EDGE('',*,*,#4682,.F.);
#2634=ORIENTED_EDGE('',*,*,#4472,.T.);
#2635=ORIENTED_EDGE('',*,*,#4683,.F.);
#2636=ORIENTED_EDGE('',*,*,#4684,.F.);
#2637=ORIENTED_EDGE('',*,*,#4685,.F.);
#2638=ORIENTED_EDGE('',*,*,#4686,.T.);
#2639=ORIENTED_EDGE('',*,*,#4687,.T.);
#2640=ORIENTED_EDGE('',*,*,#4688,.F.);
#2641=ORIENTED_EDGE('',*,*,#4689,.F.);
#2642=ORIENTED_EDGE('',*,*,#4690,.T.);
#2643=ORIENTED_EDGE('',*,*,#4575,.F.);
#2644=ORIENTED_EDGE('',*,*,#4691,.F.);
#2645=ORIENTED_EDGE('',*,*,#4549,.F.);
#2646=ORIENTED_EDGE('',*,*,#4388,.T.);
#2647=ORIENTED_EDGE('',*,*,#4692,.F.);
#2648=ORIENTED_EDGE('',*,*,#4693,.F.);
#2649=ORIENTED_EDGE('',*,*,#4424,.F.);
#2650=ORIENTED_EDGE('',*,*,#4694,.F.);
#2651=ORIENTED_EDGE('',*,*,#4695,.F.);
#2652=ORIENTED_EDGE('',*,*,#4696,.T.);
#2653=ORIENTED_EDGE('',*,*,#4626,.F.);
#2654=ORIENTED_EDGE('',*,*,#4697,.F.);
#2655=ORIENTED_EDGE('',*,*,#4698,.T.);
#2656=ORIENTED_EDGE('',*,*,#4699,.T.);
#2657=ORIENTED_EDGE('',*,*,#4700,.T.);
#2658=ORIENTED_EDGE('',*,*,#4701,.F.);
#2659=ORIENTED_EDGE('',*,*,#4702,.F.);
#2660=ORIENTED_EDGE('',*,*,#4703,.T.);
#2661=ORIENTED_EDGE('',*,*,#4704,.F.);
#2662=ORIENTED_EDGE('',*,*,#4705,.F.);
#2663=ORIENTED_EDGE('',*,*,#4426,.T.);
#2664=ORIENTED_EDGE('',*,*,#4706,.F.);
#2665=ORIENTED_EDGE('',*,*,#4707,.F.);
#2666=ORIENTED_EDGE('',*,*,#4708,.F.);
#2667=ORIENTED_EDGE('',*,*,#4709,.F.);
#2668=ORIENTED_EDGE('',*,*,#4710,.F.);
#2669=ORIENTED_EDGE('',*,*,#4711,.T.);
#2670=ORIENTED_EDGE('',*,*,#4712,.T.);
#2671=ORIENTED_EDGE('',*,*,#4713,.F.);
#2672=ORIENTED_EDGE('',*,*,#4655,.F.);
#2673=ORIENTED_EDGE('',*,*,#4714,.F.);
#2674=ORIENTED_EDGE('',*,*,#4715,.F.);
#2675=ORIENTED_EDGE('',*,*,#4716,.F.);
#2676=ORIENTED_EDGE('',*,*,#4717,.F.);
#2677=ORIENTED_EDGE('',*,*,#4382,.F.);
#2678=ORIENTED_EDGE('',*,*,#4718,.T.);
#2679=ORIENTED_EDGE('',*,*,#4719,.F.);
#2680=ORIENTED_EDGE('',*,*,#4720,.F.);
#2681=ORIENTED_EDGE('',*,*,#4721,.F.);
#2682=ORIENTED_EDGE('',*,*,#4722,.T.);
#2683=ORIENTED_EDGE('',*,*,#4723,.F.);
#2684=ORIENTED_EDGE('',*,*,#4724,.T.);
#2685=ORIENTED_EDGE('',*,*,#4725,.F.);
#2686=ORIENTED_EDGE('',*,*,#4726,.F.);
#2687=ORIENTED_EDGE('',*,*,#4494,.T.);
#2688=ORIENTED_EDGE('',*,*,#4727,.T.);
#2689=ORIENTED_EDGE('',*,*,#4421,.F.);
#2690=ORIENTED_EDGE('',*,*,#4728,.F.);
#2691=ORIENTED_EDGE('',*,*,#4729,.F.);
#2692=ORIENTED_EDGE('',*,*,#4730,.F.);
#2693=ORIENTED_EDGE('',*,*,#4731,.F.);
#2694=ORIENTED_EDGE('',*,*,#4732,.F.);
#2695=ORIENTED_EDGE('',*,*,#4733,.F.);
#2696=ORIENTED_EDGE('',*,*,#4354,.F.);
#2697=ORIENTED_EDGE('',*,*,#4734,.F.);
#2698=ORIENTED_EDGE('',*,*,#4735,.F.);
#2699=ORIENTED_EDGE('',*,*,#4736,.F.);
#2700=ORIENTED_EDGE('',*,*,#4581,.F.);
#2701=ORIENTED_EDGE('',*,*,#4598,.F.);
#2702=ORIENTED_EDGE('',*,*,#4737,.F.);
#2703=ORIENTED_EDGE('',*,*,#4532,.T.);
#2704=ORIENTED_EDGE('',*,*,#4738,.F.);
#2705=ORIENTED_EDGE('',*,*,#4739,.T.);
#2706=ORIENTED_EDGE('',*,*,#4430,.T.);
#2707=ORIENTED_EDGE('',*,*,#4740,.F.);
#2708=ORIENTED_EDGE('',*,*,#4741,.F.);
#2709=ORIENTED_EDGE('',*,*,#4742,.F.);
#2710=ORIENTED_EDGE('',*,*,#4743,.F.);
#2711=ORIENTED_EDGE('',*,*,#4744,.F.);
#2712=ORIENTED_EDGE('',*,*,#4745,.T.);
#2713=ORIENTED_EDGE('',*,*,#4746,.T.);
#2714=ORIENTED_EDGE('',*,*,#4747,.T.);
#2715=ORIENTED_EDGE('',*,*,#4748,.T.);
#2716=ORIENTED_EDGE('',*,*,#4428,.T.);
#2717=ORIENTED_EDGE('',*,*,#4749,.T.);
#2718=ORIENTED_EDGE('',*,*,#4750,.T.);
#2719=ORIENTED_EDGE('',*,*,#4751,.T.);
#2720=ORIENTED_EDGE('',*,*,#4579,.T.);
#2721=ORIENTED_EDGE('',*,*,#4752,.T.);
#2722=ORIENTED_EDGE('',*,*,#4656,.T.);
#2723=ORIENTED_EDGE('',*,*,#4713,.T.);
#2724=ORIENTED_EDGE('',*,*,#4753,.T.);
#2725=ORIENTED_EDGE('',*,*,#4754,.T.);
#2726=ORIENTED_EDGE('',*,*,#4701,.T.);
#2727=ORIENTED_EDGE('',*,*,#4755,.T.);
#2728=ORIENTED_EDGE('',*,*,#4568,.T.);
#2729=ORIENTED_EDGE('',*,*,#4665,.T.);
#2730=ORIENTED_EDGE('',*,*,#4756,.T.);
#2731=ORIENTED_EDGE('',*,*,#4757,.T.);
#2732=ORIENTED_EDGE('',*,*,#4542,.F.);
#2733=ORIENTED_EDGE('',*,*,#4442,.T.);
#2734=ORIENTED_EDGE('',*,*,#4631,.F.);
#2735=ORIENTED_EDGE('',*,*,#4758,.T.);
#2736=ORIENTED_EDGE('',*,*,#4565,.F.);
#2737=ORIENTED_EDGE('',*,*,#4759,.T.);
#2738=ORIENTED_EDGE('',*,*,#4760,.F.);
#2739=ORIENTED_EDGE('',*,*,#4761,.F.);
#2740=ORIENTED_EDGE('',*,*,#4762,.T.);
#2741=ORIENTED_EDGE('',*,*,#4763,.F.);
#2742=ORIENTED_EDGE('',*,*,#4722,.F.);
#2743=ORIENTED_EDGE('',*,*,#4764,.T.);
#2744=ORIENTED_EDGE('',*,*,#4765,.T.);
#2745=ORIENTED_EDGE('',*,*,#4710,.T.);
#2746=ORIENTED_EDGE('',*,*,#4766,.T.);
#2747=ORIENTED_EDGE('',*,*,#4464,.T.);
#2748=ORIENTED_EDGE('',*,*,#4654,.F.);
#2749=ORIENTED_EDGE('',*,*,#4373,.F.);
#2750=ORIENTED_EDGE('',*,*,#4767,.T.);
#2751=ORIENTED_EDGE('',*,*,#4375,.F.);
#2752=ORIENTED_EDGE('',*,*,#4768,.T.);
#2753=ORIENTED_EDGE('',*,*,#4488,.T.);
#2754=ORIENTED_EDGE('',*,*,#4769,.T.);
#2755=ORIENTED_EDGE('',*,*,#4770,.T.);
#2756=ORIENTED_EDGE('',*,*,#4446,.T.);
#2757=ORIENTED_EDGE('',*,*,#4450,.T.);
#2758=ORIENTED_EDGE('',*,*,#4771,.T.);
#2759=ORIENTED_EDGE('',*,*,#4772,.T.);
#2760=ORIENTED_EDGE('',*,*,#4480,.F.);
#2761=ORIENTED_EDGE('',*,*,#4773,.T.);
#2762=ORIENTED_EDGE('',*,*,#4673,.T.);
#2763=ORIENTED_EDGE('',*,*,#4774,.T.);
#2764=ORIENTED_EDGE('',*,*,#4574,.F.);
#2765=ORIENTED_EDGE('',*,*,#4775,.T.);
#2766=ORIENTED_EDGE('',*,*,#4688,.T.);
#2767=ORIENTED_EDGE('',*,*,#4776,.T.);
#2768=ORIENTED_EDGE('',*,*,#4777,.T.);
#2769=ORIENTED_EDGE('',*,*,#4459,.T.);
#2770=ORIENTED_EDGE('',*,*,#4778,.F.);
#2771=ORIENTED_EDGE('',*,*,#4501,.T.);
#2772=ORIENTED_EDGE('',*,*,#4603,.T.);
#2773=ORIENTED_EDGE('',*,*,#4779,.T.);
#2774=ORIENTED_EDGE('',*,*,#4361,.F.);
#2775=ORIENTED_EDGE('',*,*,#4780,.T.);
#2776=ORIENTED_EDGE('',*,*,#4483,.T.);
#2777=ORIENTED_EDGE('',*,*,#4394,.T.);
#2778=ORIENTED_EDGE('',*,*,#4781,.T.);
#2779=ORIENTED_EDGE('',*,*,#4651,.T.);
#2780=ORIENTED_EDGE('',*,*,#4782,.T.);
#2781=ORIENTED_EDGE('',*,*,#4583,.T.);
#2782=ORIENTED_EDGE('',*,*,#4783,.F.);
#2783=ORIENTED_EDGE('',*,*,#4614,.F.);
#2784=ORIENTED_EDGE('',*,*,#4546,.T.);
#2785=ORIENTED_EDGE('',*,*,#4510,.F.);
#2786=ORIENTED_EDGE('',*,*,#4784,.F.);
#2787=ORIENTED_EDGE('',*,*,#4514,.F.);
#2788=ORIENTED_EDGE('',*,*,#4785,.F.);
#2789=ORIENTED_EDGE('',*,*,#4610,.T.);
#2790=ORIENTED_EDGE('',*,*,#4497,.T.);
#2791=ORIENTED_EDGE('',*,*,#4385,.F.);
#2792=ORIENTED_EDGE('',*,*,#4554,.F.);
#2793=ORIENTED_EDGE('',*,*,#4786,.F.);
#2794=ORIENTED_EDGE('',*,*,#4619,.F.);
#2795=ORIENTED_EDGE('',*,*,#4787,.F.);
#2796=ORIENTED_EDGE('',*,*,#4788,.F.);
#2797=ORIENTED_EDGE('',*,*,#4525,.F.);
#2798=ORIENTED_EDGE('',*,*,#4437,.F.);
#2799=ORIENTED_EDGE('',*,*,#4789,.F.);
#2800=ORIENTED_EDGE('',*,*,#4423,.T.);
#2801=ORIENTED_EDGE('',*,*,#4790,.F.);
#2802=ORIENTED_EDGE('',*,*,#4791,.F.);
#2803=ORIENTED_EDGE('',*,*,#4792,.F.);
#2804=ORIENTED_EDGE('',*,*,#4365,.T.);
#2805=ORIENTED_EDGE('',*,*,#4641,.F.);
#2806=ORIENTED_EDGE('',*,*,#4793,.F.);
#2807=ORIENTED_EDGE('',*,*,#4794,.T.);
#2808=ORIENTED_EDGE('',*,*,#4795,.T.);
#2809=ORIENTED_EDGE('',*,*,#4796,.F.);
#2810=ORIENTED_EDGE('',*,*,#4797,.T.);
#2811=ORIENTED_EDGE('',*,*,#4460,.T.);
#2812=ORIENTED_EDGE('',*,*,#4777,.F.);
#2813=ORIENTED_EDGE('',*,*,#4798,.F.);
#2814=ORIENTED_EDGE('',*,*,#4799,.F.);
#2815=ORIENTED_EDGE('',*,*,#4539,.T.);
#2816=ORIENTED_EDGE('',*,*,#4800,.F.);
#2817=ORIENTED_EDGE('',*,*,#4801,.F.);
#2818=ORIENTED_EDGE('',*,*,#4802,.F.);
#2819=ORIENTED_EDGE('',*,*,#4803,.F.);
#2820=ORIENTED_EDGE('',*,*,#4762,.F.);
#2821=ORIENTED_EDGE('',*,*,#4804,.T.);
#2822=ORIENTED_EDGE('',*,*,#4805,.F.);
#2823=ORIENTED_EDGE('',*,*,#4806,.F.);
#2824=ORIENTED_EDGE('',*,*,#4750,.F.);
#2825=ORIENTED_EDGE('',*,*,#4807,.F.);
#2826=ORIENTED_EDGE('',*,*,#4808,.T.);
#2827=ORIENTED_EDGE('',*,*,#4358,.T.);
#2828=ORIENTED_EDGE('',*,*,#4779,.F.);
#2829=ORIENTED_EDGE('',*,*,#4602,.T.);
#2830=ORIENTED_EDGE('',*,*,#4809,.F.);
#2831=ORIENTED_EDGE('',*,*,#4810,.T.);
#2832=ORIENTED_EDGE('',*,*,#4787,.T.);
#2833=ORIENTED_EDGE('',*,*,#4618,.T.);
#2834=ORIENTED_EDGE('',*,*,#4811,.F.);
#2835=ORIENTED_EDGE('',*,*,#4812,.F.);
#2836=ORIENTED_EDGE('',*,*,#4718,.F.);
#2837=ORIENTED_EDGE('',*,*,#4381,.F.);
#2838=ORIENTED_EDGE('',*,*,#4502,.F.);
#2839=ORIENTED_EDGE('',*,*,#4778,.T.);
#2840=ORIENTED_EDGE('',*,*,#4462,.F.);
#2841=ORIENTED_EDGE('',*,*,#4813,.F.);
#2842=ORIENTED_EDGE('',*,*,#4814,.F.);
#2843=ORIENTED_EDGE('',*,*,#4815,.F.);
#2844=ORIENTED_EDGE('',*,*,#4732,.T.);
#2845=ORIENTED_EDGE('',*,*,#4816,.F.);
#2846=ORIENTED_EDGE('',*,*,#4495,.T.);
#2847=ORIENTED_EDGE('',*,*,#4728,.T.);
#2848=ORIENTED_EDGE('',*,*,#4420,.T.);
#2849=ORIENTED_EDGE('',*,*,#4789,.T.);
#2850=ORIENTED_EDGE('',*,*,#4817,.T.);
#2851=ORIENTED_EDGE('',*,*,#4723,.T.);
#2852=ORIENTED_EDGE('',*,*,#4818,.T.);
#2853=ORIENTED_EDGE('',*,*,#4819,.T.);
#2854=ORIENTED_EDGE('',*,*,#4695,.T.);
#2855=ORIENTED_EDGE('',*,*,#4820,.T.);
#2856=ORIENTED_EDGE('',*,*,#4362,.T.);
#2857=ORIENTED_EDGE('',*,*,#4792,.T.);
#2858=ORIENTED_EDGE('',*,*,#4821,.T.);
#2859=ORIENTED_EDGE('',*,*,#4646,.T.);
#2860=ORIENTED_EDGE('',*,*,#4822,.T.);
#2861=ORIENTED_EDGE('',*,*,#4823,.T.);
#2862=ORIENTED_EDGE('',*,*,#4824,.F.);
#2863=ORIENTED_EDGE('',*,*,#4607,.F.);
#2864=ORIENTED_EDGE('',*,*,#4556,.F.);
#2865=ORIENTED_EDGE('',*,*,#4517,.F.);
#2866=ORIENTED_EDGE('',*,*,#4633,.T.);
#2867=ORIENTED_EDGE('',*,*,#4719,.T.);
#2868=ORIENTED_EDGE('',*,*,#4763,.T.);
#2869=ORIENTED_EDGE('',*,*,#4803,.T.);
#2870=ORIENTED_EDGE('',*,*,#4825,.F.);
#2871=ORIENTED_EDGE('',*,*,#4826,.T.);
#2872=ORIENTED_EDGE('',*,*,#4621,.F.);
#2873=ORIENTED_EDGE('',*,*,#4827,.F.);
#2874=ORIENTED_EDGE('',*,*,#4523,.T.);
#2875=ORIENTED_EDGE('',*,*,#4828,.T.);
#2876=ORIENTED_EDGE('',*,*,#4759,.F.);
#2877=ORIENTED_EDGE('',*,*,#4564,.T.);
#2878=ORIENTED_EDGE('',*,*,#4829,.F.);
#2879=ORIENTED_EDGE('',*,*,#4775,.F.);
#2880=ORIENTED_EDGE('',*,*,#4573,.F.);
#2881=ORIENTED_EDGE('',*,*,#4830,.F.);
#2882=ORIENTED_EDGE('',*,*,#4689,.T.);
#2883=ORIENTED_EDGE('',*,*,#4756,.F.);
#2884=ORIENTED_EDGE('',*,*,#4664,.F.);
#2885=ORIENTED_EDGE('',*,*,#4831,.F.);
#2886=ORIENTED_EDGE('',*,*,#4832,.F.);
#2887=ORIENTED_EDGE('',*,*,#4551,.T.);
#2888=ORIENTED_EDGE('',*,*,#4833,.T.);
#2889=ORIENTED_EDGE('',*,*,#4666,.T.);
#2890=ORIENTED_EDGE('',*,*,#4390,.F.);
#2891=ORIENTED_EDGE('',*,*,#4834,.F.);
#2892=ORIENTED_EDGE('',*,*,#4835,.F.);
#2893=ORIENTED_EDGE('',*,*,#4836,.F.);
#2894=ORIENTED_EDGE('',*,*,#4837,.F.);
#2895=ORIENTED_EDGE('',*,*,#4477,.F.);
#2896=ORIENTED_EDGE('',*,*,#4838,.T.);
#2897=ORIENTED_EDGE('',*,*,#4839,.T.);
#2898=ORIENTED_EDGE('',*,*,#4840,.F.);
#2899=ORIENTED_EDGE('',*,*,#4841,.T.);
#2900=ORIENTED_EDGE('',*,*,#4432,.T.);
#2901=ORIENTED_EDGE('',*,*,#4842,.F.);
#2902=ORIENTED_EDGE('',*,*,#4843,.F.);
#2903=ORIENTED_EDGE('',*,*,#4844,.T.);
#2904=ORIENTED_EDGE('',*,*,#4644,.T.);
#2905=ORIENTED_EDGE('',*,*,#4845,.F.);
#2906=ORIENTED_EDGE('',*,*,#4507,.F.);
#2907=ORIENTED_EDGE('',*,*,#4846,.T.);
#2908=ORIENTED_EDGE('',*,*,#4847,.F.);
#2909=ORIENTED_EDGE('',*,*,#4848,.F.);
#2910=ORIENTED_EDGE('',*,*,#4849,.F.);
#2911=ORIENTED_EDGE('',*,*,#4842,.T.);
#2912=ORIENTED_EDGE('',*,*,#4431,.T.);
#2913=ORIENTED_EDGE('',*,*,#4739,.F.);
#2914=ORIENTED_EDGE('',*,*,#4850,.F.);
#2915=ORIENTED_EDGE('',*,*,#4851,.F.);
#2916=ORIENTED_EDGE('',*,*,#4852,.T.);
#2917=ORIENTED_EDGE('',*,*,#4411,.F.);
#2918=ORIENTED_EDGE('',*,*,#4853,.T.);
#2919=ORIENTED_EDGE('',*,*,#4639,.T.);
#2920=ORIENTED_EDGE('',*,*,#4854,.T.);
#2921=ORIENTED_EDGE('',*,*,#4855,.F.);
#2922=ORIENTED_EDGE('',*,*,#4838,.F.);
#2923=ORIENTED_EDGE('',*,*,#4476,.F.);
#2924=ORIENTED_EDGE('',*,*,#4856,.F.);
#2925=ORIENTED_EDGE('',*,*,#4857,.F.);
#2926=ORIENTED_EDGE('',*,*,#4766,.F.);
#2927=ORIENTED_EDGE('',*,*,#4709,.T.);
#2928=ORIENTED_EDGE('',*,*,#4858,.T.);
#2929=ORIENTED_EDGE('',*,*,#4533,.F.);
#2930=ORIENTED_EDGE('',*,*,#4737,.T.);
#2931=ORIENTED_EDGE('',*,*,#4597,.T.);
#2932=ORIENTED_EDGE('',*,*,#4859,.F.);
#2933=ORIENTED_EDGE('',*,*,#4860,.F.);
#2934=ORIENTED_EDGE('',*,*,#4861,.F.);
#2935=ORIENTED_EDGE('',*,*,#4814,.T.);
#2936=ORIENTED_EDGE('',*,*,#4589,.T.);
#2937=ORIENTED_EDGE('',*,*,#4559,.T.);
#2938=ORIENTED_EDGE('',*,*,#4452,.F.);
#2939=ORIENTED_EDGE('',*,*,#4862,.T.);
#2940=ORIENTED_EDGE('',*,*,#4637,.F.);
#2941=ORIENTED_EDGE('',*,*,#4677,.T.);
#2942=ORIENTED_EDGE('',*,*,#4863,.T.);
#2943=ORIENTED_EDGE('',*,*,#4349,.F.);
#2944=ORIENTED_EDGE('',*,*,#4864,.F.);
#2945=ORIENTED_EDGE('',*,*,#4851,.T.);
#2946=ORIENTED_EDGE('',*,*,#4865,.T.);
#2947=ORIENTED_EDGE('',*,*,#4866,.F.);
#2948=ORIENTED_EDGE('',*,*,#4804,.F.);
#2949=ORIENTED_EDGE('',*,*,#4761,.T.);
#2950=ORIENTED_EDGE('',*,*,#4650,.T.);
#2951=ORIENTED_EDGE('',*,*,#4867,.T.);
#2952=ORIENTED_EDGE('',*,*,#4584,.F.);
#2953=ORIENTED_EDGE('',*,*,#4782,.F.);
#2954=ORIENTED_EDGE('',*,*,#4397,.T.);
#2955=ORIENTED_EDGE('',*,*,#4868,.T.);
#2956=ORIENTED_EDGE('',*,*,#4652,.T.);
#2957=ORIENTED_EDGE('',*,*,#4781,.F.);
#2958=ORIENTED_EDGE('',*,*,#4376,.F.);
#2959=ORIENTED_EDGE('',*,*,#4767,.F.);
#2960=ORIENTED_EDGE('',*,*,#4372,.T.);
#2961=ORIENTED_EDGE('',*,*,#4869,.F.);
#2962=ORIENTED_EDGE('',*,*,#4776,.F.);
#2963=ORIENTED_EDGE('',*,*,#4687,.F.);
#2964=ORIENTED_EDGE('',*,*,#4870,.F.);
#2965=ORIENTED_EDGE('',*,*,#4798,.T.);
#2966=ORIENTED_EDGE('',*,*,#4835,.T.);
#2967=ORIENTED_EDGE('',*,*,#4871,.F.);
#2968=ORIENTED_EDGE('',*,*,#4676,.F.);
#2969=ORIENTED_EDGE('',*,*,#4872,.T.);
#2970=ORIENTED_EDGE('',*,*,#4783,.T.);
#2971=ORIENTED_EDGE('',*,*,#4509,.T.);
#2972=ORIENTED_EDGE('',*,*,#4873,.T.);
#2973=ORIENTED_EDGE('',*,*,#4615,.F.);
#2974=ORIENTED_EDGE('',*,*,#4725,.T.);
#2975=ORIENTED_EDGE('',*,*,#4849,.T.);
#2976=ORIENTED_EDGE('',*,*,#4874,.T.);
#2977=ORIENTED_EDGE('',*,*,#4875,.T.);
#2978=ORIENTED_EDGE('',*,*,#4836,.T.);
#2979=ORIENTED_EDGE('',*,*,#4872,.F.);
#2980=ORIENTED_EDGE('',*,*,#4675,.T.);
#2981=ORIENTED_EDGE('',*,*,#4662,.F.);
#2982=ORIENTED_EDGE('',*,*,#4876,.T.);
#2983=ORIENTED_EDGE('',*,*,#4877,.T.);
#2984=ORIENTED_EDGE('',*,*,#4878,.T.);
#2985=ORIENTED_EDGE('',*,*,#4879,.T.);
#2986=ORIENTED_EDGE('',*,*,#4880,.T.);
#2987=ORIENTED_EDGE('',*,*,#4451,.F.);
#2988=ORIENTED_EDGE('',*,*,#4800,.T.);
#2989=ORIENTED_EDGE('',*,*,#4538,.F.);
#2990=ORIENTED_EDGE('',*,*,#4881,.F.);
#2991=ORIENTED_EDGE('',*,*,#4746,.F.);
#2992=ORIENTED_EDGE('',*,*,#4882,.F.);
#2993=ORIENTED_EDGE('',*,*,#4883,.F.);
#2994=ORIENTED_EDGE('',*,*,#4455,.F.);
#2995=ORIENTED_EDGE('',*,*,#4657,.T.);
#2996=ORIENTED_EDGE('',*,*,#4752,.F.);
#2997=ORIENTED_EDGE('',*,*,#4578,.T.);
#2998=ORIENTED_EDGE('',*,*,#4884,.T.);
#2999=ORIENTED_EDGE('',*,*,#4818,.F.);
#3000=ORIENTED_EDGE('',*,*,#4726,.T.);
#3001=ORIENTED_EDGE('',*,*,#4537,.F.);
#3002=ORIENTED_EDGE('',*,*,#4885,.F.);
#3003=ORIENTED_EDGE('',*,*,#4886,.F.);
#3004=ORIENTED_EDGE('',*,*,#4741,.T.);
#3005=ORIENTED_EDGE('',*,*,#4887,.T.);
#3006=ORIENTED_EDGE('',*,*,#4544,.T.);
#3007=ORIENTED_EDGE('',*,*,#4529,.T.);
#3008=ORIENTED_EDGE('',*,*,#4448,.T.);
#3009=ORIENTED_EDGE('',*,*,#4592,.T.);
#3010=ORIENTED_EDGE('',*,*,#4490,.T.);
#3011=ORIENTED_EDGE('',*,*,#4888,.T.);
#3012=ORIENTED_EDGE('',*,*,#4716,.T.);
#3013=ORIENTED_EDGE('',*,*,#4812,.T.);
#3014=ORIENTED_EDGE('',*,*,#4889,.T.);
#3015=ORIENTED_EDGE('',*,*,#4609,.F.);
#3016=ORIENTED_EDGE('',*,*,#4632,.F.);
#3017=ORIENTED_EDGE('',*,*,#4515,.F.);
#3018=ORIENTED_EDGE('',*,*,#4784,.T.);
#3019=ORIENTED_EDGE('',*,*,#4890,.F.);
#3020=ORIENTED_EDGE('',*,*,#4670,.F.);
#3021=ORIENTED_EDGE('',*,*,#4773,.F.);
#3022=ORIENTED_EDGE('',*,*,#4479,.F.);
#3023=ORIENTED_EDGE('',*,*,#4566,.F.);
#3024=ORIENTED_EDGE('',*,*,#4758,.F.);
#3025=ORIENTED_EDGE('',*,*,#4630,.T.);
#3026=ORIENTED_EDGE('',*,*,#4891,.F.);
#3027=ORIENTED_EDGE('',*,*,#4892,.F.);
#3028=ORIENTED_EDGE('',*,*,#4593,.T.);
#3029=ORIENTED_EDGE('',*,*,#4406,.F.);
#3030=ORIENTED_EDGE('',*,*,#4893,.F.);
#3031=ORIENTED_EDGE('',*,*,#4481,.F.);
#3032=ORIENTED_EDGE('',*,*,#4772,.F.);
#3033=ORIENTED_EDGE('',*,*,#4604,.F.);
#3034=ORIENTED_EDGE('',*,*,#4640,.F.);
#3035=ORIENTED_EDGE('',*,*,#4853,.F.);
#3036=ORIENTED_EDGE('',*,*,#4410,.F.);
#3037=ORIENTED_EDGE('',*,*,#4346,.F.);
#3038=ORIENTED_EDGE('',*,*,#4469,.F.);
#3039=ORIENTED_EDGE('',*,*,#4606,.F.);
#3040=ORIENTED_EDGE('',*,*,#4894,.F.);
#3041=ORIENTED_EDGE('',*,*,#4519,.F.);
#3042=ORIENTED_EDGE('',*,*,#4555,.F.);
#3043=ORIENTED_EDGE('',*,*,#4703,.F.);
#3044=ORIENTED_EDGE('',*,*,#4895,.F.);
#3045=ORIENTED_EDGE('',*,*,#4648,.T.);
#3046=ORIENTED_EDGE('',*,*,#4896,.F.);
#3047=ORIENTED_EDGE('',*,*,#4705,.T.);
#3048=ORIENTED_EDGE('',*,*,#4897,.F.);
#3049=ORIENTED_EDGE('',*,*,#4352,.F.);
#3050=ORIENTED_EDGE('',*,*,#4898,.F.);
#3051=ORIENTED_EDGE('',*,*,#4821,.F.);
#3052=ORIENTED_EDGE('',*,*,#4793,.T.);
#3053=ORIENTED_EDGE('',*,*,#4844,.F.);
#3054=ORIENTED_EDGE('',*,*,#4899,.F.);
#3055=ORIENTED_EDGE('',*,*,#4864,.T.);
#3056=ORIENTED_EDGE('',*,*,#4348,.T.);
#3057=ORIENTED_EDGE('',*,*,#4409,.T.);
#3058=ORIENTED_EDGE('',*,*,#4852,.F.);
#3059=ORIENTED_EDGE('',*,*,#4900,.F.);
#3060=ORIENTED_EDGE('',*,*,#4443,.F.);
#3061=ORIENTED_EDGE('',*,*,#4770,.F.);
#3062=ORIENTED_EDGE('',*,*,#4901,.F.);
#3063=ORIENTED_EDGE('',*,*,#4487,.T.);
#3064=ORIENTED_EDGE('',*,*,#4902,.T.);
#3065=ORIENTED_EDGE('',*,*,#4901,.T.);
#3066=ORIENTED_EDGE('',*,*,#4769,.F.);
#3067=ORIENTED_EDGE('',*,*,#4876,.F.);
#3068=ORIENTED_EDGE('',*,*,#4661,.T.);
#3069=ORIENTED_EDGE('',*,*,#4903,.F.);
#3070=ORIENTED_EDGE('',*,*,#4904,.F.);
#3071=ORIENTED_EDGE('',*,*,#4905,.T.);
#3072=ORIENTED_EDGE('',*,*,#4595,.T.);
#3073=ORIENTED_EDGE('',*,*,#4906,.F.);
#3074=ORIENTED_EDGE('',*,*,#4527,.F.);
#3075=ORIENTED_EDGE('',*,*,#4643,.F.);
#3076=ORIENTED_EDGE('',*,*,#4907,.T.);
#3077=ORIENTED_EDGE('',*,*,#4908,.F.);
#3078=ORIENTED_EDGE('',*,*,#4552,.F.);
#3079=ORIENTED_EDGE('',*,*,#4383,.F.);
#3080=ORIENTED_EDGE('',*,*,#4717,.T.);
#3081=ORIENTED_EDGE('',*,*,#4888,.F.);
#3082=ORIENTED_EDGE('',*,*,#4909,.T.);
#3083=ORIENTED_EDGE('',*,*,#4616,.F.);
#3084=ORIENTED_EDGE('',*,*,#4873,.F.);
#3085=ORIENTED_EDGE('',*,*,#4508,.F.);
#3086=ORIENTED_EDGE('',*,*,#4845,.T.);
#3087=ORIENTED_EDGE('',*,*,#4910,.T.);
#3088=ORIENTED_EDGE('',*,*,#4911,.T.);
#3089=ORIENTED_EDGE('',*,*,#4473,.F.);
#3090=ORIENTED_EDGE('',*,*,#4682,.T.);
#3091=ORIENTED_EDGE('',*,*,#4912,.F.);
#3092=ORIENTED_EDGE('',*,*,#4878,.F.);
#3093=ORIENTED_EDGE('',*,*,#4913,.T.);
#3094=ORIENTED_EDGE('',*,*,#4914,.F.);
#3095=ORIENTED_EDGE('',*,*,#4686,.F.);
#3096=ORIENTED_EDGE('',*,*,#4915,.T.);
#3097=ORIENTED_EDGE('',*,*,#4735,.T.);
#3098=ORIENTED_EDGE('',*,*,#4916,.F.);
#3099=ORIENTED_EDGE('',*,*,#4917,.F.);
#3100=ORIENTED_EDGE('',*,*,#4484,.T.);
#3101=ORIENTED_EDGE('',*,*,#4780,.F.);
#3102=ORIENTED_EDGE('',*,*,#4360,.F.);
#3103=ORIENTED_EDGE('',*,*,#4877,.F.);
#3104=ORIENTED_EDGE('',*,*,#4904,.T.);
#3105=ORIENTED_EDGE('',*,*,#4918,.T.);
#3106=ORIENTED_EDGE('',*,*,#4913,.F.);
#3107=ORIENTED_EDGE('',*,*,#4919,.T.);
#3108=ORIENTED_EDGE('',*,*,#4465,.F.);
#3109=ORIENTED_EDGE('',*,*,#4857,.T.);
#3110=ORIENTED_EDGE('',*,*,#4920,.F.);
#3111=ORIENTED_EDGE('',*,*,#4921,.F.);
#3112=ORIENTED_EDGE('',*,*,#4922,.F.);
#3113=ORIENTED_EDGE('',*,*,#4923,.T.);
#3114=ORIENTED_EDGE('',*,*,#4628,.F.);
#3115=ORIENTED_EDGE('',*,*,#4599,.T.);
#3116=ORIENTED_EDGE('',*,*,#4468,.T.);
#3117=ORIENTED_EDGE('',*,*,#4924,.F.);
#3118=ORIENTED_EDGE('',*,*,#4925,.T.);
#3119=ORIENTED_EDGE('',*,*,#4667,.T.);
#3120=ORIENTED_EDGE('',*,*,#4833,.F.);
#3121=ORIENTED_EDGE('',*,*,#4550,.T.);
#3122=ORIENTED_EDGE('',*,*,#4691,.T.);
#3123=ORIENTED_EDGE('',*,*,#4576,.T.);
#3124=ORIENTED_EDGE('',*,*,#4498,.T.);
#3125=ORIENTED_EDGE('',*,*,#4786,.T.);
#3126=ORIENTED_EDGE('',*,*,#4553,.F.);
#3127=ORIENTED_EDGE('',*,*,#4908,.T.);
#3128=ORIENTED_EDGE('',*,*,#4926,.T.);
#3129=ORIENTED_EDGE('',*,*,#4882,.T.);
#3130=ORIENTED_EDGE('',*,*,#4745,.F.);
#3131=ORIENTED_EDGE('',*,*,#4927,.F.);
#3132=ORIENTED_EDGE('',*,*,#4928,.T.);
#3133=ORIENTED_EDGE('',*,*,#4817,.F.);
#3134=ORIENTED_EDGE('',*,*,#4791,.T.);
#3135=ORIENTED_EDGE('',*,*,#4846,.F.);
#3136=ORIENTED_EDGE('',*,*,#4724,.F.);
#3137=ORIENTED_EDGE('',*,*,#4929,.F.);
#3138=ORIENTED_EDGE('',*,*,#4930,.T.);
#3139=ORIENTED_EDGE('',*,*,#4931,.T.);
#3140=ORIENTED_EDGE('',*,*,#4910,.F.);
#3141=ORIENTED_EDGE('',*,*,#4828,.F.);
#3142=ORIENTED_EDGE('',*,*,#4932,.F.);
#3143=ORIENTED_EDGE('',*,*,#4865,.F.);
#3144=ORIENTED_EDGE('',*,*,#4760,.T.);
#3145=ORIENTED_EDGE('',*,*,#4840,.T.);
#3146=ORIENTED_EDGE('',*,*,#4933,.T.);
#3147=ORIENTED_EDGE('',*,*,#4711,.F.);
#3148=ORIENTED_EDGE('',*,*,#4765,.F.);
#3149=ORIENTED_EDGE('',*,*,#4921,.T.);
#3150=ORIENTED_EDGE('',*,*,#4934,.T.);
#3151=ORIENTED_EDGE('',*,*,#4478,.T.);
#3152=ORIENTED_EDGE('',*,*,#4788,.T.);
#3153=ORIENTED_EDGE('',*,*,#4810,.F.);
#3154=ORIENTED_EDGE('',*,*,#4899,.T.);
#3155=ORIENTED_EDGE('',*,*,#4506,.T.);
#3156=ORIENTED_EDGE('',*,*,#4881,.T.);
#3157=ORIENTED_EDGE('',*,*,#4458,.T.);
#3158=ORIENTED_EDGE('',*,*,#4935,.T.);
#3159=ORIENTED_EDGE('',*,*,#4434,.F.);
#3160=ORIENTED_EDGE('',*,*,#4936,.T.);
#3161=ORIENTED_EDGE('',*,*,#4937,.F.);
#3162=ORIENTED_EDGE('',*,*,#4938,.T.);
#3163=ORIENTED_EDGE('',*,*,#4729,.T.);
#3164=ORIENTED_EDGE('',*,*,#4815,.T.);
#3165=ORIENTED_EDGE('',*,*,#4861,.T.);
#3166=ORIENTED_EDGE('',*,*,#4471,.F.);
#3167=ORIENTED_EDGE('',*,*,#4355,.F.);
#3168=ORIENTED_EDGE('',*,*,#4733,.T.);
#3169=ORIENTED_EDGE('',*,*,#4939,.F.);
#3170=ORIENTED_EDGE('',*,*,#4684,.T.);
#3171=ORIENTED_EDGE('',*,*,#4940,.F.);
#3172=ORIENTED_EDGE('',*,*,#4862,.F.);
#3173=ORIENTED_EDGE('',*,*,#4880,.F.);
#3174=ORIENTED_EDGE('',*,*,#4941,.T.);
#3175=ORIENTED_EDGE('',*,*,#4680,.F.);
#3176=ORIENTED_EDGE('',*,*,#4941,.F.);
#3177=ORIENTED_EDGE('',*,*,#4879,.F.);
#3178=ORIENTED_EDGE('',*,*,#4912,.T.);
#3179=ORIENTED_EDGE('',*,*,#4681,.F.);
#3180=ORIENTED_EDGE('',*,*,#4617,.F.);
#3181=ORIENTED_EDGE('',*,*,#4909,.F.);
#3182=ORIENTED_EDGE('',*,*,#4889,.F.);
#3183=ORIENTED_EDGE('',*,*,#4811,.T.);
#3184=ORIENTED_EDGE('',*,*,#4496,.T.);
#3185=ORIENTED_EDGE('',*,*,#4816,.T.);
#3186=ORIENTED_EDGE('',*,*,#4731,.T.);
#3187=ORIENTED_EDGE('',*,*,#4942,.T.);
#3188=ORIENTED_EDGE('',*,*,#4796,.T.);
#3189=ORIENTED_EDGE('',*,*,#4943,.T.);
#3190=ORIENTED_EDGE('',*,*,#4929,.T.);
#3191=ORIENTED_EDGE('',*,*,#4916,.T.);
#3192=ORIENTED_EDGE('',*,*,#4734,.T.);
#3193=ORIENTED_EDGE('',*,*,#4353,.T.);
#3194=ORIENTED_EDGE('',*,*,#4897,.T.);
#3195=ORIENTED_EDGE('',*,*,#4704,.T.);
#3196=ORIENTED_EDGE('',*,*,#4896,.T.);
#3197=ORIENTED_EDGE('',*,*,#4647,.T.);
#3198=ORIENTED_EDGE('',*,*,#4824,.T.);
#3199=ORIENTED_EDGE('',*,*,#4944,.T.);
#3200=ORIENTED_EDGE('',*,*,#4706,.T.);
#3201=ORIENTED_EDGE('',*,*,#4425,.T.);
#3202=ORIENTED_EDGE('',*,*,#4693,.T.);
#3203=ORIENTED_EDGE('',*,*,#4945,.F.);
#3204=ORIENTED_EDGE('',*,*,#4742,.T.);
#3205=ORIENTED_EDGE('',*,*,#4886,.T.);
#3206=ORIENTED_EDGE('',*,*,#4543,.T.);
#3207=ORIENTED_EDGE('',*,*,#4535,.T.);
#3208=ORIENTED_EDGE('',*,*,#4858,.F.);
#3209=ORIENTED_EDGE('',*,*,#4596,.F.);
#3210=ORIENTED_EDGE('',*,*,#4905,.F.);
#3211=ORIENTED_EDGE('',*,*,#4526,.T.);
#3212=ORIENTED_EDGE('',*,*,#4924,.T.);
#3213=ORIENTED_EDGE('',*,*,#4946,.T.);
#3214=ORIENTED_EDGE('',*,*,#4393,.F.);
#3215=ORIENTED_EDGE('',*,*,#4399,.T.);
#3216=ORIENTED_EDGE('',*,*,#4503,.F.);
#3217=ORIENTED_EDGE('',*,*,#4947,.T.);
#3218=ORIENTED_EDGE('',*,*,#4948,.F.);
#3219=ORIENTED_EDGE('',*,*,#4415,.F.);
#3220=ORIENTED_EDGE('',*,*,#4417,.F.);
#3221=ORIENTED_EDGE('',*,*,#4949,.T.);
#3222=ORIENTED_EDGE('',*,*,#4528,.F.);
#3223=ORIENTED_EDGE('',*,*,#4906,.T.);
#3224=ORIENTED_EDGE('',*,*,#4594,.F.);
#3225=ORIENTED_EDGE('',*,*,#4892,.T.);
#3226=ORIENTED_EDGE('',*,*,#4771,.F.);
#3227=ORIENTED_EDGE('',*,*,#4449,.F.);
#3228=ORIENTED_EDGE('',*,*,#4950,.F.);
#3229=ORIENTED_EDGE('',*,*,#4571,.T.);
#3230=ORIENTED_EDGE('',*,*,#4774,.F.);
#3231=ORIENTED_EDGE('',*,*,#4672,.F.);
#3232=ORIENTED_EDGE('',*,*,#4740,.T.);
#3233=ORIENTED_EDGE('',*,*,#4429,.T.);
#3234=ORIENTED_EDGE('',*,*,#4748,.F.);
#3235=ORIENTED_EDGE('',*,*,#4951,.F.);
#3236=ORIENTED_EDGE('',*,*,#4612,.F.);
#3237=ORIENTED_EDGE('',*,*,#4952,.F.);
#3238=ORIENTED_EDGE('',*,*,#4947,.F.);
#3239=ORIENTED_EDGE('',*,*,#4505,.F.);
#3240=ORIENTED_EDGE('',*,*,#4669,.T.);
#3241=ORIENTED_EDGE('',*,*,#4946,.F.);
#3242=ORIENTED_EDGE('',*,*,#4470,.T.);
#3243=ORIENTED_EDGE('',*,*,#4350,.T.);
#3244=ORIENTED_EDGE('',*,*,#4863,.F.);
#3245=ORIENTED_EDGE('',*,*,#4854,.F.);
#3246=ORIENTED_EDGE('',*,*,#4638,.T.);
#3247=ORIENTED_EDGE('',*,*,#4768,.F.);
#3248=ORIENTED_EDGE('',*,*,#4582,.F.);
#3249=ORIENTED_EDGE('',*,*,#4530,.F.);
#3250=ORIENTED_EDGE('',*,*,#4489,.T.);
#3251=ORIENTED_EDGE('',*,*,#4754,.F.);
#3252=ORIENTED_EDGE('',*,*,#4953,.F.);
#3253=ORIENTED_EDGE('',*,*,#4954,.F.);
#3254=ORIENTED_EDGE('',*,*,#4698,.F.);
#3255=ORIENTED_EDGE('',*,*,#4785,.T.);
#3256=ORIENTED_EDGE('',*,*,#4513,.F.);
#3257=ORIENTED_EDGE('',*,*,#4416,.T.);
#3258=ORIENTED_EDGE('',*,*,#4948,.T.);
#3259=ORIENTED_EDGE('',*,*,#4952,.T.);
#3260=ORIENTED_EDGE('',*,*,#4611,.T.);
#3261=ORIENTED_EDGE('',*,*,#4955,.T.);
#3262=ORIENTED_EDGE('',*,*,#4678,.T.);
#3263=ORIENTED_EDGE('',*,*,#4635,.T.);
#3264=ORIENTED_EDGE('',*,*,#4801,.T.);
#3265=ORIENTED_EDGE('',*,*,#4454,.T.);
#3266=ORIENTED_EDGE('',*,*,#4558,.T.);
#3267=ORIENTED_EDGE('',*,*,#4949,.F.);
#3268=ORIENTED_EDGE('',*,*,#4419,.F.);
#3269=ORIENTED_EDGE('',*,*,#4668,.T.);
#3270=ORIENTED_EDGE('',*,*,#4925,.F.);
#3271=ORIENTED_EDGE('',*,*,#4790,.T.);
#3272=ORIENTED_EDGE('',*,*,#4956,.F.);
#3273=ORIENTED_EDGE('',*,*,#4957,.T.);
#3274=ORIENTED_EDGE('',*,*,#4847,.T.);
#3275=ORIENTED_EDGE('',*,*,#4827,.T.);
#3276=ORIENTED_EDGE('',*,*,#4620,.F.);
#3277=ORIENTED_EDGE('',*,*,#4435,.F.);
#3278=ORIENTED_EDGE('',*,*,#4524,.F.);
#3279=ORIENTED_EDGE('',*,*,#4943,.F.);
#3280=ORIENTED_EDGE('',*,*,#4795,.F.);
#3281=ORIENTED_EDGE('',*,*,#4958,.F.);
#3282=ORIENTED_EDGE('',*,*,#4930,.F.);
#3283=ORIENTED_EDGE('',*,*,#4875,.F.);
#3284=ORIENTED_EDGE('',*,*,#4959,.F.);
#3285=ORIENTED_EDGE('',*,*,#4960,.T.);
#3286=ORIENTED_EDGE('',*,*,#4837,.T.);
#3287=ORIENTED_EDGE('',*,*,#4961,.F.);
#3288=ORIENTED_EDGE('',*,*,#4707,.T.);
#3289=ORIENTED_EDGE('',*,*,#4944,.F.);
#3290=ORIENTED_EDGE('',*,*,#4823,.F.);
#3291=ORIENTED_EDGE('',*,*,#4634,.T.);
#3292=ORIENTED_EDGE('',*,*,#4940,.T.);
#3293=ORIENTED_EDGE('',*,*,#4683,.T.);
#3294=ORIENTED_EDGE('',*,*,#4914,.T.);
#3295=ORIENTED_EDGE('',*,*,#4918,.F.);
#3296=ORIENTED_EDGE('',*,*,#4903,.T.);
#3297=ORIENTED_EDGE('',*,*,#4660,.T.);
#3298=ORIENTED_EDGE('',*,*,#4674,.T.);
#3299=ORIENTED_EDGE('',*,*,#4871,.T.);
#3300=ORIENTED_EDGE('',*,*,#4834,.T.);
#3301=ORIENTED_EDGE('',*,*,#4960,.F.);
#3302=ORIENTED_EDGE('',*,*,#4962,.T.);
#3303=ORIENTED_EDGE('',*,*,#4859,.T.);
#3304=ORIENTED_EDGE('',*,*,#4813,.T.);
#3305=ORIENTED_EDGE('',*,*,#4461,.T.);
#3306=ORIENTED_EDGE('',*,*,#4802,.T.);
#3307=ORIENTED_EDGE('',*,*,#4920,.T.);
#3308=ORIENTED_EDGE('',*,*,#4856,.T.);
#3309=ORIENTED_EDGE('',*,*,#4475,.T.);
#3310=ORIENTED_EDGE('',*,*,#4934,.F.);
#3311=ORIENTED_EDGE('',*,*,#4927,.T.);
#3312=ORIENTED_EDGE('',*,*,#4757,.F.);
#3313=ORIENTED_EDGE('',*,*,#4832,.T.);
#3314=ORIENTED_EDGE('',*,*,#4963,.T.);
#3315=ORIENTED_EDGE('',*,*,#4806,.T.);
#3316=ORIENTED_EDGE('',*,*,#4964,.T.);
#3317=ORIENTED_EDGE('',*,*,#4580,.T.);
#3318=ORIENTED_EDGE('',*,*,#4751,.F.);
#3319=ORIENTED_EDGE('',*,*,#4820,.F.);
#3320=ORIENTED_EDGE('',*,*,#4697,.T.);
#3321=ORIENTED_EDGE('',*,*,#4923,.F.);
#3322=ORIENTED_EDGE('',*,*,#4363,.F.);
#3323=ORIENTED_EDGE('',*,*,#4658,.F.);
#3324=ORIENTED_EDGE('',*,*,#4884,.F.);
#3325=ORIENTED_EDGE('',*,*,#4577,.T.);
#3326=ORIENTED_EDGE('',*,*,#4964,.F.);
#3327=ORIENTED_EDGE('',*,*,#4808,.F.);
#3328=ORIENTED_EDGE('',*,*,#4965,.T.);
#3329=ORIENTED_EDGE('',*,*,#4456,.T.);
#3330=ORIENTED_EDGE('',*,*,#4883,.T.);
#3331=ORIENTED_EDGE('',*,*,#4928,.F.);
#3332=ORIENTED_EDGE('',*,*,#4963,.F.);
#3333=ORIENTED_EDGE('',*,*,#4831,.T.);
#3334=ORIENTED_EDGE('',*,*,#4663,.F.);
#3335=ORIENTED_EDGE('',*,*,#4570,.F.);
#3336=ORIENTED_EDGE('',*,*,#4966,.T.);
#3337=ORIENTED_EDGE('',*,*,#4699,.F.);
#3338=ORIENTED_EDGE('',*,*,#4954,.T.);
#3339=ORIENTED_EDGE('',*,*,#4967,.F.);
#3340=ORIENTED_EDGE('',*,*,#4714,.T.);
#3341=ORIENTED_EDGE('',*,*,#4541,.T.);
#3342=ORIENTED_EDGE('',*,*,#4377,.T.);
#3343=ORIENTED_EDGE('',*,*,#4869,.T.);
#3344=ORIENTED_EDGE('',*,*,#4371,.T.);
#3345=ORIENTED_EDGE('',*,*,#4653,.T.);
#3346=ORIENTED_EDGE('',*,*,#4467,.T.);
#3347=ORIENTED_EDGE('',*,*,#4968,.T.);
#3348=ORIENTED_EDGE('',*,*,#4969,.T.);
#3349=ORIENTED_EDGE('',*,*,#4720,.T.);
#3350=ORIENTED_EDGE('',*,*,#4825,.T.);
#3351=ORIENTED_EDGE('',*,*,#4805,.T.);
#3352=ORIENTED_EDGE('',*,*,#4866,.T.);
#3353=ORIENTED_EDGE('',*,*,#4932,.T.);
#3354=ORIENTED_EDGE('',*,*,#4829,.T.);
#3355=ORIENTED_EDGE('',*,*,#4563,.T.);
#3356=ORIENTED_EDGE('',*,*,#4891,.T.);
#3357=ORIENTED_EDGE('',*,*,#4629,.T.);
#3358=ORIENTED_EDGE('',*,*,#4440,.T.);
#3359=ORIENTED_EDGE('',*,*,#4970,.F.);
#3360=ORIENTED_EDGE('',*,*,#4540,.T.);
#3361=ORIENTED_EDGE('',*,*,#4799,.T.);
#3362=ORIENTED_EDGE('',*,*,#4870,.T.);
#3363=ORIENTED_EDGE('',*,*,#4690,.F.);
#3364=ORIENTED_EDGE('',*,*,#4830,.T.);
#3365=ORIENTED_EDGE('',*,*,#4572,.T.);
#3366=ORIENTED_EDGE('',*,*,#4950,.T.);
#3367=ORIENTED_EDGE('',*,*,#4671,.F.);
#3368=ORIENTED_EDGE('',*,*,#4890,.T.);
#3369=ORIENTED_EDGE('',*,*,#4482,.T.);
#3370=ORIENTED_EDGE('',*,*,#4893,.T.);
#3371=ORIENTED_EDGE('',*,*,#4405,.T.);
#3372=ORIENTED_EDGE('',*,*,#4447,.T.);
#3373=ORIENTED_EDGE('',*,*,#4444,.F.);
#3374=ORIENTED_EDGE('',*,*,#4900,.T.);
#3375=ORIENTED_EDGE('',*,*,#4902,.F.);
#3376=ORIENTED_EDGE('',*,*,#4486,.T.);
#3377=ORIENTED_EDGE('',*,*,#4971,.T.);
#3378=ORIENTED_EDGE('',*,*,#4585,.T.);
#3379=ORIENTED_EDGE('',*,*,#4867,.F.);
#3380=ORIENTED_EDGE('',*,*,#4649,.T.);
#3381=ORIENTED_EDGE('',*,*,#4868,.F.);
#3382=ORIENTED_EDGE('',*,*,#4396,.T.);
#3383=ORIENTED_EDGE('',*,*,#4485,.F.);
#3384=ORIENTED_EDGE('',*,*,#4917,.T.);
#3385=ORIENTED_EDGE('',*,*,#4359,.T.);
#3386=ORIENTED_EDGE('',*,*,#4809,.T.);
#3387=ORIENTED_EDGE('',*,*,#4601,.T.);
#3388=ORIENTED_EDGE('',*,*,#4627,.T.);
#3389=ORIENTED_EDGE('',*,*,#4939,.T.);
#3390=ORIENTED_EDGE('',*,*,#4736,.T.);
#3391=ORIENTED_EDGE('',*,*,#4915,.F.);
#3392=ORIENTED_EDGE('',*,*,#4685,.T.);
#3393=ORIENTED_EDGE('',*,*,#4894,.T.);
#3394=ORIENTED_EDGE('',*,*,#4605,.F.);
#3395=ORIENTED_EDGE('',*,*,#4404,.F.);
#3396=ORIENTED_EDGE('',*,*,#4520,.F.);
#3397=ORIENTED_EDGE('',*,*,#4919,.F.);
#3398=ORIENTED_EDGE('',*,*,#4972,.T.);
#3399=ORIENTED_EDGE('',*,*,#4968,.F.);
#3400=ORIENTED_EDGE('',*,*,#4466,.F.);
#3401=ORIENTED_EDGE('',*,*,#4955,.F.);
#3402=ORIENTED_EDGE('',*,*,#4562,.F.);
#3403=ORIENTED_EDGE('',*,*,#4625,.F.);
#3404=ORIENTED_EDGE('',*,*,#4679,.T.);
#3405=ORIENTED_EDGE('',*,*,#4402,.F.);
#3406=ORIENTED_EDGE('',*,*,#4623,.F.);
#3407=ORIENTED_EDGE('',*,*,#4367,.F.);
#3408=ORIENTED_EDGE('',*,*,#4521,.F.);
#3409=ORIENTED_EDGE('',*,*,#4493,.T.);
#3410=ORIENTED_EDGE('',*,*,#4534,.T.);
#3411=ORIENTED_EDGE('',*,*,#4545,.T.);
#3412=ORIENTED_EDGE('',*,*,#4887,.F.);
#3413=ORIENTED_EDGE('',*,*,#4744,.T.);
#3414=ORIENTED_EDGE('',*,*,#4973,.T.);
#3415=ORIENTED_EDGE('',*,*,#4694,.T.);
#3416=ORIENTED_EDGE('',*,*,#4427,.F.);
#3417=ORIENTED_EDGE('',*,*,#4708,.T.);
#3418=ORIENTED_EDGE('',*,*,#4961,.T.);
#3419=ORIENTED_EDGE('',*,*,#4822,.F.);
#3420=ORIENTED_EDGE('',*,*,#4645,.T.);
#3421=ORIENTED_EDGE('',*,*,#4895,.T.);
#3422=ORIENTED_EDGE('',*,*,#4702,.T.);
#3423=ORIENTED_EDGE('',*,*,#4898,.T.);
#3424=ORIENTED_EDGE('',*,*,#4357,.F.);
#3425=ORIENTED_EDGE('',*,*,#4474,.T.);
#3426=ORIENTED_EDGE('',*,*,#4911,.F.);
#3427=ORIENTED_EDGE('',*,*,#4931,.F.);
#3428=ORIENTED_EDGE('',*,*,#4958,.T.);
#3429=ORIENTED_EDGE('',*,*,#4794,.F.);
#3430=ORIENTED_EDGE('',*,*,#4974,.F.);
#3431=ORIENTED_EDGE('',*,*,#4975,.T.);
#3432=ORIENTED_EDGE('',*,*,#4727,.F.);
#3433=ORIENTED_EDGE('',*,*,#4797,.F.);
#3434=ORIENTED_EDGE('',*,*,#4942,.F.);
#3435=ORIENTED_EDGE('',*,*,#4730,.T.);
#3436=ORIENTED_EDGE('',*,*,#4938,.F.);
#3437=ORIENTED_EDGE('',*,*,#4860,.T.);
#3438=ORIENTED_EDGE('',*,*,#4962,.F.);
#3439=ORIENTED_EDGE('',*,*,#4959,.T.);
#3440=ORIENTED_EDGE('',*,*,#4874,.F.);
#3441=ORIENTED_EDGE('',*,*,#4848,.T.);
#3442=ORIENTED_EDGE('',*,*,#4957,.F.);
#3443=ORIENTED_EDGE('',*,*,#4976,.T.);
#3444=ORIENTED_EDGE('',*,*,#4974,.T.);
#3445=ORIENTED_EDGE('',*,*,#4715,.T.);
#3446=ORIENTED_EDGE('',*,*,#4967,.T.);
#3447=ORIENTED_EDGE('',*,*,#4953,.T.);
#3448=ORIENTED_EDGE('',*,*,#4753,.F.);
#3449=ORIENTED_EDGE('',*,*,#4819,.F.);
#3450=ORIENTED_EDGE('',*,*,#4885,.T.);
#3451=ORIENTED_EDGE('',*,*,#4970,.T.);
#3452=ORIENTED_EDGE('',*,*,#4696,.F.);
#3453=ORIENTED_EDGE('',*,*,#4721,.T.);
#3454=ORIENTED_EDGE('',*,*,#4969,.F.);
#3455=ORIENTED_EDGE('',*,*,#4972,.F.);
#3456=ORIENTED_EDGE('',*,*,#4922,.T.);
#3457=ORIENTED_EDGE('',*,*,#4764,.F.);
#3458=ORIENTED_EDGE('',*,*,#4933,.F.);
#3459=ORIENTED_EDGE('',*,*,#4839,.F.);
#3460=ORIENTED_EDGE('',*,*,#4855,.T.);
#3461=ORIENTED_EDGE('',*,*,#4712,.F.);
#3462=ORIENTED_EDGE('',*,*,#4591,.T.);
#3463=ORIENTED_EDGE('',*,*,#4586,.F.);
#3464=ORIENTED_EDGE('',*,*,#4971,.F.);
#3465=ORIENTED_EDGE('',*,*,#4491,.T.);
#3466=ORIENTED_EDGE('',*,*,#4369,.T.);
#3467=ORIENTED_EDGE('',*,*,#4622,.F.);
#3468=ORIENTED_EDGE('',*,*,#4826,.F.);
#3469=ORIENTED_EDGE('',*,*,#4522,.F.);
#3470=ORIENTED_EDGE('',*,*,#4945,.T.);
#3471=ORIENTED_EDGE('',*,*,#4692,.T.);
#3472=ORIENTED_EDGE('',*,*,#4973,.F.);
#3473=ORIENTED_EDGE('',*,*,#4743,.T.);
#3474=ORIENTED_EDGE('',*,*,#4364,.T.);
#3475=ORIENTED_EDGE('',*,*,#4926,.F.);
#3476=ORIENTED_EDGE('',*,*,#4907,.F.);
#3477=ORIENTED_EDGE('',*,*,#4642,.F.);
#3478=ORIENTED_EDGE('',*,*,#4422,.T.);
#3479=ORIENTED_EDGE('',*,*,#4975,.F.);
#3480=ORIENTED_EDGE('',*,*,#4976,.F.);
#3481=ORIENTED_EDGE('',*,*,#4956,.T.);
#3482=ORIENTED_EDGE('',*,*,#4457,.T.);
#3483=ORIENTED_EDGE('',*,*,#4965,.F.);
#3484=ORIENTED_EDGE('',*,*,#4807,.T.);
#3485=ORIENTED_EDGE('',*,*,#4749,.F.);
#3486=ORIENTED_EDGE('',*,*,#4935,.F.);
#3487=ORIENTED_EDGE('',*,*,#4966,.F.);
#3488=ORIENTED_EDGE('',*,*,#4569,.T.);
#3489=ORIENTED_EDGE('',*,*,#4755,.F.);
#3490=ORIENTED_EDGE('',*,*,#4700,.F.);
#3491=ORIENTED_EDGE('',*,*,#4433,.F.);
#3492=ORIENTED_EDGE('',*,*,#4841,.F.);
#3493=ORIENTED_EDGE('',*,*,#4977,.F.);
#3494=ORIENTED_EDGE('',*,*,#4936,.F.);
#3495=ORIENTED_EDGE('',*,*,#4747,.F.);
#3496=ORIENTED_EDGE('',*,*,#4937,.T.);
#3497=ORIENTED_EDGE('',*,*,#4977,.T.);
#3498=ORIENTED_EDGE('',*,*,#4843,.T.);
#3499=ORIENTED_EDGE('',*,*,#4850,.T.);
#3500=ORIENTED_EDGE('',*,*,#4738,.T.);
#3501=ORIENTED_EDGE('',*,*,#4951,.T.);
#3502=EDGE_CURVE('',#4978,#4979,#5934,.T.);
#3503=EDGE_CURVE('',#4979,#4980,#5935,.T.);
#3504=EDGE_CURVE('',#4981,#4980,#5936,.T.);
#3505=EDGE_CURVE('',#4978,#4981,#5937,.T.);
#3506=EDGE_CURVE('',#4982,#4983,#5938,.T.);
#3507=EDGE_CURVE('',#4983,#4984,#5939,.T.);
#3508=EDGE_CURVE('',#4984,#4985,#5940,.T.);
#3509=EDGE_CURVE('',#4982,#4985,#5941,.T.);
#3510=EDGE_CURVE('',#4986,#4987,#5942,.T.);
#3511=EDGE_CURVE('',#4987,#4988,#5943,.T.);
#3512=EDGE_CURVE('',#4989,#4988,#5944,.T.);
#3513=EDGE_CURVE('',#4986,#4989,#5945,.T.);
#3514=EDGE_CURVE('',#4990,#4991,#144,.T.);
#3515=EDGE_CURVE('',#4992,#4990,#5946,.T.);
#3516=EDGE_CURVE('',#4993,#4992,#145,.T.);
#3517=EDGE_CURVE('',#4991,#4993,#5947,.T.);
#3518=EDGE_CURVE('',#4994,#4995,#5948,.T.);
#3519=EDGE_CURVE('',#4995,#4996,#5949,.T.);
#3520=EDGE_CURVE('',#4997,#4996,#88,.T.);
#3521=EDGE_CURVE('',#4997,#4998,#5950,.T.);
#3522=EDGE_CURVE('',#4998,#4994,#5951,.T.);
#3523=EDGE_CURVE('',#4999,#5000,#5952,.T.);
#3524=EDGE_CURVE('',#5000,#5001,#5953,.T.);
#3525=EDGE_CURVE('',#5002,#5001,#5954,.T.);
#3526=EDGE_CURVE('',#4999,#5002,#5955,.T.);
#3527=EDGE_CURVE('',#5003,#5004,#5956,.T.);
#3528=EDGE_CURVE('',#5005,#5004,#146,.T.);
#3529=EDGE_CURVE('',#5006,#5005,#5957,.T.);
#3530=EDGE_CURVE('',#5006,#5003,#147,.T.);
#3531=EDGE_CURVE('',#5007,#5008,#5958,.T.);
#3532=EDGE_CURVE('',#5009,#5008,#5959,.T.);
#3533=EDGE_CURVE('',#5010,#5009,#5960,.T.);
#3534=EDGE_CURVE('',#5010,#5007,#5961,.T.);
#3535=EDGE_CURVE('',#5011,#5012,#5962,.T.);
#3536=EDGE_CURVE('',#5013,#5012,#5963,.T.);
#3537=EDGE_CURVE('',#5014,#5013,#5964,.T.);
#3538=EDGE_CURVE('',#5014,#5011,#5965,.T.);
#3539=EDGE_CURVE('',#5015,#5016,#5966,.T.);
#3540=EDGE_CURVE('',#5017,#5016,#5967,.T.);
#3541=EDGE_CURVE('',#5017,#5018,#5968,.T.);
#3542=EDGE_CURVE('',#5018,#5015,#5969,.T.);
#3543=EDGE_CURVE('',#5019,#5020,#5970,.T.);
#3544=EDGE_CURVE('',#5021,#5020,#5971,.T.);
#3545=EDGE_CURVE('',#5022,#5021,#5972,.T.);
#3546=EDGE_CURVE('',#5019,#5022,#5973,.T.);
#3547=EDGE_CURVE('',#5023,#5024,#5974,.T.);
#3548=EDGE_CURVE('',#5024,#5025,#5975,.T.);
#3549=EDGE_CURVE('',#5026,#5025,#5976,.T.);
#3550=EDGE_CURVE('',#5026,#5023,#5977,.T.);
#3551=EDGE_CURVE('',#5027,#5028,#5978,.T.);
#3552=EDGE_CURVE('',#5027,#5029,#5979,.T.);
#3553=EDGE_CURVE('',#5030,#5029,#5980,.T.);
#3554=EDGE_CURVE('',#5028,#5030,#5981,.T.);
#3555=EDGE_CURVE('',#5031,#5032,#148,.T.);
#3556=EDGE_CURVE('',#5032,#5033,#5982,.T.);
#3557=EDGE_CURVE('',#5033,#5034,#149,.T.);
#3558=EDGE_CURVE('',#5034,#5031,#5983,.T.);
#3559=EDGE_CURVE('',#5035,#5036,#150,.T.);
#3560=EDGE_CURVE('',#5037,#5036,#151,.T.);
#3561=EDGE_CURVE('',#5037,#5038,#62,.T.);
#3562=EDGE_CURVE('',#5038,#5035,#152,.T.);
#3563=EDGE_CURVE('',#5039,#5040,#5984,.T.);
#3564=EDGE_CURVE('',#5040,#5041,#5985,.T.);
#3565=EDGE_CURVE('',#5041,#5042,#5986,.T.);
#3566=EDGE_CURVE('',#5039,#5042,#5987,.T.);
#3567=EDGE_CURVE('',#5043,#5044,#5988,.T.);
#3568=EDGE_CURVE('',#5044,#5026,#5989,.T.);
#3569=EDGE_CURVE('',#5025,#5043,#5990,.T.);
#3570=EDGE_CURVE('',#5045,#5046,#5991,.T.);
#3571=EDGE_CURVE('',#5047,#5045,#5992,.T.);
#3572=EDGE_CURVE('',#5047,#5048,#5993,.T.);
#3573=EDGE_CURVE('',#5046,#5048,#5994,.T.);
#3574=EDGE_CURVE('',#5049,#5050,#153,.T.);
#3575=EDGE_CURVE('',#5051,#5049,#154,.T.);
#3576=EDGE_CURVE('',#5051,#5052,#63,.T.);
#3577=EDGE_CURVE('',#5052,#5050,#155,.T.);
#3578=EDGE_CURVE('',#5053,#5054,#5995,.T.);
#3579=EDGE_CURVE('',#5054,#5055,#5996,.T.);
#3580=EDGE_CURVE('',#5055,#5056,#5997,.T.);
#3581=EDGE_CURVE('',#5053,#5056,#5998,.T.);
#3582=EDGE_CURVE('',#5057,#5058,#89,.T.);
#3583=EDGE_CURVE('',#5058,#5059,#90,.T.);
#3584=EDGE_CURVE('',#5059,#5057,#5999,.T.);
#3585=EDGE_CURVE('',#5060,#5061,#6000,.T.);
#3586=EDGE_CURVE('',#5061,#5062,#6001,.T.);
#3587=EDGE_CURVE('',#5062,#5063,#6002,.T.);
#3588=EDGE_CURVE('',#5063,#5060,#6003,.T.);
#3589=EDGE_CURVE('',#5064,#5065,#6004,.T.);
#3590=EDGE_CURVE('',#5066,#5064,#6005,.T.);
#3591=EDGE_CURVE('',#5067,#5066,#6006,.T.);
#3592=EDGE_CURVE('',#5067,#5065,#6007,.T.);
#3593=EDGE_CURVE('',#5068,#5069,#6008,.T.);
#3594=EDGE_CURVE('',#5069,#5070,#6009,.T.);
#3595=EDGE_CURVE('',#5070,#5071,#6010,.T.);
#3596=EDGE_CURVE('',#5068,#5071,#6011,.T.);
#3597=EDGE_CURVE('',#5072,#5073,#91,.T.);
#3598=EDGE_CURVE('',#4985,#5072,#6012,.T.);
#3599=EDGE_CURVE('',#5074,#4984,#6013,.T.);
#3600=EDGE_CURVE('',#5075,#5074,#6014,.T.);
#3601=EDGE_CURVE('',#5076,#5075,#6015,.T.);
#3602=EDGE_CURVE('',#5077,#5076,#6016,.T.);
#3603=EDGE_CURVE('',#5078,#5077,#92,.T.);
#3604=EDGE_CURVE('',#5079,#5078,#6017,.T.);
#3605=EDGE_CURVE('',#5079,#5080,#6018,.T.);
#3606=EDGE_CURVE('',#5080,#5073,#6019,.T.);
#3607=EDGE_CURVE('',#5033,#5081,#6020,.T.);
#3608=EDGE_CURVE('',#5032,#5082,#6021,.T.);
#3609=EDGE_CURVE('',#5081,#5082,#6022,.T.);
#3610=EDGE_CURVE('',#5083,#5084,#6023,.T.);
#3611=EDGE_CURVE('',#5085,#5084,#6024,.T.);
#3612=EDGE_CURVE('',#5085,#5086,#6025,.T.);
#3613=EDGE_CURVE('',#5083,#5086,#6026,.T.);
#3614=EDGE_CURVE('',#5087,#5088,#6027,.T.);
#3615=EDGE_CURVE('',#5088,#5089,#156,.T.);
#3616=EDGE_CURVE('',#5090,#5089,#6028,.T.);
#3617=EDGE_CURVE('',#5087,#5090,#157,.T.);
#3618=EDGE_CURVE('',#5091,#5092,#6029,.T.);
#3619=EDGE_CURVE('',#5092,#5093,#6030,.T.);
#3620=EDGE_CURVE('',#5093,#5094,#6031,.T.);
#3621=EDGE_CURVE('',#5094,#5091,#6032,.T.);
#3622=EDGE_CURVE('',#5095,#5019,#6033,.T.);
#3623=EDGE_CURVE('',#5096,#5022,#6034,.T.);
#3624=EDGE_CURVE('',#5095,#5096,#6035,.T.);
#3625=EDGE_CURVE('',#5097,#5098,#158,.T.);
#3626=EDGE_CURVE('',#5098,#5099,#6036,.T.);
#3627=EDGE_CURVE('',#5100,#5099,#159,.T.);
#3628=EDGE_CURVE('',#5097,#5100,#6037,.T.);
#3629=EDGE_CURVE('',#5101,#5102,#6038,.T.);
#3630=EDGE_CURVE('',#5103,#5101,#6039,.T.);
#3631=EDGE_CURVE('',#5103,#5104,#6040,.T.);
#3632=EDGE_CURVE('',#5104,#5102,#6041,.T.);
#3633=EDGE_CURVE('',#5007,#5105,#6042,.T.);
#3634=EDGE_CURVE('',#5105,#5106,#6043,.T.);
#3635=EDGE_CURVE('',#5107,#5106,#6044,.T.);
#3636=EDGE_CURVE('',#5008,#5107,#93,.T.);
#3637=EDGE_CURVE('',#5108,#5109,#6045,.T.);
#3638=EDGE_CURVE('',#5109,#5110,#94,.T.);
#3639=EDGE_CURVE('',#5110,#5108,#95,.T.);
#3640=EDGE_CURVE('',#5111,#5112,#160,.T.);
#3641=EDGE_CURVE('',#5112,#5113,#6046,.T.);
#3642=EDGE_CURVE('',#5113,#5114,#161,.T.);
#3643=EDGE_CURVE('',#5114,#5111,#6047,.T.);
#3644=EDGE_CURVE('',#5115,#5116,#6048,.T.);
#3645=EDGE_CURVE('',#5115,#5117,#96,.T.);
#3646=EDGE_CURVE('',#5117,#5118,#6049,.T.);
#3647=EDGE_CURVE('',#5118,#5116,#97,.T.);
#3648=EDGE_CURVE('',#5119,#5120,#6050,.T.);
#3649=EDGE_CURVE('',#5119,#5121,#6051,.T.);
#3650=EDGE_CURVE('',#5049,#5121,#6052,.T.);
#3651=EDGE_CURVE('',#5120,#5049,#6053,.T.);
#3652=EDGE_CURVE('',#5084,#5122,#6054,.T.);
#3653=EDGE_CURVE('',#5122,#5123,#6055,.T.);
#3654=EDGE_CURVE('',#5123,#5085,#6056,.T.);
#3655=EDGE_CURVE('',#5124,#5125,#6057,.T.);
#3656=EDGE_CURVE('',#5125,#5126,#162,.T.);
#3657=EDGE_CURVE('',#5127,#5126,#6058,.T.);
#3658=EDGE_CURVE('',#5124,#5127,#163,.T.);
#3659=EDGE_CURVE('',#5128,#5129,#6059,.T.);
#3660=EDGE_CURVE('',#5130,#5129,#6060,.T.);
#3661=EDGE_CURVE('',#5130,#5131,#6061,.T.);
#3662=EDGE_CURVE('',#5131,#5128,#6062,.T.);
#3663=EDGE_CURVE('',#5132,#5133,#164,.T.);
#3664=EDGE_CURVE('',#5133,#5134,#6063,.T.);
#3665=EDGE_CURVE('',#5134,#5135,#165,.T.);
#3666=EDGE_CURVE('',#5132,#5135,#6064,.T.);
#3667=EDGE_CURVE('',#5136,#5137,#6065,.T.);
#3668=EDGE_CURVE('',#5137,#5138,#6066,.T.);
#3669=EDGE_CURVE('',#5138,#5139,#6067,.T.);
#3670=EDGE_CURVE('',#5139,#5136,#6068,.T.);
#3671=EDGE_CURVE('',#5140,#5141,#166,.T.);
#3672=EDGE_CURVE('',#5142,#5140,#6069,.T.);
#3673=EDGE_CURVE('',#5142,#5143,#167,.T.);
#3674=EDGE_CURVE('',#5143,#5141,#6070,.T.);
#3675=EDGE_CURVE('',#5144,#5145,#6071,.T.);
#3676=EDGE_CURVE('',#5146,#5145,#6072,.T.);
#3677=EDGE_CURVE('',#5146,#5147,#6073,.T.);
#3678=EDGE_CURVE('',#5144,#5147,#6074,.T.);
#3679=EDGE_CURVE('',#5148,#5149,#6075,.T.);
#3680=EDGE_CURVE('',#5150,#5149,#6076,.T.);
#3681=EDGE_CURVE('',#5150,#5151,#6077,.T.);
#3682=EDGE_CURVE('',#5148,#5151,#6078,.T.);
#3683=EDGE_CURVE('',#5102,#5152,#98,.T.);
#3684=EDGE_CURVE('',#5152,#5153,#6079,.T.);
#3685=EDGE_CURVE('',#5153,#5101,#99,.T.);
#3686=EDGE_CURVE('',#5154,#5155,#168,.T.);
#3687=EDGE_CURVE('',#5154,#5156,#6080,.T.);
#3688=EDGE_CURVE('',#5156,#5157,#169,.T.);
#3689=EDGE_CURVE('',#5155,#5157,#6081,.T.);
#3690=EDGE_CURVE('',#5158,#5159,#170,.T.);
#3691=EDGE_CURVE('',#5159,#5160,#6082,.T.);
#3692=EDGE_CURVE('',#5160,#5161,#171,.T.);
#3693=EDGE_CURVE('',#5161,#5158,#6083,.T.);
#3694=EDGE_CURVE('',#5162,#5163,#31,.T.);
#3695=EDGE_CURVE('',#5100,#5162,#6084,.T.);
#3696=EDGE_CURVE('',#5099,#5163,#6085,.T.);
#3697=EDGE_CURVE('',#5164,#5165,#6086,.T.);
#3698=EDGE_CURVE('',#5164,#5166,#6087,.T.);
#3699=EDGE_CURVE('',#5166,#5167,#6088,.T.);
#3700=EDGE_CURVE('',#5167,#5165,#6089,.T.);
#3701=EDGE_CURVE('',#4980,#5168,#6090,.T.);
#3702=EDGE_CURVE('',#5168,#5169,#6091,.T.);
#3703=EDGE_CURVE('',#5169,#4981,#6092,.T.);
#3704=EDGE_CURVE('',#5170,#5171,#6093,.T.);
#3705=EDGE_CURVE('',#5171,#5172,#6094,.T.);
#3706=EDGE_CURVE('',#5173,#5172,#6095,.T.);
#3707=EDGE_CURVE('',#5170,#5173,#6096,.T.);
#3708=EDGE_CURVE('',#5174,#5095,#6097,.T.);
#3709=EDGE_CURVE('',#5020,#5174,#6098,.T.);
#3710=EDGE_CURVE('',#5175,#5176,#6099,.T.);
#3711=EDGE_CURVE('',#5024,#5175,#6100,.T.);
#3712=EDGE_CURVE('',#5176,#5023,#6101,.T.);
#3713=EDGE_CURVE('',#5171,#5177,#6102,.T.);
#3714=EDGE_CURVE('',#5178,#5170,#6103,.T.);
#3715=EDGE_CURVE('',#5177,#5178,#6104,.T.);
#3716=EDGE_CURVE('',#5179,#4999,#6105,.T.);
#3717=EDGE_CURVE('',#5180,#5179,#6106,.T.);
#3718=EDGE_CURVE('',#5000,#5180,#6107,.T.);
#3719=EDGE_CURVE('',#5181,#5182,#6108,.T.);
#3720=EDGE_CURVE('',#5183,#5181,#6109,.T.);
#3721=EDGE_CURVE('',#5184,#5183,#6110,.T.);
#3722=EDGE_CURVE('',#5182,#5184,#6111,.T.);
#3723=EDGE_CURVE('',#4979,#5185,#6112,.T.);
#3724=EDGE_CURVE('',#5186,#4978,#6113,.T.);
#3725=EDGE_CURVE('',#5185,#5186,#6114,.T.);
#3726=EDGE_CURVE('',#5187,#5188,#6115,.T.);
#3727=EDGE_CURVE('',#5189,#5187,#6116,.T.);
#3728=EDGE_CURVE('',#5190,#5189,#6117,.T.);
#3729=EDGE_CURVE('',#5188,#5190,#6118,.T.);
#3730=EDGE_CURVE('',#5191,#4986,#6119,.T.);
#3731=EDGE_CURVE('',#5192,#5191,#6120,.T.);
#3732=EDGE_CURVE('',#4987,#5192,#6121,.T.);
#3733=EDGE_CURVE('',#5193,#5194,#6122,.T.);
#3734=EDGE_CURVE('',#5195,#5193,#6123,.T.);
#3735=EDGE_CURVE('',#5196,#5195,#6124,.T.);
#3736=EDGE_CURVE('',#5194,#5196,#6125,.T.);
#3737=EDGE_CURVE('',#5197,#5198,#6126,.T.);
#3738=EDGE_CURVE('',#5199,#5197,#6127,.T.);
#3739=EDGE_CURVE('',#5200,#5199,#6128,.T.);
#3740=EDGE_CURVE('',#5198,#5200,#6129,.T.);
#3741=EDGE_CURVE('',#5201,#5202,#6130,.T.);
#3742=EDGE_CURVE('',#5203,#5201,#6131,.T.);
#3743=EDGE_CURVE('',#5203,#5204,#6132,.T.);
#3744=EDGE_CURVE('',#5035,#5204,#6133,.T.);
#3745=EDGE_CURVE('',#5205,#5035,#6134,.T.);
#3746=EDGE_CURVE('',#5206,#5205,#6135,.T.);
#3747=EDGE_CURVE('',#5207,#5206,#6136,.T.);
#3748=EDGE_CURVE('',#5208,#5207,#6137,.T.);
#3749=EDGE_CURVE('',#5209,#5208,#6138,.T.);
#3750=EDGE_CURVE('',#5210,#5209,#6139,.T.);
#3751=EDGE_CURVE('',#5211,#5210,#6140,.T.);
#3752=EDGE_CURVE('',#5212,#5211,#6141,.T.);
#3753=EDGE_CURVE('',#5213,#5212,#6142,.T.);
#3754=EDGE_CURVE('',#5214,#5213,#6143,.T.);
#3755=EDGE_CURVE('',#5215,#5214,#6144,.T.);
#3756=EDGE_CURVE('',#5088,#5215,#6145,.T.);
#3757=EDGE_CURVE('',#5216,#5087,#6146,.T.);
#3758=EDGE_CURVE('',#5217,#5216,#6147,.T.);
#3759=EDGE_CURVE('',#5125,#5217,#6148,.T.);
#3760=EDGE_CURVE('',#5218,#5124,#6149,.T.);
#3761=EDGE_CURVE('',#5219,#5218,#6150,.T.);
#3762=EDGE_CURVE('',#5202,#5219,#6151,.T.);
#3763=EDGE_CURVE('',#5179,#5220,#6152,.T.);
#3764=EDGE_CURVE('',#5221,#5220,#6153,.T.);
#3765=EDGE_CURVE('',#5221,#5180,#6154,.T.);
#3766=EDGE_CURVE('',#5222,#5223,#6155,.T.);
#3767=EDGE_CURVE('',#5224,#5222,#6156,.T.);
#3768=EDGE_CURVE('',#5224,#5225,#6157,.T.);
#3769=EDGE_CURVE('',#5223,#5225,#6158,.T.);
#3770=EDGE_CURVE('',#5149,#5226,#6159,.T.);
#3771=EDGE_CURVE('',#5226,#5227,#6160,.T.);
#3772=EDGE_CURVE('',#5227,#5150,#6161,.T.);
#3773=EDGE_CURVE('',#5228,#5229,#6162,.T.);
#3774=EDGE_CURVE('',#5228,#5230,#6163,.T.);
#3775=EDGE_CURVE('',#5230,#5231,#6164,.T.);
#3776=EDGE_CURVE('',#5231,#5232,#6165,.T.);
#3777=EDGE_CURVE('',#5229,#5232,#32,.T.);
#3778=EDGE_CURVE('',#5107,#5009,#100,.T.);
#3779=EDGE_CURVE('',#5233,#5106,#6166,.T.);
#3780=EDGE_CURVE('',#5234,#5233,#6167,.T.);
#3781=EDGE_CURVE('',#4983,#5234,#6168,.T.);
#3782=EDGE_CURVE('',#5235,#4982,#6169,.T.);
#3783=EDGE_CURVE('',#5236,#5235,#101,.T.);
#3784=EDGE_CURVE('',#5237,#5236,#6170,.T.);
#3785=EDGE_CURVE('',#5237,#5010,#6171,.T.);
#3786=EDGE_CURVE('',#5238,#5239,#172,.T.);
#3787=EDGE_CURVE('',#5238,#5240,#6172,.T.);
#3788=EDGE_CURVE('',#5241,#5240,#173,.T.);
#3789=EDGE_CURVE('',#5241,#5239,#6173,.T.);
#3790=EDGE_CURVE('',#5203,#5119,#174,.T.);
#3791=EDGE_CURVE('',#5121,#5201,#175,.T.);
#3792=EDGE_CURVE('',#5011,#5242,#6174,.T.);
#3793=EDGE_CURVE('',#5242,#5243,#6175,.T.);
#3794=EDGE_CURVE('',#5244,#5243,#6176,.T.);
#3795=EDGE_CURVE('',#5012,#5244,#102,.T.);
#3796=EDGE_CURVE('',#5245,#5246,#6177,.T.);
#3797=EDGE_CURVE('',#5247,#5246,#6178,.T.);
#3798=EDGE_CURVE('',#5248,#5247,#6179,.T.);
#3799=EDGE_CURVE('',#5248,#5245,#6180,.T.);
#3800=EDGE_CURVE('',#5249,#5250,#103,.T.);
#3801=EDGE_CURVE('',#5042,#5249,#6181,.T.);
#3802=EDGE_CURVE('',#5251,#5041,#6182,.T.);
#3803=EDGE_CURVE('',#5252,#5251,#6183,.T.);
#3804=EDGE_CURVE('',#5253,#5252,#6184,.T.);
#3805=EDGE_CURVE('',#5110,#5253,#6185,.T.);
#3806=EDGE_CURVE('',#5254,#5109,#6186,.T.);
#3807=EDGE_CURVE('',#5254,#5255,#6187,.T.);
#3808=EDGE_CURVE('',#5255,#5250,#6188,.T.);
#3809=EDGE_CURVE('',#5256,#5257,#104,.T.);
#3810=EDGE_CURVE('',#5257,#5258,#105,.T.);
#3811=EDGE_CURVE('',#5258,#5256,#6189,.T.);
#3812=EDGE_CURVE('',#5259,#5260,#6190,.T.);
#3813=EDGE_CURVE('',#5259,#5261,#6191,.T.);
#3814=EDGE_CURVE('',#5261,#4998,#6192,.T.);
#3815=EDGE_CURVE('',#4998,#5260,#6193,.T.);
#3816=EDGE_CURVE('',#5262,#5128,#6194,.T.);
#3817=EDGE_CURVE('',#5222,#5262,#176,.T.);
#3818=EDGE_CURVE('',#5263,#5223,#6195,.T.);
#3819=EDGE_CURVE('',#5264,#5263,#6196,.T.);
#3820=EDGE_CURVE('',#5129,#5264,#106,.T.);
#3821=EDGE_CURVE('',#5265,#5266,#6197,.T.);
#3822=EDGE_CURVE('',#5267,#5265,#6198,.T.);
#3823=EDGE_CURVE('',#5268,#5267,#6199,.T.);
#3824=EDGE_CURVE('',#5268,#5266,#6200,.T.);
#3825=EDGE_CURVE('',#5201,#5269,#177,.T.);
#3826=EDGE_CURVE('',#5269,#5270,#64,.T.);
#3827=EDGE_CURVE('',#5121,#5270,#178,.T.);
#3828=EDGE_CURVE('',#5246,#5271,#107,.T.);
#3829=EDGE_CURVE('',#5271,#5247,#108,.T.);
#3830=EDGE_CURVE('',#5272,#5273,#6201,.T.);
#3831=EDGE_CURVE('',#5273,#5274,#109,.T.);
#3832=EDGE_CURVE('',#5274,#5275,#6202,.T.);
#3833=EDGE_CURVE('',#5275,#5272,#110,.T.);
#3834=EDGE_CURVE('',#5210,#5275,#6203,.T.);
#3835=EDGE_CURVE('',#5211,#5274,#6204,.T.);
#3836=EDGE_CURVE('',#5276,#5277,#6205,.T.);
#3837=EDGE_CURVE('',#5278,#5277,#6206,.T.);
#3838=EDGE_CURVE('',#5278,#5279,#6207,.T.);
#3839=EDGE_CURVE('',#5279,#5276,#6208,.T.);
#3840=EDGE_CURVE('',#5280,#5057,#6209,.T.);
#3841=EDGE_CURVE('',#5280,#5281,#6210,.T.);
#3842=EDGE_CURVE('',#5281,#5261,#6211,.T.);
#3843=EDGE_CURVE('',#5058,#5261,#6212,.T.);
#3844=EDGE_CURVE('',#5282,#5283,#6213,.T.);
#3845=EDGE_CURVE('',#5282,#5284,#6214,.T.);
#3846=EDGE_CURVE('',#5285,#5284,#6215,.T.);
#3847=EDGE_CURVE('',#5283,#5285,#6216,.T.);
#3848=EDGE_CURVE('',#5286,#5287,#6217,.T.);
#3849=EDGE_CURVE('',#5208,#5286,#179,.T.);
#3850=EDGE_CURVE('',#5207,#5288,#6218,.T.);
#3851=EDGE_CURVE('',#5289,#5288,#111,.T.);
#3852=EDGE_CURVE('',#5290,#5289,#6219,.T.);
#3853=EDGE_CURVE('',#5151,#5290,#6220,.T.);
#3854=EDGE_CURVE('',#5287,#5227,#6221,.T.);
#3855=EDGE_CURVE('',#5159,#5291,#6222,.T.);
#3856=EDGE_CURVE('',#5292,#5158,#6223,.T.);
#3857=EDGE_CURVE('',#5267,#5292,#6224,.T.);
#3858=EDGE_CURVE('',#5265,#5293,#112,.T.);
#3859=EDGE_CURVE('',#5291,#5293,#6225,.T.);
#3860=EDGE_CURVE('',#5294,#5132,#6226,.T.);
#3861=EDGE_CURVE('',#5294,#5295,#6227,.T.);
#3862=EDGE_CURVE('',#5295,#5296,#6228,.T.);
#3863=EDGE_CURVE('',#5297,#5296,#6229,.T.);
#3864=EDGE_CURVE('',#5297,#5298,#6230,.T.);
#3865=EDGE_CURVE('',#5298,#5133,#6231,.T.);
#3866=EDGE_CURVE('',#5126,#5299,#6232,.T.);
#3867=EDGE_CURVE('',#5217,#5300,#6233,.T.);
#3868=EDGE_CURVE('',#5301,#5300,#113,.T.);
#3869=EDGE_CURVE('',#5302,#5301,#6234,.T.);
#3870=EDGE_CURVE('',#5086,#5302,#6235,.T.);
#3871=EDGE_CURVE('',#5299,#5123,#6236,.T.);
#3872=EDGE_CURVE('',#5303,#5304,#6237,.T.);
#3873=EDGE_CURVE('',#5304,#5305,#6238,.T.);
#3874=EDGE_CURVE('',#5305,#5306,#6239,.T.);
#3875=EDGE_CURVE('',#5303,#5306,#6240,.T.);
#3876=EDGE_CURVE('',#5307,#5308,#180,.T.);
#3877=EDGE_CURVE('',#5308,#5241,#6241,.T.);
#3878=EDGE_CURVE('',#5240,#5307,#6242,.T.);
#3879=EDGE_CURVE('',#5172,#5309,#6243,.T.);
#3880=EDGE_CURVE('',#5309,#5310,#6244,.T.);
#3881=EDGE_CURVE('',#5310,#5173,#6245,.T.);
#3882=EDGE_CURVE('',#5311,#5301,#6246,.T.);
#3883=EDGE_CURVE('',#5300,#5312,#6247,.T.);
#3884=EDGE_CURVE('',#5312,#5311,#114,.T.);
#3885=EDGE_CURVE('',#5191,#5313,#6248,.T.);
#3886=EDGE_CURVE('',#5314,#5313,#6249,.T.);
#3887=EDGE_CURVE('',#5314,#5192,#6250,.T.);
#3888=EDGE_CURVE('',#5245,#5315,#6251,.T.);
#3889=EDGE_CURVE('',#5315,#5316,#6252,.T.);
#3890=EDGE_CURVE('',#5271,#5316,#6253,.T.);
#3891=EDGE_CURVE('',#5122,#5317,#6254,.T.);
#3892=EDGE_CURVE('',#5317,#5299,#6255,.T.);
#3893=EDGE_CURVE('',#5318,#5319,#6256,.T.);
#3894=EDGE_CURVE('',#5319,#5320,#6257,.T.);
#3895=EDGE_CURVE('',#5320,#5321,#6258,.T.);
#3896=EDGE_CURVE('',#5318,#5321,#6259,.T.);
#3897=EDGE_CURVE('',#5322,#5068,#6260,.T.);
#3898=EDGE_CURVE('',#5071,#5323,#6261,.T.);
#3899=EDGE_CURVE('',#5322,#5323,#6262,.T.);
#3900=EDGE_CURVE('',#5324,#5325,#6263,.T.);
#3901=EDGE_CURVE('',#5324,#5316,#6264,.T.);
#3902=EDGE_CURVE('',#5316,#5326,#6265,.T.);
#3903=EDGE_CURVE('',#5326,#5325,#6266,.T.);
#3904=EDGE_CURVE('',#5212,#5327,#181,.T.);
#3905=EDGE_CURVE('',#5328,#5327,#6267,.T.);
#3906=EDGE_CURVE('',#5213,#5328,#182,.T.);
#3907=EDGE_CURVE('',#5262,#5329,#6268,.T.);
#3908=EDGE_CURVE('',#5329,#5224,#183,.T.);
#3909=EDGE_CURVE('',#5330,#5238,#6269,.T.);
#3910=EDGE_CURVE('',#5331,#5238,#6270,.T.);
#3911=EDGE_CURVE('',#5332,#5331,#6271,.T.);
#3912=EDGE_CURVE('',#5330,#5332,#6272,.T.);
#3913=EDGE_CURVE('',#5333,#5334,#6273,.T.);
#3914=EDGE_CURVE('',#5334,#5335,#6274,.T.);
#3915=EDGE_CURVE('',#5335,#5336,#6275,.T.);
#3916=EDGE_CURVE('',#5333,#5336,#6276,.T.);
#3917=EDGE_CURVE('',#5141,#5337,#6277,.T.);
#3918=EDGE_CURVE('',#5036,#5143,#6278,.T.);
#3919=EDGE_CURVE('',#5036,#5337,#6279,.T.);
#3920=EDGE_CURVE('',#5135,#5338,#6280,.T.);
#3921=EDGE_CURVE('',#5338,#5137,#184,.T.);
#3922=EDGE_CURVE('',#5136,#5294,#185,.T.);
#3923=EDGE_CURVE('',#5339,#5340,#6281,.T.);
#3924=EDGE_CURVE('',#5340,#5341,#6282,.T.);
#3925=EDGE_CURVE('',#5341,#5342,#6283,.T.);
#3926=EDGE_CURVE('',#5342,#5339,#6284,.T.);
#3927=EDGE_CURVE('',#5343,#5344,#6285,.T.);
#3928=EDGE_CURVE('',#5345,#5344,#6286,.T.);
#3929=EDGE_CURVE('',#5345,#5346,#6287,.T.);
#3930=EDGE_CURVE('',#5346,#5343,#6288,.T.);
#3931=EDGE_CURVE('',#5226,#5347,#6289,.T.);
#3932=EDGE_CURVE('',#5347,#5287,#6290,.T.);
#3933=EDGE_CURVE('',#5295,#5100,#6291,.T.);
#3934=EDGE_CURVE('',#5296,#5162,#6292,.T.);
#3935=EDGE_CURVE('',#4990,#5348,#6293,.T.);
#3936=EDGE_CURVE('',#5349,#4991,#6294,.T.);
#3937=EDGE_CURVE('',#5349,#5350,#186,.T.);
#3938=EDGE_CURVE('',#5351,#5350,#6295,.T.);
#3939=EDGE_CURVE('',#5352,#5351,#6296,.T.);
#3940=EDGE_CURVE('',#5352,#5097,#6297,.T.);
#3941=EDGE_CURVE('',#5295,#5139,#187,.T.);
#3942=EDGE_CURVE('',#5138,#5348,#188,.T.);
#3943=EDGE_CURVE('',#5250,#5353,#6298,.T.);
#3944=EDGE_CURVE('',#5255,#5354,#6299,.T.);
#3945=EDGE_CURVE('',#5354,#5353,#6300,.T.);
#3946=EDGE_CURVE('',#5327,#5355,#6301,.T.);
#3947=EDGE_CURVE('',#5356,#5273,#6302,.T.);
#3948=EDGE_CURVE('',#5357,#5356,#6303,.T.);
#3949=EDGE_CURVE('',#5358,#5357,#6304,.T.);
#3950=EDGE_CURVE('',#5359,#5358,#6305,.T.);
#3951=EDGE_CURVE('',#5355,#5359,#6306,.T.);
#3952=EDGE_CURVE('',#5185,#5168,#6307,.T.);
#3953=EDGE_CURVE('',#5337,#5204,#189,.T.);
#3954=EDGE_CURVE('',#5235,#5072,#6308,.T.);
#3955=EDGE_CURVE('',#5073,#5236,#6309,.T.);
#3956=EDGE_CURVE('',#5194,#5092,#6310,.T.);
#3957=EDGE_CURVE('',#5193,#5091,#6311,.T.);
#3958=EDGE_CURVE('',#5360,#5361,#6312,.T.);
#3959=EDGE_CURVE('',#5361,#5357,#6313,.T.);
#3960=EDGE_CURVE('',#5360,#5356,#6314,.T.);
#3961=EDGE_CURVE('',#5362,#5027,#6315,.T.);
#3962=EDGE_CURVE('',#5363,#5028,#115,.T.);
#3963=EDGE_CURVE('',#5326,#5363,#6316,.T.);
#3964=EDGE_CURVE('',#5326,#5362,#6317,.T.);
#3965=EDGE_CURVE('',#5277,#5364,#6318,.T.);
#3966=EDGE_CURVE('',#5364,#5365,#6319,.T.);
#3967=EDGE_CURVE('',#5365,#5278,#6320,.T.);
#3968=EDGE_CURVE('',#5001,#5221,#6321,.T.);
#3969=EDGE_CURVE('',#5220,#5002,#6322,.T.);
#3970=EDGE_CURVE('',#5366,#5184,#6323,.T.);
#3971=EDGE_CURVE('',#5367,#5366,#6324,.T.);
#3972=EDGE_CURVE('',#5182,#5367,#6325,.T.);
#3973=EDGE_CURVE('',#4993,#5368,#6326,.T.);
#3974=EDGE_CURVE('',#4992,#5155,#6327,.T.);
#3975=EDGE_CURVE('',#5157,#5369,#6328,.T.);
#3976=EDGE_CURVE('',#5369,#5368,#190,.T.);
#3977=EDGE_CURVE('',#5218,#5118,#6329,.T.);
#3978=EDGE_CURVE('',#5117,#5219,#6330,.T.);
#3979=EDGE_CURVE('',#5370,#5142,#191,.T.);
#3980=EDGE_CURVE('',#5142,#5371,#6331,.T.);
#3981=EDGE_CURVE('',#5372,#5371,#192,.T.);
#3982=EDGE_CURVE('',#5372,#5370,#6332,.T.);
#3983=EDGE_CURVE('',#5373,#5374,#6333,.T.);
#3984=EDGE_CURVE('',#5374,#5346,#6334,.T.);
#3985=EDGE_CURVE('',#5346,#5375,#6335,.T.);
#3986=EDGE_CURVE('',#5373,#5375,#6336,.T.);
#3987=EDGE_CURVE('',#5198,#5061,#6337,.T.);
#3988=EDGE_CURVE('',#5197,#5060,#6338,.T.);
#3989=EDGE_CURVE('',#5319,#5259,#6339,.T.);
#3990=EDGE_CURVE('',#5260,#5320,#6340,.T.);
#3991=EDGE_CURVE('',#5376,#5144,#6341,.T.);
#3992=EDGE_CURVE('',#5377,#5376,#6342,.T.);
#3993=EDGE_CURVE('',#5378,#5377,#116,.T.);
#3994=EDGE_CURVE('',#5214,#5378,#6343,.T.);
#3995=EDGE_CURVE('',#5379,#5328,#6344,.T.);
#3996=EDGE_CURVE('',#5380,#5379,#6345,.T.);
#3997=EDGE_CURVE('',#5145,#5380,#6346,.T.);
#3998=EDGE_CURVE('',#5152,#5053,#6347,.T.);
#3999=EDGE_CURVE('',#5056,#5153,#6348,.T.);
#4000=EDGE_CURVE('',#5116,#5381,#6349,.T.);
#4001=EDGE_CURVE('',#5382,#5381,#6350,.T.);
#4002=EDGE_CURVE('',#5382,#5115,#6351,.T.);
#4003=EDGE_CURVE('',#5348,#5338,#6352,.T.);
#4004=EDGE_CURVE('',#5383,#5384,#6353,.T.);
#4005=EDGE_CURVE('',#5384,#5140,#6354,.T.);
#4006=EDGE_CURVE('',#5120,#5385,#193,.T.);
#4007=EDGE_CURVE('',#5385,#5386,#6355,.T.);
#4008=EDGE_CURVE('',#5386,#5387,#6356,.T.);
#4009=EDGE_CURVE('',#5387,#5268,#6357,.T.);
#4010=EDGE_CURVE('',#5292,#5388,#6358,.T.);
#4011=EDGE_CURVE('',#5388,#5389,#6359,.T.);
#4012=EDGE_CURVE('',#5389,#5390,#6360,.T.);
#4013=EDGE_CURVE('',#5390,#5067,#6361,.T.);
#4014=EDGE_CURVE('',#5066,#5391,#6362,.T.);
#4015=EDGE_CURVE('',#5391,#5392,#6363,.T.);
#4016=EDGE_CURVE('',#5392,#5330,#6364,.T.);
#4017=EDGE_CURVE('',#5332,#5393,#6365,.T.);
#4018=EDGE_CURVE('',#5393,#5263,#6366,.T.);
#4019=EDGE_CURVE('',#5225,#5046,#6367,.T.);
#4020=EDGE_CURVE('',#5048,#5394,#6368,.T.);
#4021=EDGE_CURVE('',#5394,#5395,#6369,.T.);
#4022=EDGE_CURVE('',#5395,#5396,#6370,.T.);
#4023=EDGE_CURVE('',#5396,#5397,#6371,.T.);
#4024=EDGE_CURVE('',#5397,#5081,#6372,.T.);
#4025=EDGE_CURVE('',#5082,#5285,#6373,.T.);
#4026=EDGE_CURVE('',#5284,#5383,#6374,.T.);
#4027=EDGE_CURVE('',#5398,#5399,#194,.T.);
#4028=EDGE_CURVE('',#5098,#5398,#6375,.T.);
#4029=EDGE_CURVE('',#5352,#5400,#195,.T.);
#4030=EDGE_CURVE('',#5401,#5400,#6376,.T.);
#4031=EDGE_CURVE('',#5401,#5340,#196,.T.);
#4032=EDGE_CURVE('',#5402,#5339,#197,.T.);
#4033=EDGE_CURVE('',#5402,#5403,#6377,.T.);
#4034=EDGE_CURVE('',#5403,#5404,#198,.T.);
#4035=EDGE_CURVE('',#5399,#5404,#6378,.T.);
#4036=EDGE_CURVE('',#5181,#5405,#6379,.T.);
#4037=EDGE_CURVE('',#5406,#5405,#6380,.T.);
#4038=EDGE_CURVE('',#5183,#5406,#6381,.T.);
#4039=EDGE_CURVE('',#5021,#5407,#6382,.T.);
#4040=EDGE_CURVE('',#5407,#5096,#6383,.T.);
#4041=EDGE_CURVE('',#5334,#5318,#6384,.T.);
#4042=EDGE_CURVE('',#5321,#5335,#6385,.T.);
#4043=EDGE_CURVE('',#5408,#5324,#6386,.T.);
#4044=EDGE_CURVE('',#5325,#5409,#6387,.T.);
#4045=EDGE_CURVE('',#5408,#5409,#6388,.T.);
#4046=EDGE_CURVE('',#5004,#5410,#6389,.T.);
#4047=EDGE_CURVE('',#5411,#5410,#199,.T.);
#4048=EDGE_CURVE('',#5412,#5411,#6390,.T.);
#4049=EDGE_CURVE('',#5412,#5413,#6391,.T.);
#4050=EDGE_CURVE('',#5413,#5005,#6392,.T.);
#4051=EDGE_CURVE('',#5370,#5414,#65,.T.);
#4052=EDGE_CURVE('',#5414,#5143,#200,.T.);
#4053=EDGE_CURVE('',#5311,#5415,#6393,.T.);
#4054=EDGE_CURVE('',#5415,#5302,#6394,.T.);
#4055=EDGE_CURVE('',#5415,#5083,#6395,.T.);
#4056=EDGE_CURVE('',#5368,#5349,#6396,.T.);
#4057=EDGE_CURVE('',#5350,#5369,#6397,.T.);
#4058=EDGE_CURVE('',#5414,#5037,#6398,.T.);
#4059=EDGE_CURVE('',#5199,#5063,#6399,.T.);
#4060=EDGE_CURVE('',#5062,#5200,#6400,.T.);
#4061=EDGE_CURVE('',#5216,#5312,#6401,.T.);
#4062=EDGE_CURVE('',#5317,#5090,#6402,.T.);
#4063=EDGE_CURVE('',#4996,#5416,#6403,.T.);
#4064=EDGE_CURVE('',#5416,#4997,#117,.T.);
#4065=EDGE_CURVE('',#5417,#5418,#6404,.T.);
#4066=EDGE_CURVE('',#5418,#5419,#6405,.T.);
#4067=EDGE_CURVE('',#5077,#5419,#118,.T.);
#4068=EDGE_CURVE('',#5076,#5417,#6406,.T.);
#4069=EDGE_CURVE('',#5420,#5333,#119,.T.);
#4070=EDGE_CURVE('',#5421,#5420,#6407,.T.);
#4071=EDGE_CURVE('',#5421,#5422,#6408,.T.);
#4072=EDGE_CURVE('',#5422,#5059,#6409,.T.);
#4073=EDGE_CURVE('',#5380,#5423,#6410,.T.);
#4074=EDGE_CURVE('',#5423,#5146,#6411,.T.);
#4075=EDGE_CURVE('',#5424,#5256,#6412,.T.);
#4076=EDGE_CURVE('',#5424,#5425,#6413,.T.);
#4077=EDGE_CURVE('',#5425,#5166,#6414,.T.);
#4078=EDGE_CURVE('',#5257,#5166,#6415,.T.);
#4079=EDGE_CURVE('',#5232,#5426,#6416,.T.);
#4080=EDGE_CURVE('',#5426,#5351,#201,.T.);
#4081=EDGE_CURVE('',#5351,#5229,#6417,.T.);
#4082=EDGE_CURVE('',#5427,#5428,#202,.T.);
#4083=EDGE_CURVE('',#5428,#5429,#6418,.T.);
#4084=EDGE_CURVE('',#5342,#5429,#203,.T.);
#4085=EDGE_CURVE('',#5430,#5341,#204,.T.);
#4086=EDGE_CURVE('',#5430,#5427,#6419,.T.);
#4087=EDGE_CURVE('',#5431,#5432,#6420,.T.);
#4088=EDGE_CURVE('',#5432,#5433,#6421,.T.);
#4089=EDGE_CURVE('',#5231,#5433,#6422,.T.);
#4090=EDGE_CURVE('',#5431,#5230,#6423,.T.);
#4091=EDGE_CURVE('',#5388,#5161,#6424,.T.);
#4092=EDGE_CURVE('',#5434,#5161,#6425,.T.);
#4093=EDGE_CURVE('',#5389,#5434,#6426,.T.);
#4094=EDGE_CURVE('',#5435,#5436,#6427,.T.);
#4095=EDGE_CURVE('',#5436,#5437,#6428,.T.);
#4096=EDGE_CURVE('',#5438,#5437,#120,.T.);
#4097=EDGE_CURVE('',#5438,#5167,#6429,.T.);
#4098=EDGE_CURVE('',#5167,#5435,#6430,.T.);
#4099=EDGE_CURVE('',#5310,#5178,#6431,.T.);
#4100=EDGE_CURVE('',#5177,#5309,#6432,.T.);
#4101=EDGE_CURVE('',#5379,#5439,#6433,.T.);
#4102=EDGE_CURVE('',#5439,#5423,#6434,.T.);
#4103=EDGE_CURVE('',#5233,#5075,#6435,.T.);
#4104=EDGE_CURVE('',#5106,#5076,#6436,.T.);
#4105=EDGE_CURVE('',#5176,#5044,#6437,.T.);
#4106=EDGE_CURVE('',#5440,#5322,#121,.T.);
#4107=EDGE_CURVE('',#5323,#5441,#122,.T.);
#4108=EDGE_CURVE('',#5441,#5440,#6438,.T.);
#4109=EDGE_CURVE('',#5163,#5442,#6439,.T.);
#4110=EDGE_CURVE('',#5099,#5443,#6440,.T.);
#4111=EDGE_CURVE('',#5443,#5442,#6441,.T.);
#4112=EDGE_CURVE('',#5160,#5444,#6442,.T.);
#4113=EDGE_CURVE('',#5434,#5444,#205,.T.);
#4114=EDGE_CURVE('',#5445,#5331,#206,.T.);
#4115=EDGE_CURVE('',#5131,#5445,#6443,.T.);
#4116=EDGE_CURVE('',#5446,#5130,#123,.T.);
#4117=EDGE_CURVE('',#5393,#5446,#6444,.T.);
#4118=EDGE_CURVE('',#5447,#5378,#6445,.T.);
#4119=EDGE_CURVE('',#5215,#5447,#6446,.T.);
#4120=EDGE_CURVE('',#5448,#5108,#6447,.T.);
#4121=EDGE_CURVE('',#5448,#5254,#6448,.T.);
#4122=EDGE_CURVE('',#5244,#5013,#124,.T.);
#4123=EDGE_CURVE('',#5045,#5224,#6449,.T.);
#4124=EDGE_CURVE('',#4988,#5314,#6450,.T.);
#4125=EDGE_CURVE('',#5313,#4989,#6451,.T.);
#4126=EDGE_CURVE('',#5436,#5449,#6452,.T.);
#4127=EDGE_CURVE('',#5449,#5450,#6453,.T.);
#4128=EDGE_CURVE('',#5437,#5450,#6454,.T.);
#4129=EDGE_CURVE('',#5405,#5367,#6455,.T.);
#4130=EDGE_CURVE('',#5366,#5406,#6456,.T.);
#4131=EDGE_CURVE('',#5392,#5240,#6457,.T.);
#4132=EDGE_CURVE('',#4995,#5451,#6458,.T.);
#4133=EDGE_CURVE('',#5451,#5416,#6459,.T.);
#4134=EDGE_CURVE('',#5452,#5383,#6460,.T.);
#4135=EDGE_CURVE('',#5371,#5452,#6461,.T.);
#4136=EDGE_CURVE('',#5371,#5384,#6462,.T.);
#4137=EDGE_CURVE('',#4990,#5453,#207,.T.);
#4138=EDGE_CURVE('',#5453,#5454,#6463,.T.);
#4139=EDGE_CURVE('',#5455,#5454,#6464,.T.);
#4140=EDGE_CURVE('',#5455,#5154,#6465,.T.);
#4141=EDGE_CURVE('',#5456,#5434,#6466,.T.);
#4142=EDGE_CURVE('',#5390,#5456,#6467,.T.);
#4143=EDGE_CURVE('',#5457,#5164,#6468,.T.);
#4144=EDGE_CURVE('',#5054,#5457,#6469,.T.);
#4145=EDGE_CURVE('',#5104,#5458,#6470,.T.);
#4146=EDGE_CURVE('',#5458,#5258,#6471,.T.);
#4147=EDGE_CURVE('',#5459,#5289,#6472,.T.);
#4148=EDGE_CURVE('',#5288,#5460,#6473,.T.);
#4149=EDGE_CURVE('',#5460,#5459,#125,.T.);
#4150=EDGE_CURVE('',#5174,#5407,#6474,.T.);
#4151=EDGE_CURVE('',#5461,#5462,#6475,.T.);
#4152=EDGE_CURVE('',#5462,#5463,#6476,.T.);
#4153=EDGE_CURVE('',#5463,#5464,#6477,.T.);
#4154=EDGE_CURVE('',#5464,#5461,#6478,.T.);
#4155=EDGE_CURVE('',#5175,#5043,#6479,.T.);
#4156=EDGE_CURVE('',#5442,#5297,#6480,.T.);
#4157=EDGE_CURVE('',#5458,#5424,#6481,.T.);
#4158=EDGE_CURVE('',#5381,#5276,#6482,.T.);
#4159=EDGE_CURVE('',#5465,#5127,#6483,.T.);
#4160=EDGE_CURVE('',#5364,#5465,#6484,.T.);
#4161=EDGE_CURVE('',#5206,#5460,#6485,.T.);
#4162=EDGE_CURVE('',#5040,#5466,#6486,.T.);
#4163=EDGE_CURVE('',#5466,#5251,#6487,.T.);
#4164=EDGE_CURVE('',#5467,#5039,#6488,.T.);
#4165=EDGE_CURVE('',#5467,#5249,#6489,.T.);
#4166=EDGE_CURVE('',#5234,#5074,#6490,.T.);
#4167=EDGE_CURVE('',#5069,#5408,#6491,.T.);
#4168=EDGE_CURVE('',#5409,#5070,#6492,.T.);
#4169=EDGE_CURVE('',#5308,#5015,#6493,.T.);
#4170=EDGE_CURVE('',#5391,#5307,#6494,.T.);
#4171=EDGE_CURVE('',#5064,#5016,#126,.T.);
#4172=EDGE_CURVE('',#5468,#5469,#208,.T.);
#4173=EDGE_CURVE('',#5470,#5469,#6495,.T.);
#4174=EDGE_CURVE('',#5471,#5470,#209,.T.);
#4175=EDGE_CURVE('',#5472,#5471,#6496,.T.);
#4176=EDGE_CURVE('',#5473,#5472,#210,.T.);
#4177=EDGE_CURVE('',#5473,#5468,#6497,.T.);
#4178=EDGE_CURVE('',#5272,#5360,#6498,.T.);
#4179=EDGE_CURVE('',#5209,#5474,#211,.T.);
#4180=EDGE_CURVE('',#5475,#5474,#6499,.T.);
#4181=EDGE_CURVE('',#5476,#5475,#6500,.T.);
#4182=EDGE_CURVE('',#5477,#5476,#6501,.T.);
#4183=EDGE_CURVE('',#5361,#5477,#6502,.T.);
#4184=EDGE_CURVE('',#5478,#5479,#6503,.T.);
#4185=EDGE_CURVE('',#5480,#5479,#6504,.T.);
#4186=EDGE_CURVE('',#5480,#5372,#6505,.T.);
#4187=EDGE_CURVE('',#5478,#5372,#6506,.T.);
#4188=EDGE_CURVE('',#5481,#5441,#6507,.T.);
#4189=EDGE_CURVE('',#5481,#5482,#6508,.T.);
#4190=EDGE_CURVE('',#5482,#5440,#6509,.T.);
#4191=EDGE_CURVE('',#5483,#5293,#6510,.T.);
#4192=EDGE_CURVE('',#5483,#5305,#6511,.T.);
#4193=EDGE_CURVE('',#5305,#5291,#6512,.T.);
#4194=EDGE_CURVE('',#5484,#5018,#6513,.T.);
#4195=EDGE_CURVE('',#5484,#5485,#6514,.T.);
#4196=EDGE_CURVE('',#5485,#5015,#6515,.T.);
#4197=EDGE_CURVE('',#5486,#5420,#6516,.T.);
#4198=EDGE_CURVE('',#5487,#5486,#6517,.T.);
#4199=EDGE_CURVE('',#5487,#5421,#6518,.T.);
#4200=EDGE_CURVE('',#5488,#5148,#6519,.T.);
#4201=EDGE_CURVE('',#5459,#5488,#6520,.T.);
#4202=EDGE_CURVE('',#5205,#5489,#212,.T.);
#4203=EDGE_CURVE('',#5347,#5489,#6521,.T.);
#4204=EDGE_CURVE('',#5348,#5490,#213,.T.);
#4205=EDGE_CURVE('',#5453,#5490,#6522,.T.);
#4206=EDGE_CURVE('',#5452,#5478,#214,.T.);
#4207=EDGE_CURVE('',#5444,#5484,#6523,.T.);
#4208=EDGE_CURVE('',#5018,#5491,#6524,.T.);
#4209=EDGE_CURVE('',#5444,#5491,#6525,.T.);
#4210=EDGE_CURVE('',#5404,#5472,#6526,.T.);
#4211=EDGE_CURVE('',#5471,#5399,#6527,.T.);
#4212=EDGE_CURVE('',#5385,#5050,#6528,.T.);
#4213=EDGE_CURVE('',#5080,#5237,#6529,.T.);
#4214=EDGE_CURVE('',#5052,#5303,#6530,.T.);
#4215=EDGE_CURVE('',#5492,#5303,#215,.T.);
#4216=EDGE_CURVE('',#5492,#5050,#6531,.T.);
#4217=EDGE_CURVE('',#5470,#5398,#6532,.T.);
#4218=EDGE_CURVE('',#5202,#5493,#216,.T.);
#4219=EDGE_CURVE('',#5269,#5493,#6533,.T.);
#4220=EDGE_CURVE('',#5422,#5280,#6534,.T.);
#4221=EDGE_CURVE('',#5114,#5397,#6535,.T.);
#4222=EDGE_CURVE('',#5033,#5114,#6536,.T.);
#4223=EDGE_CURVE('',#5113,#5034,#6537,.T.);
#4224=EDGE_CURVE('',#5358,#5477,#6538,.T.);
#4225=EDGE_CURVE('',#5264,#5446,#6539,.T.);
#4226=EDGE_CURVE('',#5377,#5494,#6540,.T.);
#4227=EDGE_CURVE('',#5494,#5447,#127,.T.);
#4228=EDGE_CURVE('',#5493,#5495,#6541,.T.);
#4229=EDGE_CURVE('',#5279,#5382,#6542,.T.);
#4230=EDGE_CURVE('',#5495,#5365,#6543,.T.);
#4231=EDGE_CURVE('',#5496,#5413,#6544,.T.);
#4232=EDGE_CURVE('',#5496,#5006,#6545,.T.);
#4233=EDGE_CURVE('',#5306,#5497,#217,.T.);
#4234=EDGE_CURVE('',#5497,#5492,#6546,.T.);
#4235=EDGE_CURVE('',#5169,#5186,#6547,.T.);
#4236=EDGE_CURVE('',#5239,#5498,#6548,.T.);
#4237=EDGE_CURVE('',#5498,#5131,#6549,.T.);
#4238=EDGE_CURVE('',#5239,#5445,#6550,.T.);
#4239=EDGE_CURVE('',#5111,#5396,#6551,.T.);
#4240=EDGE_CURVE('',#5466,#5499,#6552,.T.);
#4241=EDGE_CURVE('',#5499,#5252,#6553,.T.);
#4242=EDGE_CURVE('',#5500,#5411,#6554,.T.);
#4243=EDGE_CURVE('',#5501,#5410,#6555,.T.);
#4244=EDGE_CURVE('',#5501,#5500,#218,.T.);
#4245=EDGE_CURVE('',#5450,#5438,#128,.T.);
#4246=EDGE_CURVE('',#5350,#5228,#6556,.T.);
#4247=EDGE_CURVE('',#5500,#5502,#6557,.T.);
#4248=EDGE_CURVE('',#5412,#5502,#6558,.T.);
#4249=EDGE_CURVE('',#5045,#5373,#219,.T.);
#4250=EDGE_CURVE('',#5329,#5373,#6559,.T.);
#4251=EDGE_CURVE('',#5503,#5428,#6560,.T.);
#4252=EDGE_CURVE('',#5427,#5504,#6561,.T.);
#4253=EDGE_CURVE('',#5504,#5503,#220,.T.);
#4254=EDGE_CURVE('',#5457,#5505,#6562,.T.);
#4255=EDGE_CURVE('',#5505,#5055,#6563,.T.);
#4256=EDGE_CURVE('',#5482,#5248,#6564,.T.);
#4257=EDGE_CURVE('',#5386,#5492,#6565,.T.);
#4258=EDGE_CURVE('',#5387,#5497,#6566,.T.);
#4259=EDGE_CURVE('',#5506,#5134,#6567,.T.);
#4260=EDGE_CURVE('',#5507,#5298,#6568,.T.);
#4261=EDGE_CURVE('',#5508,#5507,#6569,.T.);
#4262=EDGE_CURVE('',#5509,#5508,#221,.T.);
#4263=EDGE_CURVE('',#5506,#5509,#6570,.T.);
#4264=EDGE_CURVE('',#5156,#5431,#6571,.T.);
#4265=EDGE_CURVE('',#5503,#5455,#6572,.T.);
#4266=EDGE_CURVE('',#5432,#5504,#6573,.T.);
#4267=EDGE_CURVE('',#5188,#5462,#6574,.T.);
#4268=EDGE_CURVE('',#5187,#5461,#6575,.T.);
#4269=EDGE_CURVE('',#5189,#5464,#6576,.T.);
#4270=EDGE_CURVE('',#5463,#5190,#6577,.T.);
#4271=EDGE_CURVE('',#5030,#5363,#129,.T.);
#4272=EDGE_CURVE('',#5401,#5430,#6578,.T.);
#4273=EDGE_CURVE('',#5474,#5286,#6579,.T.);
#4274=EDGE_CURVE('',#5266,#5483,#130,.T.);
#4275=EDGE_CURVE('',#5029,#5481,#6580,.T.);
#4276=EDGE_CURVE('',#5426,#5400,#6581,.T.);
#4277=EDGE_CURVE('',#5433,#5426,#6582,.T.);
#4278=EDGE_CURVE('',#5476,#5359,#6583,.T.);
#4279=EDGE_CURVE('',#5510,#5031,#6584,.T.);
#4280=EDGE_CURVE('',#5511,#5510,#6585,.T.);
#4281=EDGE_CURVE('',#5511,#5283,#131,.T.);
#4282=EDGE_CURVE('',#5512,#5282,#132,.T.);
#4283=EDGE_CURVE('',#5511,#5512,#6586,.T.);
#4284=EDGE_CURVE('',#5513,#5128,#6587,.T.);
#4285=EDGE_CURVE('',#5513,#5329,#6588,.T.);
#4286=EDGE_CURVE('',#5489,#5038,#6589,.T.);
#4287=EDGE_CURVE('',#5403,#5473,#6590,.T.);
#4288=EDGE_CURVE('',#5495,#5465,#6591,.T.);
#4289=EDGE_CURVE('',#5502,#5496,#6592,.T.);
#4290=EDGE_CURVE('',#5304,#5514,#6593,.T.);
#4291=EDGE_CURVE('',#5514,#5291,#6594,.T.);
#4292=EDGE_CURVE('',#5003,#5501,#6595,.T.);
#4293=EDGE_CURVE('',#5195,#5094,#6596,.T.);
#4294=EDGE_CURVE('',#5488,#5290,#6597,.T.);
#4295=EDGE_CURVE('',#5093,#5196,#6598,.T.);
#4296=EDGE_CURVE('',#5443,#5507,#6599,.T.);
#4297=EDGE_CURVE('',#5469,#5508,#6600,.T.);
#4298=EDGE_CURVE('',#5034,#5515,#6601,.T.);
#4299=EDGE_CURVE('',#5510,#5515,#6602,.T.);
#4300=EDGE_CURVE('',#5454,#5315,#6603,.T.);
#4301=EDGE_CURVE('',#5516,#5490,#6604,.T.);
#4302=EDGE_CURVE('',#5517,#5516,#6605,.T.);
#4303=EDGE_CURVE('',#5253,#5517,#6606,.T.);
#4304=EDGE_CURVE('',#5243,#5253,#6607,.T.);
#4305=EDGE_CURVE('',#5435,#5242,#6608,.T.);
#4306=EDGE_CURVE('',#5417,#5425,#6609,.T.);
#4307=EDGE_CURVE('',#4994,#5105,#6610,.T.);
#4308=EDGE_CURVE('',#5362,#5281,#6611,.T.);
#4309=EDGE_CURVE('',#5468,#5509,#6612,.T.);
#4310=EDGE_CURVE('',#5517,#5448,#6613,.T.);
#4311=EDGE_CURVE('',#5516,#5506,#6614,.T.);
#4312=EDGE_CURVE('',#5418,#5079,#6615,.T.);
#4313=EDGE_CURVE('',#5419,#5078,#6616,.T.);
#4314=EDGE_CURVE('',#5491,#5456,#222,.T.);
#4315=EDGE_CURVE('',#5065,#5017,#133,.T.);
#4316=EDGE_CURVE('',#5479,#5512,#6617,.T.);
#4317=EDGE_CURVE('',#5518,#5519,#6618,.T.);
#4318=EDGE_CURVE('',#5518,#5395,#6619,.T.);
#4319=EDGE_CURVE('',#5519,#5394,#6620,.T.);
#4320=EDGE_CURVE('',#5510,#5479,#6621,.T.);
#4321=EDGE_CURVE('',#5515,#5480,#6622,.T.);
#4322=EDGE_CURVE('',#5520,#5113,#6623,.T.);
#4323=EDGE_CURVE('',#5374,#5520,#6624,.T.);
#4324=EDGE_CURVE('',#5498,#5513,#6625,.T.);
#4325=EDGE_CURVE('',#5485,#5241,#6626,.T.);
#4326=EDGE_CURVE('',#5514,#5160,#6627,.T.);
#4327=EDGE_CURVE('',#5270,#5051,#6628,.T.);
#4328=EDGE_CURVE('',#5089,#5439,#6629,.T.);
#4329=EDGE_CURVE('',#5475,#5355,#6630,.T.);
#4330=EDGE_CURVE('',#5112,#5343,#6631,.T.);
#4331=EDGE_CURVE('',#5520,#5343,#6632,.T.);
#4332=EDGE_CURVE('',#5165,#5505,#6633,.T.);
#4333=EDGE_CURVE('',#5521,#5494,#6634,.T.);
#4334=EDGE_CURVE('',#5147,#5521,#6635,.T.);
#4335=EDGE_CURVE('',#5451,#5487,#6636,.T.);
#4336=EDGE_CURVE('',#5449,#5103,#6637,.T.);
#4337=EDGE_CURVE('',#5354,#5014,#6638,.T.);
#4338=EDGE_CURVE('',#5429,#5402,#6639,.T.);
#4339=EDGE_CURVE('',#5353,#5467,#134,.T.);
#4340=EDGE_CURVE('',#5499,#5243,#6640,.T.);
#4341=EDGE_CURVE('',#5376,#5521,#6641,.T.);
#4342=EDGE_CURVE('',#5375,#5047,#223,.T.);
#4343=EDGE_CURVE('',#5344,#5518,#135,.T.);
#4344=EDGE_CURVE('',#5345,#5519,#136,.T.);
#4345=EDGE_CURVE('',#5336,#5486,#137,.T.);
#4346=EDGE_CURVE('',#5522,#5523,#6642,.T.);
#4347=EDGE_CURVE('',#5523,#5524,#224,.T.);
#4348=EDGE_CURVE('',#5525,#5524,#6643,.T.);
#4349=EDGE_CURVE('',#5525,#5526,#225,.T.);
#4350=EDGE_CURVE('',#5527,#5526,#6644,.T.);
#4351=EDGE_CURVE('',#5522,#5527,#6645,.T.);
#4352=EDGE_CURVE('',#5528,#5529,#6646,.T.);
#4353=EDGE_CURVE('',#5530,#5529,#226,.T.);
#4354=EDGE_CURVE('',#5530,#5531,#138,.T.);
#4355=EDGE_CURVE('',#5531,#5532,#6647,.T.);
#4356=EDGE_CURVE('',#5533,#5532,#139,.T.);
#4357=EDGE_CURVE('',#5533,#5528,#227,.T.);
#4358=EDGE_CURVE('',#5534,#5535,#6648,.T.);
#4359=EDGE_CURVE('',#5536,#5534,#228,.T.);
#4360=EDGE_CURVE('',#5536,#5537,#6649,.T.);
#4361=EDGE_CURVE('',#5537,#5535,#229,.T.);
#4362=EDGE_CURVE('',#5538,#5539,#33,.T.);
#4363=EDGE_CURVE('',#5538,#5540,#6650,.T.);
#4364=EDGE_CURVE('',#5541,#5540,#230,.T.);
#4365=EDGE_CURVE('',#5539,#5541,#6651,.T.);
#4366=EDGE_CURVE('',#5542,#5543,#231,.T.);
#4367=EDGE_CURVE('',#5543,#5544,#6652,.T.);
#4368=EDGE_CURVE('',#5545,#5544,#232,.T.);
#4369=EDGE_CURVE('',#5542,#5545,#6653,.T.);
#4370=EDGE_CURVE('',#5546,#5547,#6654,.T.);
#4371=EDGE_CURVE('',#5548,#5547,#233,.T.);
#4372=EDGE_CURVE('',#5549,#5548,#6655,.T.);
#4373=EDGE_CURVE('',#5549,#5546,#234,.T.);
#4374=EDGE_CURVE('',#5550,#5551,#6656,.T.);
#4375=EDGE_CURVE('',#5551,#5552,#235,.T.);
#4376=EDGE_CURVE('',#5552,#5553,#6657,.T.);
#4377=EDGE_CURVE('',#5550,#5553,#236,.T.);
#4378=EDGE_CURVE('',#5554,#5555,#6658,.T.);
#4379=EDGE_CURVE('',#5555,#5556,#6659,.T.);
#4380=EDGE_CURVE('',#5556,#5557,#6660,.T.);
#4381=EDGE_CURVE('',#5557,#5558,#6661,.T.);
#4382=EDGE_CURVE('',#5558,#5559,#6662,.T.);
#4383=EDGE_CURVE('',#5559,#5560,#6663,.T.);
#4384=EDGE_CURVE('',#5560,#5561,#237,.T.);
#4385=EDGE_CURVE('',#5561,#5562,#6664,.T.);
#4386=EDGE_CURVE('',#5563,#5562,#238,.T.);
#4387=EDGE_CURVE('',#5563,#5564,#6665,.T.);
#4388=EDGE_CURVE('',#5565,#5564,#239,.T.);
#4389=EDGE_CURVE('',#5565,#5566,#6666,.T.);
#4390=EDGE_CURVE('',#5566,#5567,#240,.T.);
#4391=EDGE_CURVE('',#5567,#5568,#6667,.T.);
#4392=EDGE_CURVE('',#5568,#5569,#6668,.T.);
#4393=EDGE_CURVE('',#5569,#5554,#6669,.T.);
#4394=EDGE_CURVE('',#5570,#5571,#6670,.T.);
#4395=EDGE_CURVE('',#5572,#5570,#6671,.T.);
#4396=EDGE_CURVE('',#5573,#5572,#6672,.T.);
#4397=EDGE_CURVE('',#5571,#5573,#6673,.T.);
#4398=EDGE_CURVE('',#5574,#5575,#6674,.T.);
#4399=EDGE_CURVE('',#5569,#5574,#241,.T.);
#4400=EDGE_CURVE('',#5568,#5575,#242,.T.);
#4401=EDGE_CURVE('',#5576,#5577,#243,.T.);
#4402=EDGE_CURVE('',#5577,#5578,#6675,.T.);
#4403=EDGE_CURVE('',#5579,#5578,#244,.T.);
#4404=EDGE_CURVE('',#5579,#5576,#6676,.T.);
#4405=EDGE_CURVE('',#5580,#5581,#6677,.T.);
#4406=EDGE_CURVE('',#5580,#5582,#245,.T.);
#4407=EDGE_CURVE('',#5582,#5583,#6678,.T.);
#4408=EDGE_CURVE('',#5581,#5583,#246,.T.);
#4409=EDGE_CURVE('',#5524,#5584,#6679,.T.);
#4410=EDGE_CURVE('',#5523,#5585,#6680,.T.);
#4411=EDGE_CURVE('',#5585,#5584,#247,.T.);
#4412=EDGE_CURVE('',#5586,#5587,#6681,.T.);
#4413=EDGE_CURVE('',#5586,#5588,#248,.T.);
#4414=EDGE_CURVE('',#5588,#5589,#6682,.T.);
#4415=EDGE_CURVE('',#5589,#5590,#249,.T.);
#4416=EDGE_CURVE('',#5587,#5590,#140,.T.);
#4417=EDGE_CURVE('',#5591,#5589,#6683,.T.);
#4418=EDGE_CURVE('',#5588,#5592,#6684,.T.);
#4419=EDGE_CURVE('',#5592,#5591,#6685,.T.);
#4420=EDGE_CURVE('',#5593,#5594,#34,.T.);
#4421=EDGE_CURVE('',#5593,#5595,#6686,.T.);
#4422=EDGE_CURVE('',#5596,#5595,#250,.T.);
#4423=EDGE_CURVE('',#5594,#5596,#6687,.T.);
#4424=EDGE_CURVE('',#5597,#5598,#6688,.T.);
#4425=EDGE_CURVE('',#5599,#5598,#251,.T.);
#4426=EDGE_CURVE('',#5600,#5599,#6689,.T.);
#4427=EDGE_CURVE('',#5600,#5597,#252,.T.);
#4428=EDGE_CURVE('',#5601,#5602,#6690,.T.);
#4429=EDGE_CURVE('',#5603,#5601,#253,.T.);
#4430=EDGE_CURVE('',#5604,#5603,#6691,.T.);
#4431=EDGE_CURVE('',#5605,#5604,#6692,.T.);
#4432=EDGE_CURVE('',#5606,#5605,#6693,.T.);
#4433=EDGE_CURVE('',#5606,#5607,#6694,.T.);
#4434=EDGE_CURVE('',#5607,#5602,#6695,.T.);
#4435=EDGE_CURVE('',#5608,#5609,#6696,.T.);
#4436=EDGE_CURVE('',#5609,#5610,#254,.T.);
#4437=EDGE_CURVE('',#5610,#5611,#6697,.T.);
#4438=EDGE_CURVE('',#5608,#5611,#255,.T.);
#4439=EDGE_CURVE('',#5612,#5613,#6698,.T.);
#4440=EDGE_CURVE('',#5614,#5613,#6699,.T.);
#4441=EDGE_CURVE('',#5614,#5615,#6700,.T.);
#4442=EDGE_CURVE('',#5612,#5615,#6701,.T.);
#4443=EDGE_CURVE('',#5616,#5617,#6702,.T.);
#4444=EDGE_CURVE('',#5617,#5618,#256,.T.);
#4445=EDGE_CURVE('',#5618,#5619,#6703,.T.);
#4446=EDGE_CURVE('',#5616,#5619,#257,.T.);
#4447=EDGE_CURVE('',#5581,#5618,#6704,.T.);
#4448=EDGE_CURVE('',#5620,#5583,#6705,.T.);
#4449=EDGE_CURVE('',#5620,#5621,#258,.T.);
#4450=EDGE_CURVE('',#5619,#5621,#6706,.T.);
#4451=EDGE_CURVE('',#5622,#5623,#6707,.T.);
#4452=EDGE_CURVE('',#5623,#5624,#259,.T.);
#4453=EDGE_CURVE('',#5624,#5625,#6708,.T.);
#4454=EDGE_CURVE('',#5622,#5625,#260,.T.);
#4455=EDGE_CURVE('',#5626,#5627,#261,.T.);
#4456=EDGE_CURVE('',#5628,#5627,#6709,.T.);
#4457=EDGE_CURVE('',#5629,#5628,#262,.T.);
#4458=EDGE_CURVE('',#5626,#5629,#6710,.T.);
#4459=EDGE_CURVE('',#5630,#5631,#6711,.T.);
#4460=EDGE_CURVE('',#5632,#5630,#263,.T.);
#4461=EDGE_CURVE('',#5633,#5632,#6712,.T.);
#4462=EDGE_CURVE('',#5633,#5631,#264,.T.);
#4463=EDGE_CURVE('',#5634,#5635,#6713,.T.);
#4464=EDGE_CURVE('',#5636,#5635,#6714,.T.);
#4465=EDGE_CURVE('',#5636,#5637,#6715,.T.);
#4466=EDGE_CURVE('',#5637,#5638,#265,.T.);
#4467=EDGE_CURVE('',#5634,#5638,#6716,.T.);
#4468=EDGE_CURVE('',#5639,#5640,#6717,.T.);
#4469=EDGE_CURVE('',#5639,#5522,#266,.T.);
#4470=EDGE_CURVE('',#5640,#5527,#267,.T.);
#4471=EDGE_CURVE('',#5532,#5641,#268,.T.);
#4472=EDGE_CURVE('',#5642,#5641,#6718,.T.);
#4473=EDGE_CURVE('',#5642,#5643,#269,.T.);
#4474=EDGE_CURVE('',#5533,#5643,#6719,.T.);
#4475=EDGE_CURVE('',#5644,#5645,#6720,.T.);
#4476=EDGE_CURVE('',#5644,#5646,#6721,.T.);
#4477=EDGE_CURVE('',#5646,#5647,#6722,.T.);
#4478=EDGE_CURVE('',#5645,#5647,#6723,.T.);
#4479=EDGE_CURVE('',#5648,#5649,#6724,.T.);
#4480=EDGE_CURVE('',#5649,#5650,#270,.T.);
#4481=EDGE_CURVE('',#5650,#5651,#6725,.T.);
#4482=EDGE_CURVE('',#5648,#5651,#271,.T.);
#4483=EDGE_CURVE('',#5652,#5570,#272,.T.);
#4484=EDGE_CURVE('',#5653,#5652,#6726,.T.);
#4485=EDGE_CURVE('',#5653,#5572,#273,.T.);
#4486=EDGE_CURVE('',#5654,#5655,#6727,.T.);
#4487=EDGE_CURVE('',#5656,#5654,#6728,.T.);
#4488=EDGE_CURVE('',#5657,#5656,#6729,.T.);
#4489=EDGE_CURVE('',#5658,#5657,#274,.T.);
#4490=EDGE_CURVE('',#5659,#5658,#6730,.T.);
#4491=EDGE_CURVE('',#5655,#5659,#275,.T.);
#4492=EDGE_CURVE('',#5660,#5661,#6731,.T.);
#4493=EDGE_CURVE('',#5662,#5660,#6732,.T.);
#4494=EDGE_CURVE('',#5663,#5662,#6733,.T.);
#4495=EDGE_CURVE('',#5664,#5663,#6734,.T.);
#4496=EDGE_CURVE('',#5661,#5664,#6735,.T.);
#4497=EDGE_CURVE('',#5665,#5562,#6736,.T.);
#4498=EDGE_CURVE('',#5666,#5665,#276,.T.);
#4499=EDGE_CURVE('',#5563,#5666,#6737,.T.);
#4500=EDGE_CURVE('',#5667,#5556,#277,.T.);
#4501=EDGE_CURVE('',#5668,#5667,#6738,.T.);
#4502=EDGE_CURVE('',#5668,#5557,#278,.T.);
#4503=EDGE_CURVE('',#5669,#5574,#6739,.T.);
#4504=EDGE_CURVE('',#5575,#5670,#6740,.T.);
#4505=EDGE_CURVE('',#5670,#5669,#6741,.T.);
#4506=EDGE_CURVE('',#5671,#5672,#6742,.T.);
#4507=EDGE_CURVE('',#5671,#5673,#6743,.T.);
#4508=EDGE_CURVE('',#5673,#5674,#6744,.T.);
#4509=EDGE_CURVE('',#5675,#5674,#279,.T.);
#4510=EDGE_CURVE('',#5675,#5676,#6745,.T.);
#4511=EDGE_CURVE('',#5676,#5677,#280,.T.);
#4512=EDGE_CURVE('',#5677,#5586,#6746,.T.);
#4513=EDGE_CURVE('',#5587,#5678,#281,.T.);
#4514=EDGE_CURVE('',#5678,#5679,#282,.T.);
#4515=EDGE_CURVE('',#5679,#5680,#6747,.T.);
#4516=EDGE_CURVE('',#5681,#5680,#283,.T.);
#4517=EDGE_CURVE('',#5681,#5682,#6748,.T.);
#4518=EDGE_CURVE('',#5683,#5682,#284,.T.);
#4519=EDGE_CURVE('',#5683,#5684,#6749,.T.);
#4520=EDGE_CURVE('',#5684,#5579,#6750,.T.);
#4521=EDGE_CURVE('',#5578,#5543,#6751,.T.);
#4522=EDGE_CURVE('',#5542,#5685,#6752,.T.);
#4523=EDGE_CURVE('',#5686,#5685,#285,.T.);
#4524=EDGE_CURVE('',#5686,#5608,#6753,.T.);
#4525=EDGE_CURVE('',#5611,#5672,#6754,.T.);
#4526=EDGE_CURVE('',#5687,#5688,#286,.T.);
#4527=EDGE_CURVE('',#5687,#5689,#6755,.T.);
#4528=EDGE_CURVE('',#5689,#5620,#6756,.T.);
#4529=EDGE_CURVE('',#5658,#5620,#6757,.T.);
#4530=EDGE_CURVE('',#5658,#5690,#6758,.T.);
#4531=EDGE_CURVE('',#5691,#5690,#6759,.T.);
#4532=EDGE_CURVE('',#5692,#5691,#287,.T.);
#4533=EDGE_CURVE('',#5692,#5688,#6760,.T.);
#4534=EDGE_CURVE('',#5660,#5693,#288,.T.);
#4535=EDGE_CURVE('',#5694,#5661,#289,.T.);
#4536=EDGE_CURVE('',#5693,#5694,#6761,.T.);
#4537=EDGE_CURVE('',#5695,#5696,#290,.T.);
#4538=EDGE_CURVE('',#5696,#5697,#6762,.T.);
#4539=EDGE_CURVE('',#5698,#5697,#291,.T.);
#4540=EDGE_CURVE('',#5695,#5698,#6763,.T.);
#4541=EDGE_CURVE('',#5613,#5550,#292,.T.);
#4542=EDGE_CURVE('',#5612,#5551,#293,.T.);
#4543=EDGE_CURVE('',#5699,#5694,#6764,.T.);
#4544=EDGE_CURVE('',#5700,#5699,#6765,.T.);
#4545=EDGE_CURVE('',#5693,#5700,#6766,.T.);
#4546=EDGE_CURVE('',#5701,#5676,#6767,.T.);
#4547=EDGE_CURVE('',#5701,#5702,#294,.T.);
#4548=EDGE_CURVE('',#5702,#5677,#6768,.T.);
#4549=EDGE_CURVE('',#5565,#5703,#6769,.T.);
#4550=EDGE_CURVE('',#5704,#5703,#6770,.T.);
#4551=EDGE_CURVE('',#5566,#5704,#6771,.T.);
#4552=EDGE_CURVE('',#5560,#5705,#6772,.T.);
#4553=EDGE_CURVE('',#5705,#5706,#295,.T.);
#4554=EDGE_CURVE('',#5706,#5561,#6773,.T.);
#4555=EDGE_CURVE('',#5707,#5683,#6774,.T.);
#4556=EDGE_CURVE('',#5682,#5708,#6775,.T.);
#4557=EDGE_CURVE('',#5707,#5708,#296,.T.);
#4558=EDGE_CURVE('',#5625,#5709,#6776,.T.);
#4559=EDGE_CURVE('',#5710,#5624,#6777,.T.);
#4560=EDGE_CURVE('',#5710,#5711,#297,.T.);
#4561=EDGE_CURVE('',#5712,#5711,#6778,.T.);
#4562=EDGE_CURVE('',#5712,#5709,#298,.T.);
#4563=EDGE_CURVE('',#5713,#5714,#299,.T.);
#4564=EDGE_CURVE('',#5715,#5713,#6779,.T.);
#4565=EDGE_CURVE('',#5715,#5716,#300,.T.);
#4566=EDGE_CURVE('',#5716,#5714,#6780,.T.);
#4567=EDGE_CURVE('',#5717,#5718,#6781,.T.);
#4568=EDGE_CURVE('',#5719,#5717,#301,.T.);
#4569=EDGE_CURVE('',#5720,#5719,#6782,.T.);
#4570=EDGE_CURVE('',#5720,#5718,#302,.T.);
#4571=EDGE_CURVE('',#5721,#5722,#6783,.T.);
#4572=EDGE_CURVE('',#5723,#5721,#303,.T.);
#4573=EDGE_CURVE('',#5723,#5724,#6784,.T.);
#4574=EDGE_CURVE('',#5724,#5722,#304,.T.);
#4575=EDGE_CURVE('',#5725,#5564,#6785,.T.);
#4576=EDGE_CURVE('',#5725,#5666,#6786,.T.);
#4577=EDGE_CURVE('',#5726,#5727,#6787,.T.);
#4578=EDGE_CURVE('',#5728,#5726,#6788,.T.);
#4579=EDGE_CURVE('',#5729,#5728,#6789,.T.);
#4580=EDGE_CURVE('',#5727,#5729,#6790,.T.);
#4581=EDGE_CURVE('',#5730,#5691,#6791,.T.);
#4582=EDGE_CURVE('',#5690,#5731,#305,.T.);
#4583=EDGE_CURVE('',#5732,#5731,#6792,.T.);
#4584=EDGE_CURVE('',#5732,#5733,#6793,.T.);
#4585=EDGE_CURVE('',#5734,#5733,#6794,.T.);
#4586=EDGE_CURVE('',#5734,#5735,#306,.T.);
#4587=EDGE_CURVE('',#5735,#5730,#6795,.T.);
#4588=EDGE_CURVE('',#5711,#5736,#6796,.T.);
#4589=EDGE_CURVE('',#5737,#5710,#6797,.T.);
#4590=EDGE_CURVE('',#5737,#5736,#307,.T.);
#4591=EDGE_CURVE('',#5659,#5735,#6798,.T.);
#4592=EDGE_CURVE('',#5583,#5659,#6799,.T.);
#4593=EDGE_CURVE('',#5738,#5582,#6800,.T.);
#4594=EDGE_CURVE('',#5738,#5739,#6801,.T.);
#4595=EDGE_CURVE('',#5740,#5739,#6802,.T.);
#4596=EDGE_CURVE('',#5740,#5741,#308,.T.);
#4597=EDGE_CURVE('',#5742,#5741,#6803,.T.);
#4598=EDGE_CURVE('',#5742,#5730,#309,.T.);
#4599=EDGE_CURVE('',#5743,#5639,#6804,.T.);
#4600=EDGE_CURVE('',#5743,#5744,#310,.T.);
#4601=EDGE_CURVE('',#5745,#5744,#6805,.T.);
#4602=EDGE_CURVE('',#5746,#5745,#6806,.T.);
#4603=EDGE_CURVE('',#5667,#5746,#6807,.T.);
#4604=EDGE_CURVE('',#5555,#5639,#6808,.T.);
#4605=EDGE_CURVE('',#5576,#5747,#6809,.T.);
#4606=EDGE_CURVE('',#5747,#5707,#6810,.T.);
#4607=EDGE_CURVE('',#5708,#5748,#6811,.T.);
#4608=EDGE_CURVE('',#5748,#5749,#311,.T.);
#4609=EDGE_CURVE('',#5749,#5750,#6812,.T.);
#4610=EDGE_CURVE('',#5751,#5750,#312,.T.);
#4611=EDGE_CURVE('',#5752,#5751,#313,.T.);
#4612=EDGE_CURVE('',#5752,#5753,#6813,.T.);
#4613=EDGE_CURVE('',#5753,#5702,#6814,.T.);
#4614=EDGE_CURVE('',#5701,#5754,#6815,.T.);
#4615=EDGE_CURVE('',#5754,#5755,#314,.T.);
#4616=EDGE_CURVE('',#5755,#5756,#6816,.T.);
#4617=EDGE_CURVE('',#5756,#5757,#6817,.T.);
#4618=EDGE_CURVE('',#5758,#5757,#6818,.T.);
#4619=EDGE_CURVE('',#5758,#5610,#6819,.T.);
#4620=EDGE_CURVE('',#5609,#5759,#6820,.T.);
#4621=EDGE_CURVE('',#5759,#5760,#315,.T.);
#4622=EDGE_CURVE('',#5760,#5545,#6821,.T.);
#4623=EDGE_CURVE('',#5544,#5577,#6822,.T.);
#4624=EDGE_CURVE('',#5761,#5736,#6823,.T.);
#4625=EDGE_CURVE('',#5761,#5712,#6824,.T.);
#4626=EDGE_CURVE('',#5762,#5763,#316,.T.);
#4627=EDGE_CURVE('',#5744,#5763,#6825,.T.);
#4628=EDGE_CURVE('',#5743,#5762,#6826,.T.);
#4629=EDGE_CURVE('',#5764,#5614,#317,.T.);
#4630=EDGE_CURVE('',#5765,#5764,#6827,.T.);
#4631=EDGE_CURVE('',#5765,#5615,#318,.T.);
#4632=EDGE_CURVE('',#5680,#5749,#6828,.T.);
#4633=EDGE_CURVE('',#5681,#5748,#6829,.T.);
#4634=EDGE_CURVE('',#5766,#5767,#6830,.T.);
#4635=EDGE_CURVE('',#5768,#5766,#319,.T.);
#4636=EDGE_CURVE('',#5769,#5768,#6831,.T.);
#4637=EDGE_CURVE('',#5769,#5767,#320,.T.);
#4638=EDGE_CURVE('',#5770,#5554,#321,.T.);
#4639=EDGE_CURVE('',#5771,#5770,#6832,.T.);
#4640=EDGE_CURVE('',#5771,#5555,#322,.T.);
#4641=EDGE_CURVE('',#5772,#5541,#6833,.T.);
#4642=EDGE_CURVE('',#5541,#5773,#6834,.T.);
#4643=EDGE_CURVE('',#5773,#5774,#6835,.T.);
#4644=EDGE_CURVE('',#5772,#5774,#6836,.T.);
#4645=EDGE_CURVE('',#5775,#5776,#6837,.T.);
#4646=EDGE_CURVE('',#5777,#5775,#6838,.T.);
#4647=EDGE_CURVE('',#5778,#5777,#6839,.T.);
#4648=EDGE_CURVE('',#5776,#5778,#6840,.T.);
#4649=EDGE_CURVE('',#5779,#5780,#6841,.T.);
#4650=EDGE_CURVE('',#5781,#5779,#6842,.T.);
#4651=EDGE_CURVE('',#5782,#5781,#6843,.T.);
#4652=EDGE_CURVE('',#5780,#5782,#6844,.T.);
#4653=EDGE_CURVE('',#5547,#5634,#323,.T.);
#4654=EDGE_CURVE('',#5546,#5635,#324,.T.);
#4655=EDGE_CURVE('',#5783,#5784,#6845,.T.);
#4656=EDGE_CURVE('',#5785,#5784,#325,.T.);
#4657=EDGE_CURVE('',#5786,#5785,#6846,.T.);
#4658=EDGE_CURVE('',#5786,#5783,#326,.T.);
#4659=EDGE_CURVE('',#5787,#5788,#6847,.T.);
#4660=EDGE_CURVE('',#5789,#5788,#327,.T.);
#4661=EDGE_CURVE('',#5790,#5789,#6848,.T.);
#4662=EDGE_CURVE('',#5790,#5787,#328,.T.);
#4663=EDGE_CURVE('',#5718,#5791,#329,.T.);
#4664=EDGE_CURVE('',#5791,#5792,#6849,.T.);
#4665=EDGE_CURVE('',#5717,#5792,#330,.T.);
#4666=EDGE_CURVE('',#5793,#5567,#6850,.T.);
#4667=EDGE_CURVE('',#5794,#5793,#6851,.T.);
#4668=EDGE_CURVE('',#5592,#5794,#331,.T.);
#4669=EDGE_CURVE('',#5670,#5753,#332,.T.);
#4670=EDGE_CURVE('',#5795,#5796,#6852,.T.);
#4671=EDGE_CURVE('',#5796,#5797,#333,.T.);
#4672=EDGE_CURVE('',#5797,#5798,#6853,.T.);
#4673=EDGE_CURVE('',#5795,#5798,#334,.T.);
#4674=EDGE_CURVE('',#5788,#5799,#6854,.T.);
#4675=EDGE_CURVE('',#5800,#5787,#6855,.T.);
#4676=EDGE_CURVE('',#5800,#5799,#6856,.T.);
#4677=EDGE_CURVE('',#5769,#5737,#6857,.T.);
#4678=EDGE_CURVE('',#5801,#5768,#6858,.T.);
#4679=EDGE_CURVE('',#5761,#5801,#335,.T.);
#4680=EDGE_CURVE('',#5641,#5802,#6859,.T.);
#4681=EDGE_CURVE('',#5802,#5803,#6860,.T.);
#4682=EDGE_CURVE('',#5642,#5803,#6861,.T.);
#4683=EDGE_CURVE('',#5804,#5805,#6862,.T.);
#4684=EDGE_CURVE('',#5806,#5804,#336,.T.);
#4685=EDGE_CURVE('',#5807,#5806,#6863,.T.);
#4686=EDGE_CURVE('',#5807,#5805,#337,.T.);
#4687=EDGE_CURVE('',#5808,#5809,#6864,.T.);
#4688=EDGE_CURVE('',#5810,#5809,#338,.T.);
#4689=EDGE_CURVE('',#5811,#5810,#6865,.T.);
#4690=EDGE_CURVE('',#5811,#5808,#339,.T.);
#4691=EDGE_CURVE('',#5703,#5725,#340,.T.);
#4692=EDGE_CURVE('',#5812,#5813,#6866,.T.);
#4693=EDGE_CURVE('',#5598,#5812,#6867,.T.);
#4694=EDGE_CURVE('',#5813,#5597,#6868,.T.);
#4695=EDGE_CURVE('',#5814,#5815,#35,.T.);
#4696=EDGE_CURVE('',#5814,#5763,#6869,.T.);
#4697=EDGE_CURVE('',#5815,#5762,#6870,.T.);
#4698=EDGE_CURVE('',#5816,#5817,#6871,.T.);
#4699=EDGE_CURVE('',#5817,#5818,#341,.T.);
#4700=EDGE_CURVE('',#5818,#5819,#6872,.T.);
#4701=EDGE_CURVE('',#5816,#5819,#342,.T.);
#4702=EDGE_CURVE('',#5820,#5821,#6873,.T.);
#4703=EDGE_CURVE('',#5820,#5822,#6874,.T.);
#4704=EDGE_CURVE('',#5823,#5822,#6875,.T.);
#4705=EDGE_CURVE('',#5821,#5823,#6876,.T.);
#4706=EDGE_CURVE('',#5824,#5599,#6877,.T.);
#4707=EDGE_CURVE('',#5825,#5824,#6878,.T.);
#4708=EDGE_CURVE('',#5600,#5825,#6879,.T.);
#4709=EDGE_CURVE('',#5826,#5827,#343,.T.);
#4710=EDGE_CURVE('',#5828,#5826,#6880,.T.);
#4711=EDGE_CURVE('',#5828,#5829,#344,.T.);
#4712=EDGE_CURVE('',#5829,#5827,#6881,.T.);
#4713=EDGE_CURVE('',#5784,#5830,#6882,.T.);
#4714=EDGE_CURVE('',#5831,#5783,#6883,.T.);
#4715=EDGE_CURVE('',#5830,#5831,#6884,.T.);
#4716=EDGE_CURVE('',#5832,#5833,#6885,.T.);
#4717=EDGE_CURVE('',#5559,#5832,#345,.T.);
#4718=EDGE_CURVE('',#5558,#5833,#346,.T.);
#4719=EDGE_CURVE('',#5834,#5835,#6886,.T.);
#4720=EDGE_CURVE('',#5836,#5834,#347,.T.);
#4721=EDGE_CURVE('',#5837,#5836,#6887,.T.);
#4722=EDGE_CURVE('',#5837,#5835,#348,.T.);
#4723=EDGE_CURVE('',#5838,#5839,#6888,.T.);
#4724=EDGE_CURVE('',#5838,#5840,#6889,.T.);
#4725=EDGE_CURVE('',#5696,#5840,#6890,.T.);
#4726=EDGE_CURVE('',#5839,#5696,#6891,.T.);
#4727=EDGE_CURVE('',#5662,#5595,#6892,.T.);
#4728=EDGE_CURVE('',#5663,#5593,#6893,.T.);
#4729=EDGE_CURVE('',#5841,#5842,#6894,.T.);
#4730=EDGE_CURVE('',#5843,#5841,#349,.T.);
#4731=EDGE_CURVE('',#5844,#5843,#6895,.T.);
#4732=EDGE_CURVE('',#5842,#5844,#350,.T.);
#4733=EDGE_CURVE('',#5531,#5845,#351,.T.);
#4734=EDGE_CURVE('',#5846,#5530,#6896,.T.);
#4735=EDGE_CURVE('',#5847,#5846,#352,.T.);
#4736=EDGE_CURVE('',#5845,#5847,#6897,.T.);
#4737=EDGE_CURVE('',#5692,#5742,#6898,.T.);
#4738=EDGE_CURVE('',#5848,#5849,#6899,.T.);
#4739=EDGE_CURVE('',#5848,#5604,#6900,.T.);
#4740=EDGE_CURVE('',#5849,#5603,#6901,.T.);
#4741=EDGE_CURVE('',#5850,#5851,#6902,.T.);
#4742=EDGE_CURVE('',#5852,#5850,#6903,.T.);
#4743=EDGE_CURVE('',#5853,#5852,#6904,.T.);
#4744=EDGE_CURVE('',#5851,#5853,#6905,.T.);
#4745=EDGE_CURVE('',#5854,#5855,#353,.T.);
#4746=EDGE_CURVE('',#5855,#5856,#6906,.T.);
#4747=EDGE_CURVE('',#5856,#5857,#6907,.T.);
#4748=EDGE_CURVE('',#5857,#5601,#6908,.T.);
#4749=EDGE_CURVE('',#5602,#5858,#6909,.T.);
#4750=EDGE_CURVE('',#5858,#5859,#354,.T.);
#4751=EDGE_CURVE('',#5859,#5729,#355,.T.);
#4752=EDGE_CURVE('',#5728,#5785,#356,.T.);
#4753=EDGE_CURVE('',#5830,#5860,#357,.T.);
#4754=EDGE_CURVE('',#5860,#5816,#6910,.T.);
#4755=EDGE_CURVE('',#5819,#5719,#6911,.T.);
#4756=EDGE_CURVE('',#5792,#5861,#6912,.T.);
#4757=EDGE_CURVE('',#5861,#5854,#358,.T.);
#4758=EDGE_CURVE('',#5765,#5716,#6913,.T.);
#4759=EDGE_CURVE('',#5715,#5862,#6914,.T.);
#4760=EDGE_CURVE('',#5863,#5862,#359,.T.);
#4761=EDGE_CURVE('',#5864,#5863,#360,.T.);
#4762=EDGE_CURVE('',#5864,#5865,#6915,.T.);
#4763=EDGE_CURVE('',#5835,#5865,#361,.T.);
#4764=EDGE_CURVE('',#5837,#5866,#6916,.T.);
#4765=EDGE_CURVE('',#5866,#5828,#6917,.T.);
#4766=EDGE_CURVE('',#5826,#5636,#6918,.T.);
#4767=EDGE_CURVE('',#5549,#5552,#6919,.T.);
#4768=EDGE_CURVE('',#5731,#5657,#6920,.T.);
#4769=EDGE_CURVE('',#5656,#5867,#362,.T.);
#4770=EDGE_CURVE('',#5867,#5616,#6921,.T.);
#4771=EDGE_CURVE('',#5621,#5868,#6922,.T.);
#4772=EDGE_CURVE('',#5868,#5650,#6923,.T.);
#4773=EDGE_CURVE('',#5649,#5795,#6924,.T.);
#4774=EDGE_CURVE('',#5798,#5722,#6925,.T.);
#4775=EDGE_CURVE('',#5724,#5810,#6926,.T.);
#4776=EDGE_CURVE('',#5809,#5869,#6927,.T.);
#4777=EDGE_CURVE('',#5869,#5630,#6928,.T.);
#4778=EDGE_CURVE('',#5668,#5631,#6929,.T.);
#4779=EDGE_CURVE('',#5746,#5535,#6930,.T.);
#4780=EDGE_CURVE('',#5537,#5652,#6931,.T.);
#4781=EDGE_CURVE('',#5571,#5782,#363,.T.);
#4782=EDGE_CURVE('',#5781,#5732,#364,.T.);
#4783=EDGE_CURVE('',#5754,#5675,#6932,.T.);
#4784=EDGE_CURVE('',#5679,#5750,#6933,.T.);
#4785=EDGE_CURVE('',#5751,#5678,#6934,.T.);
#4786=EDGE_CURVE('',#5665,#5706,#6935,.T.);
#4787=EDGE_CURVE('',#5870,#5758,#6936,.T.);
#4788=EDGE_CURVE('',#5672,#5870,#6937,.T.);
#4789=EDGE_CURVE('',#5594,#5871,#6938,.T.);
#4790=EDGE_CURVE('',#5872,#5596,#6939,.T.);
#4791=EDGE_CURVE('',#5871,#5872,#6940,.T.);
#4792=EDGE_CURVE('',#5539,#5873,#6941,.T.);
#4793=EDGE_CURVE('',#5873,#5772,#6942,.T.);
#4794=EDGE_CURVE('',#5874,#5875,#365,.T.);
#4795=EDGE_CURVE('',#5875,#5876,#6943,.T.);
#4796=EDGE_CURVE('',#5877,#5876,#366,.T.);
#4797=EDGE_CURVE('',#5877,#5874,#6944,.T.);
#4798=EDGE_CURVE('',#5878,#5869,#6945,.T.);
#4799=EDGE_CURVE('',#5698,#5878,#6946,.T.);
#4800=EDGE_CURVE('',#5622,#5697,#6947,.T.);
#4801=EDGE_CURVE('',#5766,#5622,#6948,.T.);
#4802=EDGE_CURVE('',#5632,#5766,#6949,.T.);
#4803=EDGE_CURVE('',#5865,#5879,#6950,.T.);
#4804=EDGE_CURVE('',#5864,#5880,#6951,.T.);
#4805=EDGE_CURVE('',#5879,#5880,#6952,.T.);
#4806=EDGE_CURVE('',#5859,#5881,#6953,.T.);
#4807=EDGE_CURVE('',#5882,#5858,#6954,.T.);
#4808=EDGE_CURVE('',#5882,#5881,#367,.T.);
#4809=EDGE_CURVE('',#5534,#5745,#6955,.T.);
#4810=EDGE_CURVE('',#5883,#5870,#6956,.T.);
#4811=EDGE_CURVE('',#5884,#5757,#368,.T.);
#4812=EDGE_CURVE('',#5833,#5884,#6957,.T.);
#4813=EDGE_CURVE('',#5885,#5633,#6958,.T.);
#4814=EDGE_CURVE('',#5886,#5885,#369,.T.);
#4815=EDGE_CURVE('',#5842,#5886,#6959,.T.);
#4816=EDGE_CURVE('',#5664,#5844,#6960,.T.);
#4817=EDGE_CURVE('',#5871,#5838,#370,.T.);
#4818=EDGE_CURVE('',#5839,#5887,#371,.T.);
#4819=EDGE_CURVE('',#5887,#5814,#6961,.T.);
#4820=EDGE_CURVE('',#5815,#5538,#6962,.T.);
#4821=EDGE_CURVE('',#5873,#5883,#36,.T.);
#4822=EDGE_CURVE('',#5775,#5888,#372,.T.);
#4823=EDGE_CURVE('',#5888,#5889,#6963,.T.);
#4824=EDGE_CURVE('',#5777,#5889,#373,.T.);
#4825=EDGE_CURVE('',#5834,#5879,#374,.T.);
#4826=EDGE_CURVE('',#5685,#5760,#6964,.T.);
#4827=EDGE_CURVE('',#5686,#5759,#6965,.T.);
#4828=EDGE_CURVE('',#5890,#5862,#6966,.T.);
#4829=EDGE_CURVE('',#5890,#5713,#6967,.T.);
#4830=EDGE_CURVE('',#5811,#5723,#6968,.T.);
#4831=EDGE_CURVE('',#5891,#5791,#6969,.T.);
#4832=EDGE_CURVE('',#5861,#5891,#6970,.T.);
#4833=EDGE_CURVE('',#5704,#5793,#375,.T.);
#4834=EDGE_CURVE('',#5892,#5893,#6971,.T.);
#4835=EDGE_CURVE('',#5894,#5892,#6972,.T.);
#4836=EDGE_CURVE('',#5895,#5894,#6973,.T.);
#4837=EDGE_CURVE('',#5893,#5895,#6974,.T.);
#4838=EDGE_CURVE('',#5646,#5896,#6975,.T.);
#4839=EDGE_CURVE('',#5896,#5897,#6976,.T.);
#4840=EDGE_CURVE('',#5647,#5897,#6977,.T.);
#4841=EDGE_CURVE('',#5898,#5606,#6978,.T.);
#4842=EDGE_CURVE('',#5899,#5605,#6979,.T.);
#4843=EDGE_CURVE('',#5898,#5899,#6980,.T.);
#4844=EDGE_CURVE('',#5671,#5772,#376,.T.);
#4845=EDGE_CURVE('',#5673,#5774,#377,.T.);
#4846=EDGE_CURVE('',#5840,#5872,#378,.T.);
#4847=EDGE_CURVE('',#5900,#5872,#6981,.T.);
#4848=EDGE_CURVE('',#5901,#5900,#379,.T.);
#4849=EDGE_CURVE('',#5840,#5901,#6982,.T.);
#4850=EDGE_CURVE('',#5899,#5848,#6983,.T.);
#4851=EDGE_CURVE('',#5902,#5903,#380,.T.);
#4852=EDGE_CURVE('',#5902,#5584,#6984,.T.);
#4853=EDGE_CURVE('',#5585,#5771,#6985,.T.);
#4854=EDGE_CURVE('',#5770,#5903,#6986,.T.);
#4855=EDGE_CURVE('',#5896,#5827,#6987,.T.);
#4856=EDGE_CURVE('',#5904,#5644,#6988,.T.);
#4857=EDGE_CURVE('',#5636,#5904,#6989,.T.);
#4858=EDGE_CURVE('',#5741,#5688,#6990,.T.);
#4859=EDGE_CURVE('',#5905,#5885,#6991,.T.);
#4860=EDGE_CURVE('',#5906,#5905,#381,.T.);
#4861=EDGE_CURVE('',#5886,#5906,#6992,.T.);
#4862=EDGE_CURVE('',#5623,#5767,#6993,.T.);
#4863=EDGE_CURVE('',#5903,#5526,#6994,.T.);
#4864=EDGE_CURVE('',#5902,#5525,#6995,.T.);
#4865=EDGE_CURVE('',#5863,#5907,#6996,.T.);
#4866=EDGE_CURVE('',#5880,#5907,#382,.T.);
#4867=EDGE_CURVE('',#5779,#5733,#383,.T.);
#4868=EDGE_CURVE('',#5573,#5780,#384,.T.);
#4869=EDGE_CURVE('',#5553,#5548,#6997,.T.);
#4870=EDGE_CURVE('',#5878,#5808,#6998,.T.);
#4871=EDGE_CURVE('',#5799,#5892,#385,.T.);
#4872=EDGE_CURVE('',#5800,#5894,#386,.T.);
#4873=EDGE_CURVE('',#5674,#5755,#6999,.T.);
#4874=EDGE_CURVE('',#5901,#5908,#7000,.T.);
#4875=EDGE_CURVE('',#5908,#5895,#387,.T.);
#4876=EDGE_CURVE('',#5790,#5909,#7001,.T.);
#4877=EDGE_CURVE('',#5909,#5910,#388,.T.);
#4878=EDGE_CURVE('',#5910,#5911,#7002,.T.);
#4879=EDGE_CURVE('',#5911,#5912,#7003,.T.);
#4880=EDGE_CURVE('',#5912,#5623,#7004,.T.);
#4881=EDGE_CURVE('',#5856,#5626,#7005,.T.);
#4882=EDGE_CURVE('',#5913,#5855,#7006,.T.);
#4883=EDGE_CURVE('',#5627,#5913,#7007,.T.);
#4884=EDGE_CURVE('',#5726,#5786,#389,.T.);
#4885=EDGE_CURVE('',#5887,#5695,#7008,.T.);
#4886=EDGE_CURVE('',#5850,#5699,#390,.T.);
#4887=EDGE_CURVE('',#5851,#5700,#391,.T.);
#4888=EDGE_CURVE('',#5914,#5832,#7009,.T.);
#4889=EDGE_CURVE('',#5884,#5914,#7010,.T.);
#4890=EDGE_CURVE('',#5796,#5648,#7011,.T.);
#4891=EDGE_CURVE('',#5714,#5764,#7012,.T.);
#4892=EDGE_CURVE('',#5738,#5868,#392,.T.);
#4893=EDGE_CURVE('',#5651,#5580,#7013,.T.);
#4894=EDGE_CURVE('',#5684,#5747,#7014,.T.);
#4895=EDGE_CURVE('',#5776,#5820,#393,.T.);
#4896=EDGE_CURVE('',#5822,#5778,#394,.T.);
#4897=EDGE_CURVE('',#5529,#5823,#395,.T.);
#4898=EDGE_CURVE('',#5821,#5528,#396,.T.);
#4899=EDGE_CURVE('',#5883,#5671,#7015,.T.);
#4900=EDGE_CURVE('',#5617,#5915,#7016,.T.);
#4901=EDGE_CURVE('',#5915,#5867,#7017,.T.);
#4902=EDGE_CURVE('',#5654,#5915,#397,.T.);
#4903=EDGE_CURVE('',#5916,#5789,#7018,.T.);
#4904=EDGE_CURVE('',#5909,#5916,#7019,.T.);
#4905=EDGE_CURVE('',#5687,#5740,#7020,.T.);
#4906=EDGE_CURVE('',#5689,#5739,#398,.T.);
#4907=EDGE_CURVE('',#5773,#5917,#399,.T.);
#4908=EDGE_CURVE('',#5705,#5917,#7021,.T.);
#4909=EDGE_CURVE('',#5914,#5756,#400,.T.);
#4910=EDGE_CURVE('',#5918,#5919,#7022,.T.);
#4911=EDGE_CURVE('',#5919,#5643,#7023,.T.);
#4912=EDGE_CURVE('',#5911,#5803,#401,.T.);
#4913=EDGE_CURVE('',#5910,#5920,#7024,.T.);
#4914=EDGE_CURVE('',#5805,#5920,#7025,.T.);
#4915=EDGE_CURVE('',#5807,#5847,#7026,.T.);
#4916=EDGE_CURVE('',#5918,#5846,#7027,.T.);
#4917=EDGE_CURVE('',#5653,#5536,#7028,.T.);
#4918=EDGE_CURVE('',#5916,#5920,#402,.T.);
#4919=EDGE_CURVE('',#5921,#5637,#7029,.T.);
#4920=EDGE_CURVE('',#5922,#5904,#141,.F.);
#4921=EDGE_CURVE('',#5866,#5922,#7030,.T.);
#4922=EDGE_CURVE('',#5921,#5866,#7031,.T.);
#4923=EDGE_CURVE('',#5540,#5762,#7032,.T.);
#4924=EDGE_CURVE('',#5923,#5640,#7033,.T.);
#4925=EDGE_CURVE('',#5923,#5794,#7034,.T.);
#4926=EDGE_CURVE('',#5917,#5540,#7035,.T.);
#4927=EDGE_CURVE('',#5924,#5854,#7036,.T.);
#4928=EDGE_CURVE('',#5924,#5913,#403,.T.);
#4929=EDGE_CURVE('',#5925,#5918,#404,.T.);
#4930=EDGE_CURVE('',#5925,#5926,#7037,.T.);
#4931=EDGE_CURVE('',#5926,#5919,#405,.T.);
#4932=EDGE_CURVE('',#5907,#5890,#406,.T.);
#4933=EDGE_CURVE('',#5897,#5829,#7038,.T.);
#4934=EDGE_CURVE('',#5922,#5645,#7039,.T.);
#4935=EDGE_CURVE('',#5629,#5602,#7040,.T.);
#4936=EDGE_CURVE('',#5607,#5927,#142,.T.);
#4937=EDGE_CURVE('',#5856,#5927,#7041,.T.);
#4938=EDGE_CURVE('',#5906,#5841,#7042,.T.);
#4939=EDGE_CURVE('',#5806,#5845,#7043,.T.);
#4940=EDGE_CURVE('',#5767,#5804,#7044,.T.);
#4941=EDGE_CURVE('',#5912,#5802,#407,.T.);
#4942=EDGE_CURVE('',#5843,#5877,#7045,.T.);
#4943=EDGE_CURVE('',#5876,#5925,#7046,.T.);
#4944=EDGE_CURVE('',#5889,#5824,#7047,.T.);
#4945=EDGE_CURVE('',#5852,#5812,#408,.T.);
#4946=EDGE_CURVE('',#5640,#5554,#7048,.T.);
#4947=EDGE_CURVE('',#5669,#5928,#409,.T.);
#4948=EDGE_CURVE('',#5590,#5928,#7049,.T.);
#4949=EDGE_CURVE('',#5591,#5923,#410,.T.);
#4950=EDGE_CURVE('',#5721,#5797,#7050,.T.);
#4951=EDGE_CURVE('',#5849,#5857,#411,.T.);
#4952=EDGE_CURVE('',#5928,#5752,#143,.T.);
#4953=EDGE_CURVE('',#5929,#5860,#7051,.T.);
#4954=EDGE_CURVE('',#5817,#5929,#7052,.T.);
#4955=EDGE_CURVE('',#5709,#5801,#7053,.T.);
#4956=EDGE_CURVE('',#5930,#5596,#7054,.T.);
#4957=EDGE_CURVE('',#5930,#5900,#7055,.T.);
#4958=EDGE_CURVE('',#5926,#5875,#7056,.T.);
#4959=EDGE_CURVE('',#5931,#5908,#7057,.T.);
#4960=EDGE_CURVE('',#5931,#5893,#412,.T.);
#4961=EDGE_CURVE('',#5825,#5888,#7058,.T.);
#4962=EDGE_CURVE('',#5931,#5905,#7059,.T.);
#4963=EDGE_CURVE('',#5891,#5924,#413,.T.);
#4964=EDGE_CURVE('',#5881,#5727,#414,.T.);
#4965=EDGE_CURVE('',#5882,#5628,#7060,.T.);
#4966=EDGE_CURVE('',#5720,#5818,#7061,.T.);
#4967=EDGE_CURVE('',#5831,#5929,#415,.T.);
#4968=EDGE_CURVE('',#5638,#5932,#7062,.T.);
#4969=EDGE_CURVE('',#5932,#5836,#7063,.T.);
#4970=EDGE_CURVE('',#5695,#5763,#7064,.T.);
#4971=EDGE_CURVE('',#5655,#5734,#7065,.T.);
#4972=EDGE_CURVE('',#5921,#5932,#416,.T.);
#4973=EDGE_CURVE('',#5853,#5813,#417,.T.);
#4974=EDGE_CURVE('',#5933,#5874,#7066,.T.);
#4975=EDGE_CURVE('',#5933,#5595,#7067,.T.);
#4976=EDGE_CURVE('',#5930,#5933,#418,.T.);
#4977=EDGE_CURVE('',#5927,#5898,#7068,.T.);
#4978=VERTEX_POINT('',#15888);
#4979=VERTEX_POINT('',#15889);
#4980=VERTEX_POINT('',#15891);
#4981=VERTEX_POINT('',#15893);
#4982=VERTEX_POINT('',#15897);
#4983=VERTEX_POINT('',#15898);
#4984=VERTEX_POINT('',#15900);
#4985=VERTEX_POINT('',#15902);
#4986=VERTEX_POINT('',#15906);
#4987=VERTEX_POINT('',#15907);
#4988=VERTEX_POINT('',#15909);
#4989=VERTEX_POINT('',#15911);
#4990=VERTEX_POINT('',#15915);
#4991=VERTEX_POINT('',#15916);
#4992=VERTEX_POINT('',#15918);
#4993=VERTEX_POINT('',#15920);
#4994=VERTEX_POINT('',#15924);
#4995=VERTEX_POINT('',#15925);
#4996=VERTEX_POINT('',#15927);
#4997=VERTEX_POINT('',#15944);
#4998=VERTEX_POINT('',#15946);
#4999=VERTEX_POINT('',#15950);
#5000=VERTEX_POINT('',#15951);
#5001=VERTEX_POINT('',#15953);
#5002=VERTEX_POINT('',#15955);
#5003=VERTEX_POINT('',#15959);
#5004=VERTEX_POINT('',#15960);
#5005=VERTEX_POINT('',#15962);
#5006=VERTEX_POINT('',#15964);
#5007=VERTEX_POINT('',#15968);
#5008=VERTEX_POINT('',#15969);
#5009=VERTEX_POINT('',#15971);
#5010=VERTEX_POINT('',#15973);
#5011=VERTEX_POINT('',#15977);
#5012=VERTEX_POINT('',#15978);
#5013=VERTEX_POINT('',#15980);
#5014=VERTEX_POINT('',#15982);
#5015=VERTEX_POINT('',#15986);
#5016=VERTEX_POINT('',#15987);
#5017=VERTEX_POINT('',#15989);
#5018=VERTEX_POINT('',#15991);
#5019=VERTEX_POINT('',#15995);
#5020=VERTEX_POINT('',#15996);
#5021=VERTEX_POINT('',#15998);
#5022=VERTEX_POINT('',#16000);
#5023=VERTEX_POINT('',#16004);
#5024=VERTEX_POINT('',#16005);
#5025=VERTEX_POINT('',#16007);
#5026=VERTEX_POINT('',#16009);
#5027=VERTEX_POINT('',#16013);
#5028=VERTEX_POINT('',#16014);
#5029=VERTEX_POINT('',#16016);
#5030=VERTEX_POINT('',#16018);
#5031=VERTEX_POINT('',#16022);
#5032=VERTEX_POINT('',#16023);
#5033=VERTEX_POINT('',#16025);
#5034=VERTEX_POINT('',#16027);
#5035=VERTEX_POINT('',#16046);
#5036=VERTEX_POINT('',#16047);
#5037=VERTEX_POINT('',#16049);
#5038=VERTEX_POINT('',#16054);
#5039=VERTEX_POINT('',#16058);
#5040=VERTEX_POINT('',#16059);
#5041=VERTEX_POINT('',#16061);
#5042=VERTEX_POINT('',#16063);
#5043=VERTEX_POINT('',#16067);
#5044=VERTEX_POINT('',#16068);
#5045=VERTEX_POINT('',#16073);
#5046=VERTEX_POINT('',#16074);
#5047=VERTEX_POINT('',#16076);
#5048=VERTEX_POINT('',#16078);
#5049=VERTEX_POINT('',#16097);
#5050=VERTEX_POINT('',#16098);
#5051=VERTEX_POINT('',#16100);
#5052=VERTEX_POINT('',#16105);
#5053=VERTEX_POINT('',#16109);
#5054=VERTEX_POINT('',#16110);
#5055=VERTEX_POINT('',#16112);
#5056=VERTEX_POINT('',#16114);
#5057=VERTEX_POINT('',#16148);
#5058=VERTEX_POINT('',#16149);
#5059=VERTEX_POINT('',#16166);
#5060=VERTEX_POINT('',#16170);
#5061=VERTEX_POINT('',#16171);
#5062=VERTEX_POINT('',#16173);
#5063=VERTEX_POINT('',#16175);
#5064=VERTEX_POINT('',#16179);
#5065=VERTEX_POINT('',#16180);
#5066=VERTEX_POINT('',#16182);
#5067=VERTEX_POINT('',#16184);
#5068=VERTEX_POINT('',#16188);
#5069=VERTEX_POINT('',#16189);
#5070=VERTEX_POINT('',#16191);
#5071=VERTEX_POINT('',#16193);
#5072=VERTEX_POINT('',#16205);
#5073=VERTEX_POINT('',#16206);
#5074=VERTEX_POINT('',#16209);
#5075=VERTEX_POINT('',#16211);
#5076=VERTEX_POINT('',#16213);
#5077=VERTEX_POINT('',#16215);
#5078=VERTEX_POINT('',#16232);
#5079=VERTEX_POINT('',#16234);
#5080=VERTEX_POINT('',#16236);
#5081=VERTEX_POINT('',#16240);
#5082=VERTEX_POINT('',#16242);
#5083=VERTEX_POINT('',#16246);
#5084=VERTEX_POINT('',#16247);
#5085=VERTEX_POINT('',#16249);
#5086=VERTEX_POINT('',#16251);
#5087=VERTEX_POINT('',#16255);
#5088=VERTEX_POINT('',#16256);
#5089=VERTEX_POINT('',#16258);
#5090=VERTEX_POINT('',#16260);
#5091=VERTEX_POINT('',#16264);
#5092=VERTEX_POINT('',#16265);
#5093=VERTEX_POINT('',#16267);
#5094=VERTEX_POINT('',#16269);
#5095=VERTEX_POINT('',#16273);
#5096=VERTEX_POINT('',#16275);
#5097=VERTEX_POINT('',#16279);
#5098=VERTEX_POINT('',#16280);
#5099=VERTEX_POINT('',#16282);
#5100=VERTEX_POINT('',#16284);
#5101=VERTEX_POINT('',#16288);
#5102=VERTEX_POINT('',#16289);
#5103=VERTEX_POINT('',#16291);
#5104=VERTEX_POINT('',#16293);
#5105=VERTEX_POINT('',#16297);
#5106=VERTEX_POINT('',#16299);
#5107=VERTEX_POINT('',#16301);
#5108=VERTEX_POINT('',#16335);
#5109=VERTEX_POINT('',#16336);
#5110=VERTEX_POINT('',#16353);
#5111=VERTEX_POINT('',#16372);
#5112=VERTEX_POINT('',#16373);
#5113=VERTEX_POINT('',#16375);
#5114=VERTEX_POINT('',#16377);
#5115=VERTEX_POINT('',#16390);
#5116=VERTEX_POINT('',#16391);
#5117=VERTEX_POINT('',#16399);
#5118=VERTEX_POINT('',#16401);
#5119=VERTEX_POINT('',#16411);
#5120=VERTEX_POINT('',#16412);
#5121=VERTEX_POINT('',#16414);
#5122=VERTEX_POINT('',#16419);
#5123=VERTEX_POINT('',#16421);
#5124=VERTEX_POINT('',#16425);
#5125=VERTEX_POINT('',#16426);
#5126=VERTEX_POINT('',#16428);
#5127=VERTEX_POINT('',#16430);
#5128=VERTEX_POINT('',#16434);
#5129=VERTEX_POINT('',#16435);
#5130=VERTEX_POINT('',#16437);
#5131=VERTEX_POINT('',#16439);
#5132=VERTEX_POINT('',#16443);
#5133=VERTEX_POINT('',#16444);
#5134=VERTEX_POINT('',#16446);
#5135=VERTEX_POINT('',#16448);
#5136=VERTEX_POINT('',#16452);
#5137=VERTEX_POINT('',#16453);
#5138=VERTEX_POINT('',#16455);
#5139=VERTEX_POINT('',#16457);
#5140=VERTEX_POINT('',#16461);
#5141=VERTEX_POINT('',#16462);
#5142=VERTEX_POINT('',#16464);
#5143=VERTEX_POINT('',#16466);
#5144=VERTEX_POINT('',#16470);
#5145=VERTEX_POINT('',#16471);
#5146=VERTEX_POINT('',#16473);
#5147=VERTEX_POINT('',#16475);
#5148=VERTEX_POINT('',#16479);
#5149=VERTEX_POINT('',#16480);
#5150=VERTEX_POINT('',#16482);
#5151=VERTEX_POINT('',#16484);
#5152=VERTEX_POINT('',#16513);
#5153=VERTEX_POINT('',#16515);
#5154=VERTEX_POINT('',#16527);
#5155=VERTEX_POINT('',#16528);
#5156=VERTEX_POINT('',#16530);
#5157=VERTEX_POINT('',#16532);
#5158=VERTEX_POINT('',#16536);
#5159=VERTEX_POINT('',#16537);
#5160=VERTEX_POINT('',#16539);
#5161=VERTEX_POINT('',#16541);
#5162=VERTEX_POINT('',#16545);
#5163=VERTEX_POINT('',#16546);
#5164=VERTEX_POINT('',#16551);
#5165=VERTEX_POINT('',#16552);
#5166=VERTEX_POINT('',#16554);
#5167=VERTEX_POINT('',#16556);
#5168=VERTEX_POINT('',#16560);
#5169=VERTEX_POINT('',#16562);
#5170=VERTEX_POINT('',#16566);
#5171=VERTEX_POINT('',#16567);
#5172=VERTEX_POINT('',#16569);
#5173=VERTEX_POINT('',#16571);
#5174=VERTEX_POINT('',#16575);
#5175=VERTEX_POINT('',#16578);
#5176=VERTEX_POINT('',#16579);
#5177=VERTEX_POINT('',#16583);
#5178=VERTEX_POINT('',#16585);
#5179=VERTEX_POINT('',#16588);
#5180=VERTEX_POINT('',#16590);
#5181=VERTEX_POINT('',#16593);
#5182=VERTEX_POINT('',#16594);
#5183=VERTEX_POINT('',#16596);
#5184=VERTEX_POINT('',#16598);
#5185=VERTEX_POINT('',#16601);
#5186=VERTEX_POINT('',#16603);
#5187=VERTEX_POINT('',#16606);
#5188=VERTEX_POINT('',#16607);
#5189=VERTEX_POINT('',#16609);
#5190=VERTEX_POINT('',#16611);
#5191=VERTEX_POINT('',#16614);
#5192=VERTEX_POINT('',#16616);
#5193=VERTEX_POINT('',#16619);
#5194=VERTEX_POINT('',#16620);
#5195=VERTEX_POINT('',#16622);
#5196=VERTEX_POINT('',#16624);
#5197=VERTEX_POINT('',#16627);
#5198=VERTEX_POINT('',#16628);
#5199=VERTEX_POINT('',#16630);
#5200=VERTEX_POINT('',#16632);
#5201=VERTEX_POINT('',#16635);
#5202=VERTEX_POINT('',#16636);
#5203=VERTEX_POINT('',#16638);
#5204=VERTEX_POINT('',#16640);
#5205=VERTEX_POINT('',#16643);
#5206=VERTEX_POINT('',#16645);
#5207=VERTEX_POINT('',#16647);
#5208=VERTEX_POINT('',#16649);
#5209=VERTEX_POINT('',#16651);
#5210=VERTEX_POINT('',#16653);
#5211=VERTEX_POINT('',#16655);
#5212=VERTEX_POINT('',#16657);
#5213=VERTEX_POINT('',#16659);
#5214=VERTEX_POINT('',#16661);
#5215=VERTEX_POINT('',#16663);
#5216=VERTEX_POINT('',#16666);
#5217=VERTEX_POINT('',#16668);
#5218=VERTEX_POINT('',#16671);
#5219=VERTEX_POINT('',#16673);
#5220=VERTEX_POINT('',#16677);
#5221=VERTEX_POINT('',#16679);
#5222=VERTEX_POINT('',#16683);
#5223=VERTEX_POINT('',#16684);
#5224=VERTEX_POINT('',#16686);
#5225=VERTEX_POINT('',#16688);
#5226=VERTEX_POINT('',#16692);
#5227=VERTEX_POINT('',#16694);
#5228=VERTEX_POINT('',#16698);
#5229=VERTEX_POINT('',#16699);
#5230=VERTEX_POINT('',#16701);
#5231=VERTEX_POINT('',#16703);
#5232=VERTEX_POINT('',#16705);
#5233=VERTEX_POINT('',#16725);
#5234=VERTEX_POINT('',#16727);
#5235=VERTEX_POINT('',#16730);
#5236=VERTEX_POINT('',#16740);
#5237=VERTEX_POINT('',#16742);
#5238=VERTEX_POINT('',#16746);
#5239=VERTEX_POINT('',#16747);
#5240=VERTEX_POINT('',#16749);
#5241=VERTEX_POINT('',#16751);
#5242=VERTEX_POINT('',#16758);
#5243=VERTEX_POINT('',#16760);
#5244=VERTEX_POINT('',#16762);
#5245=VERTEX_POINT('',#16781);
#5246=VERTEX_POINT('',#16782);
#5247=VERTEX_POINT('',#16784);
#5248=VERTEX_POINT('',#16786);
#5249=VERTEX_POINT('',#16798);
#5250=VERTEX_POINT('',#16799);
#5251=VERTEX_POINT('',#16802);
#5252=VERTEX_POINT('',#16804);
#5253=VERTEX_POINT('',#16806);
#5254=VERTEX_POINT('',#16809);
#5255=VERTEX_POINT('',#16811);
#5256=VERTEX_POINT('',#16845);
#5257=VERTEX_POINT('',#16846);
#5258=VERTEX_POINT('',#16863);
#5259=VERTEX_POINT('',#16867);
#5260=VERTEX_POINT('',#16868);
#5261=VERTEX_POINT('',#16870);
#5262=VERTEX_POINT('',#16875);
#5263=VERTEX_POINT('',#16878);
#5264=VERTEX_POINT('',#16880);
#5265=VERTEX_POINT('',#16889);
#5266=VERTEX_POINT('',#16890);
#5267=VERTEX_POINT('',#16892);
#5268=VERTEX_POINT('',#16894);
#5269=VERTEX_POINT('',#16913);
#5270=VERTEX_POINT('',#16918);
#5271=VERTEX_POINT('',#16952);
#5272=VERTEX_POINT('',#16980);
#5273=VERTEX_POINT('',#16981);
#5274=VERTEX_POINT('',#16989);
#5275=VERTEX_POINT('',#16991);
#5276=VERTEX_POINT('',#17004);
#5277=VERTEX_POINT('',#17005);
#5278=VERTEX_POINT('',#17007);
#5279=VERTEX_POINT('',#17009);
#5280=VERTEX_POINT('',#17013);
#5281=VERTEX_POINT('',#17015);
#5282=VERTEX_POINT('',#17020);
#5283=VERTEX_POINT('',#17021);
#5284=VERTEX_POINT('',#17023);
#5285=VERTEX_POINT('',#17025);
#5286=VERTEX_POINT('',#17029);
#5287=VERTEX_POINT('',#17030);
#5288=VERTEX_POINT('',#17033);
#5289=VERTEX_POINT('',#17041);
#5290=VERTEX_POINT('',#17043);
#5291=VERTEX_POINT('',#17048);
#5292=VERTEX_POINT('',#17050);
#5293=VERTEX_POINT('',#17056);
#5294=VERTEX_POINT('',#17060);
#5295=VERTEX_POINT('',#17062);
#5296=VERTEX_POINT('',#17064);
#5297=VERTEX_POINT('',#17066);
#5298=VERTEX_POINT('',#17068);
#5299=VERTEX_POINT('',#17072);
#5300=VERTEX_POINT('',#17074);
#5301=VERTEX_POINT('',#17082);
#5302=VERTEX_POINT('',#17084);
#5303=VERTEX_POINT('',#17089);
#5304=VERTEX_POINT('',#17090);
#5305=VERTEX_POINT('',#17092);
#5306=VERTEX_POINT('',#17094);
#5307=VERTEX_POINT('',#17098);
#5308=VERTEX_POINT('',#17099);
#5309=VERTEX_POINT('',#17104);
#5310=VERTEX_POINT('',#17106);
#5311=VERTEX_POINT('',#17119);
#5312=VERTEX_POINT('',#17121);
#5313=VERTEX_POINT('',#17131);
#5314=VERTEX_POINT('',#17133);
#5315=VERTEX_POINT('',#17137);
#5316=VERTEX_POINT('',#17139);
#5317=VERTEX_POINT('',#17143);
#5318=VERTEX_POINT('',#17147);
#5319=VERTEX_POINT('',#17148);
#5320=VERTEX_POINT('',#17150);
#5321=VERTEX_POINT('',#17152);
#5322=VERTEX_POINT('',#17156);
#5323=VERTEX_POINT('',#17158);
#5324=VERTEX_POINT('',#17162);
#5325=VERTEX_POINT('',#17163);
#5326=VERTEX_POINT('',#17166);
#5327=VERTEX_POINT('',#17170);
#5328=VERTEX_POINT('',#17172);
#5329=VERTEX_POINT('',#17176);
#5330=VERTEX_POINT('',#17180);
#5331=VERTEX_POINT('',#17182);
#5332=VERTEX_POINT('',#17184);
#5333=VERTEX_POINT('',#17188);
#5334=VERTEX_POINT('',#17189);
#5335=VERTEX_POINT('',#17191);
#5336=VERTEX_POINT('',#17193);
#5337=VERTEX_POINT('',#17197);
#5338=VERTEX_POINT('',#17202);
#5339=VERTEX_POINT('',#17207);
#5340=VERTEX_POINT('',#17208);
#5341=VERTEX_POINT('',#17210);
#5342=VERTEX_POINT('',#17212);
#5343=VERTEX_POINT('',#17216);
#5344=VERTEX_POINT('',#17217);
#5345=VERTEX_POINT('',#17219);
#5346=VERTEX_POINT('',#17221);
#5347=VERTEX_POINT('',#17225);
#5348=VERTEX_POINT('',#17232);
#5349=VERTEX_POINT('',#17234);
#5350=VERTEX_POINT('',#17236);
#5351=VERTEX_POINT('',#17238);
#5352=VERTEX_POINT('',#17240);
#5353=VERTEX_POINT('',#17246);
#5354=VERTEX_POINT('',#17248);
#5355=VERTEX_POINT('',#17252);
#5356=VERTEX_POINT('',#17254);
#5357=VERTEX_POINT('',#17256);
#5358=VERTEX_POINT('',#17258);
#5359=VERTEX_POINT('',#17260);
#5360=VERTEX_POINT('',#17291);
#5361=VERTEX_POINT('',#17292);
#5362=VERTEX_POINT('',#17297);
#5363=VERTEX_POINT('',#17314);
#5364=VERTEX_POINT('',#17319);
#5365=VERTEX_POINT('',#17321);
#5366=VERTEX_POINT('',#17328);
#5367=VERTEX_POINT('',#17330);
#5368=VERTEX_POINT('',#17334);
#5369=VERTEX_POINT('',#17337);
#5370=VERTEX_POINT('',#17344);
#5371=VERTEX_POINT('',#17346);
#5372=VERTEX_POINT('',#17348);
#5373=VERTEX_POINT('',#17352);
#5374=VERTEX_POINT('',#17353);
#5375=VERTEX_POINT('',#17356);
#5376=VERTEX_POINT('',#17366);
#5377=VERTEX_POINT('',#17368);
#5378=VERTEX_POINT('',#17376);
#5379=VERTEX_POINT('',#17379);
#5380=VERTEX_POINT('',#17381);
#5381=VERTEX_POINT('',#17388);
#5382=VERTEX_POINT('',#17390);
#5383=VERTEX_POINT('',#17396);
#5384=VERTEX_POINT('',#17397);
#5385=VERTEX_POINT('',#17400);
#5386=VERTEX_POINT('',#17402);
#5387=VERTEX_POINT('',#17404);
#5388=VERTEX_POINT('',#17407);
#5389=VERTEX_POINT('',#17409);
#5390=VERTEX_POINT('',#17411);
#5391=VERTEX_POINT('',#17414);
#5392=VERTEX_POINT('',#17416);
#5393=VERTEX_POINT('',#17419);
#5394=VERTEX_POINT('',#17423);
#5395=VERTEX_POINT('',#17425);
#5396=VERTEX_POINT('',#17427);
#5397=VERTEX_POINT('',#17429);
#5398=VERTEX_POINT('',#17434);
#5399=VERTEX_POINT('',#17435);
#5400=VERTEX_POINT('',#17438);
#5401=VERTEX_POINT('',#17440);
#5402=VERTEX_POINT('',#17443);
#5403=VERTEX_POINT('',#17445);
#5404=VERTEX_POINT('',#17447);
#5405=VERTEX_POINT('',#17451);
#5406=VERTEX_POINT('',#17453);
#5407=VERTEX_POINT('',#17457);
#5408=VERTEX_POINT('',#17464);
#5409=VERTEX_POINT('',#17466);
#5410=VERTEX_POINT('',#17470);
#5411=VERTEX_POINT('',#17472);
#5412=VERTEX_POINT('',#17474);
#5413=VERTEX_POINT('',#17476);
#5414=VERTEX_POINT('',#17498);
#5415=VERTEX_POINT('',#17502);
#5416=VERTEX_POINT('',#17534);
#5417=VERTEX_POINT('',#17553);
#5418=VERTEX_POINT('',#17554);
#5419=VERTEX_POINT('',#17556);
#5420=VERTEX_POINT('',#17584);
#5421=VERTEX_POINT('',#17586);
#5422=VERTEX_POINT('',#17588);
#5423=VERTEX_POINT('',#17592);
#5424=VERTEX_POINT('',#17596);
#5425=VERTEX_POINT('',#17598);
#5426=VERTEX_POINT('',#17603);
#5427=VERTEX_POINT('',#17608);
#5428=VERTEX_POINT('',#17609);
#5429=VERTEX_POINT('',#17611);
#5430=VERTEX_POINT('',#17614);
#5431=VERTEX_POINT('',#17618);
#5432=VERTEX_POINT('',#17619);
#5433=VERTEX_POINT('',#17621);
#5434=VERTEX_POINT('',#17627);
#5435=VERTEX_POINT('',#17631);
#5436=VERTEX_POINT('',#17632);
#5437=VERTEX_POINT('',#17634);
#5438=VERTEX_POINT('',#17651);
#5439=VERTEX_POINT('',#17659);
#5440=VERTEX_POINT('',#17695);
#5441=VERTEX_POINT('',#17705);
#5442=VERTEX_POINT('',#17710);
#5443=VERTEX_POINT('',#17712);
#5444=VERTEX_POINT('',#17716);
#5445=VERTEX_POINT('',#17720);
#5446=VERTEX_POINT('',#17728);
#5447=VERTEX_POINT('',#17732);
#5448=VERTEX_POINT('',#17736);
#5449=VERTEX_POINT('',#17777);
#5450=VERTEX_POINT('',#17779);
#5451=VERTEX_POINT('',#17788);
#5452=VERTEX_POINT('',#17792);
#5453=VERTEX_POINT('',#17797);
#5454=VERTEX_POINT('',#17799);
#5455=VERTEX_POINT('',#17801);
#5456=VERTEX_POINT('',#17805);
#5457=VERTEX_POINT('',#17809);
#5458=VERTEX_POINT('',#17812);
#5459=VERTEX_POINT('',#17825);
#5460=VERTEX_POINT('',#17827);
#5461=VERTEX_POINT('',#17839);
#5462=VERTEX_POINT('',#17840);
#5463=VERTEX_POINT('',#17842);
#5464=VERTEX_POINT('',#17844);
#5465=VERTEX_POINT('',#17855);
#5466=VERTEX_POINT('',#17862);
#5467=VERTEX_POINT('',#17866);
#5468=VERTEX_POINT('',#17884);
#5469=VERTEX_POINT('',#17885);
#5470=VERTEX_POINT('',#17887);
#5471=VERTEX_POINT('',#17889);
#5472=VERTEX_POINT('',#17891);
#5473=VERTEX_POINT('',#17893);
#5474=VERTEX_POINT('',#17898);
#5475=VERTEX_POINT('',#17900);
#5476=VERTEX_POINT('',#17902);
#5477=VERTEX_POINT('',#17904);
#5478=VERTEX_POINT('',#17909);
#5479=VERTEX_POINT('',#17910);
#5480=VERTEX_POINT('',#17912);
#5481=VERTEX_POINT('',#17918);
#5482=VERTEX_POINT('',#17920);
#5483=VERTEX_POINT('',#17924);
#5484=VERTEX_POINT('',#17929);
#5485=VERTEX_POINT('',#17931);
#5486=VERTEX_POINT('',#17936);
#5487=VERTEX_POINT('',#17938);
#5488=VERTEX_POINT('',#17942);
#5489=VERTEX_POINT('',#17945);
#5490=VERTEX_POINT('',#17949);
#5491=VERTEX_POINT('',#17956);
#5492=VERTEX_POINT('',#17969);
#5493=VERTEX_POINT('',#17975);
#5494=VERTEX_POINT('',#18015);
#5495=VERTEX_POINT('',#18025);
#5496=VERTEX_POINT('',#18031);
#5497=VERTEX_POINT('',#18035);
#5498=VERTEX_POINT('',#18041);
#5499=VERTEX_POINT('',#18048);
#5500=VERTEX_POINT('',#18052);
#5501=VERTEX_POINT('',#18054);
#5502=VERTEX_POINT('',#18092);
#5503=VERTEX_POINT('',#18099);
#5504=VERTEX_POINT('',#18101);
#5505=VERTEX_POINT('',#18105);
#5506=VERTEX_POINT('',#18115);
#5507=VERTEX_POINT('',#18117);
#5508=VERTEX_POINT('',#18119);
#5509=VERTEX_POINT('',#18121);
#5510=VERTEX_POINT('',#18207);
#5511=VERTEX_POINT('',#18209);
#5512=VERTEX_POINT('',#18238);
#5513=VERTEX_POINT('',#18243);
#5514=VERTEX_POINT('',#18258);
#5515=VERTEX_POINT('',#18290);
#5516=VERTEX_POINT('',#18295);
#5517=VERTEX_POINT('',#18297);
#5518=VERTEX_POINT('',#18364);
#5519=VERTEX_POINT('',#18365);
#5520=VERTEX_POINT('',#18374);
#5521=VERTEX_POINT('',#18389);
#5522=VERTEX_POINT('',#18510);
#5523=VERTEX_POINT('',#18511);
#5524=VERTEX_POINT('',#18513);
#5525=VERTEX_POINT('',#18515);
#5526=VERTEX_POINT('',#18517);
#5527=VERTEX_POINT('',#18519);
#5528=VERTEX_POINT('',#18523);
#5529=VERTEX_POINT('',#18524);
#5530=VERTEX_POINT('',#18526);
#5531=VERTEX_POINT('',#18531);
#5532=VERTEX_POINT('',#18533);
#5533=VERTEX_POINT('',#18538);
#5534=VERTEX_POINT('',#18542);
#5535=VERTEX_POINT('',#18543);
#5536=VERTEX_POINT('',#18545);
#5537=VERTEX_POINT('',#18547);
#5538=VERTEX_POINT('',#18551);
#5539=VERTEX_POINT('',#18552);
#5540=VERTEX_POINT('',#18554);
#5541=VERTEX_POINT('',#18556);
#5542=VERTEX_POINT('',#18560);
#5543=VERTEX_POINT('',#18561);
#5544=VERTEX_POINT('',#18563);
#5545=VERTEX_POINT('',#18565);
#5546=VERTEX_POINT('',#18569);
#5547=VERTEX_POINT('',#18570);
#5548=VERTEX_POINT('',#18572);
#5549=VERTEX_POINT('',#18574);
#5550=VERTEX_POINT('',#18578);
#5551=VERTEX_POINT('',#18579);
#5552=VERTEX_POINT('',#18581);
#5553=VERTEX_POINT('',#18583);
#5554=VERTEX_POINT('',#18587);
#5555=VERTEX_POINT('',#18588);
#5556=VERTEX_POINT('',#18590);
#5557=VERTEX_POINT('',#18592);
#5558=VERTEX_POINT('',#18594);
#5559=VERTEX_POINT('',#18596);
#5560=VERTEX_POINT('',#18598);
#5561=VERTEX_POINT('',#18600);
#5562=VERTEX_POINT('',#18602);
#5563=VERTEX_POINT('',#18604);
#5564=VERTEX_POINT('',#18606);
#5565=VERTEX_POINT('',#18608);
#5566=VERTEX_POINT('',#18610);
#5567=VERTEX_POINT('',#18612);
#5568=VERTEX_POINT('',#18614);
#5569=VERTEX_POINT('',#18616);
#5570=VERTEX_POINT('',#18620);
#5571=VERTEX_POINT('',#18621);
#5572=VERTEX_POINT('',#18623);
#5573=VERTEX_POINT('',#18625);
#5574=VERTEX_POINT('',#18629);
#5575=VERTEX_POINT('',#18630);
#5576=VERTEX_POINT('',#18635);
#5577=VERTEX_POINT('',#18636);
#5578=VERTEX_POINT('',#18638);
#5579=VERTEX_POINT('',#18640);
#5580=VERTEX_POINT('',#18644);
#5581=VERTEX_POINT('',#18645);
#5582=VERTEX_POINT('',#18647);
#5583=VERTEX_POINT('',#18649);
#5584=VERTEX_POINT('',#18653);
#5585=VERTEX_POINT('',#18655);
#5586=VERTEX_POINT('',#18659);
#5587=VERTEX_POINT('',#18660);
#5588=VERTEX_POINT('',#18662);
#5589=VERTEX_POINT('',#18664);
#5590=VERTEX_POINT('',#18666);
#5591=VERTEX_POINT('',#18673);
#5592=VERTEX_POINT('',#18675);
#5593=VERTEX_POINT('',#18679);
#5594=VERTEX_POINT('',#18680);
#5595=VERTEX_POINT('',#18682);
#5596=VERTEX_POINT('',#18684);
#5597=VERTEX_POINT('',#18688);
#5598=VERTEX_POINT('',#18689);
#5599=VERTEX_POINT('',#18691);
#5600=VERTEX_POINT('',#18693);
#5601=VERTEX_POINT('',#18697);
#5602=VERTEX_POINT('',#18698);
#5603=VERTEX_POINT('',#18700);
#5604=VERTEX_POINT('',#18702);
#5605=VERTEX_POINT('',#18704);
#5606=VERTEX_POINT('',#18706);
#5607=VERTEX_POINT('',#18708);
#5608=VERTEX_POINT('',#18712);
#5609=VERTEX_POINT('',#18713);
#5610=VERTEX_POINT('',#18715);
#5611=VERTEX_POINT('',#18717);
#5612=VERTEX_POINT('',#18721);
#5613=VERTEX_POINT('',#18722);
#5614=VERTEX_POINT('',#18724);
#5615=VERTEX_POINT('',#18726);
#5616=VERTEX_POINT('',#18730);
#5617=VERTEX_POINT('',#18731);
#5618=VERTEX_POINT('',#18733);
#5619=VERTEX_POINT('',#18735);
#5620=VERTEX_POINT('',#18740);
#5621=VERTEX_POINT('',#18742);
#5622=VERTEX_POINT('',#18746);
#5623=VERTEX_POINT('',#18747);
#5624=VERTEX_POINT('',#18749);
#5625=VERTEX_POINT('',#18751);
#5626=VERTEX_POINT('',#18755);
#5627=VERTEX_POINT('',#18756);
#5628=VERTEX_POINT('',#18758);
#5629=VERTEX_POINT('',#18760);
#5630=VERTEX_POINT('',#18764);
#5631=VERTEX_POINT('',#18765);
#5632=VERTEX_POINT('',#18767);
#5633=VERTEX_POINT('',#18769);
#5634=VERTEX_POINT('',#18773);
#5635=VERTEX_POINT('',#18774);
#5636=VERTEX_POINT('',#18776);
#5637=VERTEX_POINT('',#18778);
#5638=VERTEX_POINT('',#18780);
#5639=VERTEX_POINT('',#18784);
#5640=VERTEX_POINT('',#18785);
#5641=VERTEX_POINT('',#18790);
#5642=VERTEX_POINT('',#18792);
#5643=VERTEX_POINT('',#18794);
#5644=VERTEX_POINT('',#18798);
#5645=VERTEX_POINT('',#18799);
#5646=VERTEX_POINT('',#18801);
#5647=VERTEX_POINT('',#18803);
#5648=VERTEX_POINT('',#18807);
#5649=VERTEX_POINT('',#18808);
#5650=VERTEX_POINT('',#18810);
#5651=VERTEX_POINT('',#18812);
#5652=VERTEX_POINT('',#18816);
#5653=VERTEX_POINT('',#18818);
#5654=VERTEX_POINT('',#18822);
#5655=VERTEX_POINT('',#18823);
#5656=VERTEX_POINT('',#18825);
#5657=VERTEX_POINT('',#18827);
#5658=VERTEX_POINT('',#18829);
#5659=VERTEX_POINT('',#18831);
#5660=VERTEX_POINT('',#18835);
#5661=VERTEX_POINT('',#18836);
#5662=VERTEX_POINT('',#18838);
#5663=VERTEX_POINT('',#18840);
#5664=VERTEX_POINT('',#18842);
#5665=VERTEX_POINT('',#18846);
#5666=VERTEX_POINT('',#18848);
#5667=VERTEX_POINT('',#18852);
#5668=VERTEX_POINT('',#18854);
#5669=VERTEX_POINT('',#18858);
#5670=VERTEX_POINT('',#18860);
#5671=VERTEX_POINT('',#18864);
#5672=VERTEX_POINT('',#18865);
#5673=VERTEX_POINT('',#18867);
#5674=VERTEX_POINT('',#18869);
#5675=VERTEX_POINT('',#18871);
#5676=VERTEX_POINT('',#18873);
#5677=VERTEX_POINT('',#18875);
#5678=VERTEX_POINT('',#18878);
#5679=VERTEX_POINT('',#18880);
#5680=VERTEX_POINT('',#18882);
#5681=VERTEX_POINT('',#18884);
#5682=VERTEX_POINT('',#18886);
#5683=VERTEX_POINT('',#18888);
#5684=VERTEX_POINT('',#18890);
#5685=VERTEX_POINT('',#18894);
#5686=VERTEX_POINT('',#18896);
#5687=VERTEX_POINT('',#18901);
#5688=VERTEX_POINT('',#18902);
#5689=VERTEX_POINT('',#18904);
#5690=VERTEX_POINT('',#18908);
#5691=VERTEX_POINT('',#18910);
#5692=VERTEX_POINT('',#18912);
#5693=VERTEX_POINT('',#18916);
#5694=VERTEX_POINT('',#18918);
#5695=VERTEX_POINT('',#18922);
#5696=VERTEX_POINT('',#18923);
#5697=VERTEX_POINT('',#18925);
#5698=VERTEX_POINT('',#18927);
#5699=VERTEX_POINT('',#18934);
#5700=VERTEX_POINT('',#18936);
#5701=VERTEX_POINT('',#18940);
#5702=VERTEX_POINT('',#18942);
#5703=VERTEX_POINT('',#18946);
#5704=VERTEX_POINT('',#18948);
#5705=VERTEX_POINT('',#18952);
#5706=VERTEX_POINT('',#18954);
#5707=VERTEX_POINT('',#18958);
#5708=VERTEX_POINT('',#18960);
#5709=VERTEX_POINT('',#18964);
#5710=VERTEX_POINT('',#18966);
#5711=VERTEX_POINT('',#18968);
#5712=VERTEX_POINT('',#18970);
#5713=VERTEX_POINT('',#18974);
#5714=VERTEX_POINT('',#18975);
#5715=VERTEX_POINT('',#18977);
#5716=VERTEX_POINT('',#18979);
#5717=VERTEX_POINT('',#18983);
#5718=VERTEX_POINT('',#18984);
#5719=VERTEX_POINT('',#18986);
#5720=VERTEX_POINT('',#18988);
#5721=VERTEX_POINT('',#18992);
#5722=VERTEX_POINT('',#18993);
#5723=VERTEX_POINT('',#18995);
#5724=VERTEX_POINT('',#18997);
#5725=VERTEX_POINT('',#19001);
#5726=VERTEX_POINT('',#19005);
#5727=VERTEX_POINT('',#19006);
#5728=VERTEX_POINT('',#19008);
#5729=VERTEX_POINT('',#19010);
#5730=VERTEX_POINT('',#19014);
#5731=VERTEX_POINT('',#19016);
#5732=VERTEX_POINT('',#19018);
#5733=VERTEX_POINT('',#19020);
#5734=VERTEX_POINT('',#19022);
#5735=VERTEX_POINT('',#19024);
#5736=VERTEX_POINT('',#19028);
#5737=VERTEX_POINT('',#19030);
#5738=VERTEX_POINT('',#19036);
#5739=VERTEX_POINT('',#19038);
#5740=VERTEX_POINT('',#19040);
#5741=VERTEX_POINT('',#19042);
#5742=VERTEX_POINT('',#19044);
#5743=VERTEX_POINT('',#19048);
#5744=VERTEX_POINT('',#19050);
#5745=VERTEX_POINT('',#19052);
#5746=VERTEX_POINT('',#19054);
#5747=VERTEX_POINT('',#19059);
#5748=VERTEX_POINT('',#19062);
#5749=VERTEX_POINT('',#19064);
#5750=VERTEX_POINT('',#19066);
#5751=VERTEX_POINT('',#19068);
#5752=VERTEX_POINT('',#19070);
#5753=VERTEX_POINT('',#19072);
#5754=VERTEX_POINT('',#19075);
#5755=VERTEX_POINT('',#19077);
#5756=VERTEX_POINT('',#19079);
#5757=VERTEX_POINT('',#19081);
#5758=VERTEX_POINT('',#19083);
#5759=VERTEX_POINT('',#19086);
#5760=VERTEX_POINT('',#19088);
#5761=VERTEX_POINT('',#19093);
#5762=VERTEX_POINT('',#19097);
#5763=VERTEX_POINT('',#19098);
#5764=VERTEX_POINT('',#19103);
#5765=VERTEX_POINT('',#19105);
#5766=VERTEX_POINT('',#19112);
#5767=VERTEX_POINT('',#19113);
#5768=VERTEX_POINT('',#19115);
#5769=VERTEX_POINT('',#19117);
#5770=VERTEX_POINT('',#19121);
#5771=VERTEX_POINT('',#19123);
#5772=VERTEX_POINT('',#19127);
#5773=VERTEX_POINT('',#19129);
#5774=VERTEX_POINT('',#19131);
#5775=VERTEX_POINT('',#19135);
#5776=VERTEX_POINT('',#19136);
#5777=VERTEX_POINT('',#19138);
#5778=VERTEX_POINT('',#19140);
#5779=VERTEX_POINT('',#19144);
#5780=VERTEX_POINT('',#19145);
#5781=VERTEX_POINT('',#19147);
#5782=VERTEX_POINT('',#19149);
#5783=VERTEX_POINT('',#19156);
#5784=VERTEX_POINT('',#19157);
#5785=VERTEX_POINT('',#19159);
#5786=VERTEX_POINT('',#19161);
#5787=VERTEX_POINT('',#19165);
#5788=VERTEX_POINT('',#19166);
#5789=VERTEX_POINT('',#19168);
#5790=VERTEX_POINT('',#19170);
#5791=VERTEX_POINT('',#19174);
#5792=VERTEX_POINT('',#19176);
#5793=VERTEX_POINT('',#19180);
#5794=VERTEX_POINT('',#19182);
#5795=VERTEX_POINT('',#19187);
#5796=VERTEX_POINT('',#19188);
#5797=VERTEX_POINT('',#19190);
#5798=VERTEX_POINT('',#19192);
#5799=VERTEX_POINT('',#19196);
#5800=VERTEX_POINT('',#19198);
#5801=VERTEX_POINT('',#19203);
#5802=VERTEX_POINT('',#19207);
#5803=VERTEX_POINT('',#19209);
#5804=VERTEX_POINT('',#19213);
#5805=VERTEX_POINT('',#19214);
#5806=VERTEX_POINT('',#19216);
#5807=VERTEX_POINT('',#19218);
#5808=VERTEX_POINT('',#19222);
#5809=VERTEX_POINT('',#19223);
#5810=VERTEX_POINT('',#19225);
#5811=VERTEX_POINT('',#19227);
#5812=VERTEX_POINT('',#19233);
#5813=VERTEX_POINT('',#19234);
#5814=VERTEX_POINT('',#19239);
#5815=VERTEX_POINT('',#19240);
#5816=VERTEX_POINT('',#19245);
#5817=VERTEX_POINT('',#19246);
#5818=VERTEX_POINT('',#19248);
#5819=VERTEX_POINT('',#19250);
#5820=VERTEX_POINT('',#19254);
#5821=VERTEX_POINT('',#19255);
#5822=VERTEX_POINT('',#19257);
#5823=VERTEX_POINT('',#19259);
#5824=VERTEX_POINT('',#19263);
#5825=VERTEX_POINT('',#19265);
#5826=VERTEX_POINT('',#19269);
#5827=VERTEX_POINT('',#19270);
#5828=VERTEX_POINT('',#19272);
#5829=VERTEX_POINT('',#19274);
#5830=VERTEX_POINT('',#19278);
#5831=VERTEX_POINT('',#19280);
#5832=VERTEX_POINT('',#19284);
#5833=VERTEX_POINT('',#19285);
#5834=VERTEX_POINT('',#19290);
#5835=VERTEX_POINT('',#19291);
#5836=VERTEX_POINT('',#19293);
#5837=VERTEX_POINT('',#19295);
#5838=VERTEX_POINT('',#19299);
#5839=VERTEX_POINT('',#19300);
#5840=VERTEX_POINT('',#19302);
#5841=VERTEX_POINT('',#19310);
#5842=VERTEX_POINT('',#19311);
#5843=VERTEX_POINT('',#19313);
#5844=VERTEX_POINT('',#19315);
#5845=VERTEX_POINT('',#19319);
#5846=VERTEX_POINT('',#19321);
#5847=VERTEX_POINT('',#19323);
#5848=VERTEX_POINT('',#19329);
#5849=VERTEX_POINT('',#19330);
#5850=VERTEX_POINT('',#19335);
#5851=VERTEX_POINT('',#19336);
#5852=VERTEX_POINT('',#19338);
#5853=VERTEX_POINT('',#19340);
#5854=VERTEX_POINT('',#19344);
#5855=VERTEX_POINT('',#19345);
#5856=VERTEX_POINT('',#19347);
#5857=VERTEX_POINT('',#19349);
#5858=VERTEX_POINT('',#19352);
#5859=VERTEX_POINT('',#19354);
#5860=VERTEX_POINT('',#19358);
#5861=VERTEX_POINT('',#19362);
#5862=VERTEX_POINT('',#19366);
#5863=VERTEX_POINT('',#19368);
#5864=VERTEX_POINT('',#19370);
#5865=VERTEX_POINT('',#19372);
#5866=VERTEX_POINT('',#19375);
#5867=VERTEX_POINT('',#19381);
#5868=VERTEX_POINT('',#19384);
#5869=VERTEX_POINT('',#19390);
#5870=VERTEX_POINT('',#19406);
#5871=VERTEX_POINT('',#19410);
#5872=VERTEX_POINT('',#19412);
#5873=VERTEX_POINT('',#19416);
#5874=VERTEX_POINT('',#19420);
#5875=VERTEX_POINT('',#19421);
#5876=VERTEX_POINT('',#19423);
#5877=VERTEX_POINT('',#19425);
#5878=VERTEX_POINT('',#19429);
#5879=VERTEX_POINT('',#19436);
#5880=VERTEX_POINT('',#19438);
#5881=VERTEX_POINT('',#19442);
#5882=VERTEX_POINT('',#19444);
#5883=VERTEX_POINT('',#19450);
#5884=VERTEX_POINT('',#19452);
#5885=VERTEX_POINT('',#19455);
#5886=VERTEX_POINT('',#19457);
#5887=VERTEX_POINT('',#19462);
#5888=VERTEX_POINT('',#19468);
#5889=VERTEX_POINT('',#19470);
#5890=VERTEX_POINT('',#19480);
#5891=VERTEX_POINT('',#19486);
#5892=VERTEX_POINT('',#19492);
#5893=VERTEX_POINT('',#19493);
#5894=VERTEX_POINT('',#19495);
#5895=VERTEX_POINT('',#19497);
#5896=VERTEX_POINT('',#19501);
#5897=VERTEX_POINT('',#19503);
#5898=VERTEX_POINT('',#19507);
#5899=VERTEX_POINT('',#19509);
#5900=VERTEX_POINT('',#19517);
#5901=VERTEX_POINT('',#19519);
#5902=VERTEX_POINT('',#19525);
#5903=VERTEX_POINT('',#19526);
#5904=VERTEX_POINT('',#19533);
#5905=VERTEX_POINT('',#19539);
#5906=VERTEX_POINT('',#19541);
#5907=VERTEX_POINT('',#19550);
#5908=VERTEX_POINT('',#19567);
#5909=VERTEX_POINT('',#19570);
#5910=VERTEX_POINT('',#19572);
#5911=VERTEX_POINT('',#19574);
#5912=VERTEX_POINT('',#19576);
#5913=VERTEX_POINT('',#19581);
#5914=VERTEX_POINT('',#19593);
#5915=VERTEX_POINT('',#19617);
#5916=VERTEX_POINT('',#19623);
#5917=VERTEX_POINT('',#19630);
#5918=VERTEX_POINT('',#19635);
#5919=VERTEX_POINT('',#19636);
#5920=VERTEX_POINT('',#19640);
#5921=VERTEX_POINT('',#19650);
#5922=VERTEX_POINT('',#19655);
#5923=VERTEX_POINT('',#19661);
#5924=VERTEX_POINT('',#19666);
#5925=VERTEX_POINT('',#19671);
#5926=VERTEX_POINT('',#19673);
#5927=VERTEX_POINT('',#19687);
#5928=VERTEX_POINT('',#19706);
#5929=VERTEX_POINT('',#19723);
#5930=VERTEX_POINT('',#19731);
#5931=VERTEX_POINT('',#19738);
#5932=VERTEX_POINT('',#19755);
#5933=VERTEX_POINT('',#19768);
#5934=LINE('',#15887,#7069);
#5935=LINE('',#15890,#7070);
#5936=LINE('',#15892,#7071);
#5937=LINE('',#15894,#7072);
#5938=LINE('',#15896,#7073);
#5939=LINE('',#15899,#7074);
#5940=LINE('',#15901,#7075);
#5941=LINE('',#15903,#7076);
#5942=LINE('',#15905,#7077);
#5943=LINE('',#15908,#7078);
#5944=LINE('',#15910,#7079);
#5945=LINE('',#15912,#7080);
#5946=LINE('',#15917,#7081);
#5947=LINE('',#15921,#7082);
#5948=LINE('',#15923,#7083);
#5949=LINE('',#15926,#7084);
#5950=LINE('',#15945,#7085);
#5951=LINE('',#15947,#7086);
#5952=LINE('',#15949,#7087);
#5953=LINE('',#15952,#7088);
#5954=LINE('',#15954,#7089);
#5955=LINE('',#15956,#7090);
#5956=LINE('',#15958,#7091);
#5957=LINE('',#15963,#7092);
#5958=LINE('',#15967,#7093);
#5959=LINE('',#15970,#7094);
#5960=LINE('',#15972,#7095);
#5961=LINE('',#15974,#7096);
#5962=LINE('',#15976,#7097);
#5963=LINE('',#15979,#7098);
#5964=LINE('',#15981,#7099);
#5965=LINE('',#15983,#7100);
#5966=LINE('',#15985,#7101);
#5967=LINE('',#15988,#7102);
#5968=LINE('',#15990,#7103);
#5969=LINE('',#15992,#7104);
#5970=LINE('',#15994,#7105);
#5971=LINE('',#15997,#7106);
#5972=LINE('',#15999,#7107);
#5973=LINE('',#16001,#7108);
#5974=LINE('',#16003,#7109);
#5975=LINE('',#16006,#7110);
#5976=LINE('',#16008,#7111);
#5977=LINE('',#16010,#7112);
#5978=LINE('',#16012,#7113);
#5979=LINE('',#16015,#7114);
#5980=LINE('',#16017,#7115);
#5981=LINE('',#16019,#7116);
#5982=LINE('',#16024,#7117);
#5983=LINE('',#16028,#7118);
#5984=LINE('',#16057,#7119);
#5985=LINE('',#16060,#7120);
#5986=LINE('',#16062,#7121);
#5987=LINE('',#16064,#7122);
#5988=LINE('',#16066,#7123);
#5989=LINE('',#16069,#7124);
#5990=LINE('',#16070,#7125);
#5991=LINE('',#16072,#7126);
#5992=LINE('',#16075,#7127);
#5993=LINE('',#16077,#7128);
#5994=LINE('',#16079,#7129);
#5995=LINE('',#16108,#7130);
#5996=LINE('',#16111,#7131);
#5997=LINE('',#16113,#7132);
#5998=LINE('',#16115,#7133);
#5999=LINE('',#16167,#7134);
#6000=LINE('',#16169,#7135);
#6001=LINE('',#16172,#7136);
#6002=LINE('',#16174,#7137);
#6003=LINE('',#16176,#7138);
#6004=LINE('',#16178,#7139);
#6005=LINE('',#16181,#7140);
#6006=LINE('',#16183,#7141);
#6007=LINE('',#16185,#7142);
#6008=LINE('',#16187,#7143);
#6009=LINE('',#16190,#7144);
#6010=LINE('',#16192,#7145);
#6011=LINE('',#16194,#7146);
#6012=LINE('',#16207,#7147);
#6013=LINE('',#16208,#7148);
#6014=LINE('',#16210,#7149);
#6015=LINE('',#16212,#7150);
#6016=LINE('',#16214,#7151);
#6017=LINE('',#16233,#7152);
#6018=LINE('',#16235,#7153);
#6019=LINE('',#16237,#7154);
#6020=LINE('',#16239,#7155);
#6021=LINE('',#16241,#7156);
#6022=LINE('',#16243,#7157);
#6023=LINE('',#16245,#7158);
#6024=LINE('',#16248,#7159);
#6025=LINE('',#16250,#7160);
#6026=LINE('',#16252,#7161);
#6027=LINE('',#16254,#7162);
#6028=LINE('',#16259,#7163);
#6029=LINE('',#16263,#7164);
#6030=LINE('',#16266,#7165);
#6031=LINE('',#16268,#7166);
#6032=LINE('',#16270,#7167);
#6033=LINE('',#16272,#7168);
#6034=LINE('',#16274,#7169);
#6035=LINE('',#16276,#7170);
#6036=LINE('',#16281,#7171);
#6037=LINE('',#16285,#7172);
#6038=LINE('',#16287,#7173);
#6039=LINE('',#16290,#7174);
#6040=LINE('',#16292,#7175);
#6041=LINE('',#16294,#7176);
#6042=LINE('',#16296,#7177);
#6043=LINE('',#16298,#7178);
#6044=LINE('',#16300,#7179);
#6045=LINE('',#16334,#7180);
#6046=LINE('',#16374,#7181);
#6047=LINE('',#16378,#7182);
#6048=LINE('',#16389,#7183);
#6049=LINE('',#16400,#7184);
#6050=LINE('',#16410,#7185);
#6051=LINE('',#16413,#7186);
#6052=LINE('',#16415,#7187);
#6053=LINE('',#16416,#7188);
#6054=LINE('',#16418,#7189);
#6055=LINE('',#16420,#7190);
#6056=LINE('',#16422,#7191);
#6057=LINE('',#16424,#7192);
#6058=LINE('',#16429,#7193);
#6059=LINE('',#16433,#7194);
#6060=LINE('',#16436,#7195);
#6061=LINE('',#16438,#7196);
#6062=LINE('',#16440,#7197);
#6063=LINE('',#16445,#7198);
#6064=LINE('',#16449,#7199);
#6065=LINE('',#16451,#7200);
#6066=LINE('',#16454,#7201);
#6067=LINE('',#16456,#7202);
#6068=LINE('',#16458,#7203);
#6069=LINE('',#16463,#7204);
#6070=LINE('',#16467,#7205);
#6071=LINE('',#16469,#7206);
#6072=LINE('',#16472,#7207);
#6073=LINE('',#16474,#7208);
#6074=LINE('',#16476,#7209);
#6075=LINE('',#16478,#7210);
#6076=LINE('',#16481,#7211);
#6077=LINE('',#16483,#7212);
#6078=LINE('',#16485,#7213);
#6079=LINE('',#16514,#7214);
#6080=LINE('',#16529,#7215);
#6081=LINE('',#16533,#7216);
#6082=LINE('',#16538,#7217);
#6083=LINE('',#16542,#7218);
#6084=LINE('',#16547,#7219);
#6085=LINE('',#16548,#7220);
#6086=LINE('',#16550,#7221);
#6087=LINE('',#16553,#7222);
#6088=LINE('',#16555,#7223);
#6089=LINE('',#16557,#7224);
#6090=LINE('',#16559,#7225);
#6091=LINE('',#16561,#7226);
#6092=LINE('',#16563,#7227);
#6093=LINE('',#16565,#7228);
#6094=LINE('',#16568,#7229);
#6095=LINE('',#16570,#7230);
#6096=LINE('',#16572,#7231);
#6097=LINE('',#16574,#7232);
#6098=LINE('',#16576,#7233);
#6099=LINE('',#16577,#7234);
#6100=LINE('',#16580,#7235);
#6101=LINE('',#16581,#7236);
#6102=LINE('',#16582,#7237);
#6103=LINE('',#16584,#7238);
#6104=LINE('',#16586,#7239);
#6105=LINE('',#16587,#7240);
#6106=LINE('',#16589,#7241);
#6107=LINE('',#16591,#7242);
#6108=LINE('',#16592,#7243);
#6109=LINE('',#16595,#7244);
#6110=LINE('',#16597,#7245);
#6111=LINE('',#16599,#7246);
#6112=LINE('',#16600,#7247);
#6113=LINE('',#16602,#7248);
#6114=LINE('',#16604,#7249);
#6115=LINE('',#16605,#7250);
#6116=LINE('',#16608,#7251);
#6117=LINE('',#16610,#7252);
#6118=LINE('',#16612,#7253);
#6119=LINE('',#16613,#7254);
#6120=LINE('',#16615,#7255);
#6121=LINE('',#16617,#7256);
#6122=LINE('',#16618,#7257);
#6123=LINE('',#16621,#7258);
#6124=LINE('',#16623,#7259);
#6125=LINE('',#16625,#7260);
#6126=LINE('',#16626,#7261);
#6127=LINE('',#16629,#7262);
#6128=LINE('',#16631,#7263);
#6129=LINE('',#16633,#7264);
#6130=LINE('',#16634,#7265);
#6131=LINE('',#16637,#7266);
#6132=LINE('',#16639,#7267);
#6133=LINE('',#16641,#7268);
#6134=LINE('',#16642,#7269);
#6135=LINE('',#16644,#7270);
#6136=LINE('',#16646,#7271);
#6137=LINE('',#16648,#7272);
#6138=LINE('',#16650,#7273);
#6139=LINE('',#16652,#7274);
#6140=LINE('',#16654,#7275);
#6141=LINE('',#16656,#7276);
#6142=LINE('',#16658,#7277);
#6143=LINE('',#16660,#7278);
#6144=LINE('',#16662,#7279);
#6145=LINE('',#16664,#7280);
#6146=LINE('',#16665,#7281);
#6147=LINE('',#16667,#7282);
#6148=LINE('',#16669,#7283);
#6149=LINE('',#16670,#7284);
#6150=LINE('',#16672,#7285);
#6151=LINE('',#16674,#7286);
#6152=LINE('',#16676,#7287);
#6153=LINE('',#16678,#7288);
#6154=LINE('',#16680,#7289);
#6155=LINE('',#16682,#7290);
#6156=LINE('',#16685,#7291);
#6157=LINE('',#16687,#7292);
#6158=LINE('',#16689,#7293);
#6159=LINE('',#16691,#7294);
#6160=LINE('',#16693,#7295);
#6161=LINE('',#16695,#7296);
#6162=LINE('',#16697,#7297);
#6163=LINE('',#16700,#7298);
#6164=LINE('',#16702,#7299);
#6165=LINE('',#16704,#7300);
#6166=LINE('',#16724,#7301);
#6167=LINE('',#16726,#7302);
#6168=LINE('',#16728,#7303);
#6169=LINE('',#16729,#7304);
#6170=LINE('',#16741,#7305);
#6171=LINE('',#16743,#7306);
#6172=LINE('',#16748,#7307);
#6173=LINE('',#16752,#7308);
#6174=LINE('',#16757,#7309);
#6175=LINE('',#16759,#7310);
#6176=LINE('',#16761,#7311);
#6177=LINE('',#16780,#7312);
#6178=LINE('',#16783,#7313);
#6179=LINE('',#16785,#7314);
#6180=LINE('',#16787,#7315);
#6181=LINE('',#16800,#7316);
#6182=LINE('',#16801,#7317);
#6183=LINE('',#16803,#7318);
#6184=LINE('',#16805,#7319);
#6185=LINE('',#16807,#7320);
#6186=LINE('',#16808,#7321);
#6187=LINE('',#16810,#7322);
#6188=LINE('',#16812,#7323);
#6189=LINE('',#16864,#7324);
#6190=LINE('',#16866,#7325);
#6191=LINE('',#16869,#7326);
#6192=LINE('',#16871,#7327);
#6193=LINE('',#16872,#7328);
#6194=LINE('',#16874,#7329);
#6195=LINE('',#16877,#7330);
#6196=LINE('',#16879,#7331);
#6197=LINE('',#16888,#7332);
#6198=LINE('',#16891,#7333);
#6199=LINE('',#16893,#7334);
#6200=LINE('',#16895,#7335);
#6201=LINE('',#16979,#7336);
#6202=LINE('',#16990,#7337);
#6203=LINE('',#17000,#7338);
#6204=LINE('',#17001,#7339);
#6205=LINE('',#17003,#7340);
#6206=LINE('',#17006,#7341);
#6207=LINE('',#17008,#7342);
#6208=LINE('',#17010,#7343);
#6209=LINE('',#17012,#7344);
#6210=LINE('',#17014,#7345);
#6211=LINE('',#17016,#7346);
#6212=LINE('',#17017,#7347);
#6213=LINE('',#17019,#7348);
#6214=LINE('',#17022,#7349);
#6215=LINE('',#17024,#7350);
#6216=LINE('',#17026,#7351);
#6217=LINE('',#17028,#7352);
#6218=LINE('',#17032,#7353);
#6219=LINE('',#17042,#7354);
#6220=LINE('',#17044,#7355);
#6221=LINE('',#17045,#7356);
#6222=LINE('',#17047,#7357);
#6223=LINE('',#17049,#7358);
#6224=LINE('',#17051,#7359);
#6225=LINE('',#17057,#7360);
#6226=LINE('',#17059,#7361);
#6227=LINE('',#17061,#7362);
#6228=LINE('',#17063,#7363);
#6229=LINE('',#17065,#7364);
#6230=LINE('',#17067,#7365);
#6231=LINE('',#17069,#7366);
#6232=LINE('',#17071,#7367);
#6233=LINE('',#17073,#7368);
#6234=LINE('',#17083,#7369);
#6235=LINE('',#17085,#7370);
#6236=LINE('',#17086,#7371);
#6237=LINE('',#17088,#7372);
#6238=LINE('',#17091,#7373);
#6239=LINE('',#17093,#7374);
#6240=LINE('',#17095,#7375);
#6241=LINE('',#17100,#7376);
#6242=LINE('',#17101,#7377);
#6243=LINE('',#17103,#7378);
#6244=LINE('',#17105,#7379);
#6245=LINE('',#17107,#7380);
#6246=LINE('',#17118,#7381);
#6247=LINE('',#17120,#7382);
#6248=LINE('',#17130,#7383);
#6249=LINE('',#17132,#7384);
#6250=LINE('',#17134,#7385);
#6251=LINE('',#17136,#7386);
#6252=LINE('',#17138,#7387);
#6253=LINE('',#17140,#7388);
#6254=LINE('',#17142,#7389);
#6255=LINE('',#17144,#7390);
#6256=LINE('',#17146,#7391);
#6257=LINE('',#17149,#7392);
#6258=LINE('',#17151,#7393);
#6259=LINE('',#17153,#7394);
#6260=LINE('',#17155,#7395);
#6261=LINE('',#17157,#7396);
#6262=LINE('',#17159,#7397);
#6263=LINE('',#17161,#7398);
#6264=LINE('',#17164,#7399);
#6265=LINE('',#17165,#7400);
#6266=LINE('',#17167,#7401);
#6267=LINE('',#17171,#7402);
#6268=LINE('',#17175,#7403);
#6269=LINE('',#17179,#7404);
#6270=LINE('',#17181,#7405);
#6271=LINE('',#17183,#7406);
#6272=LINE('',#17185,#7407);
#6273=LINE('',#17187,#7408);
#6274=LINE('',#17190,#7409);
#6275=LINE('',#17192,#7410);
#6276=LINE('',#17194,#7411);
#6277=LINE('',#17196,#7412);
#6278=LINE('',#17198,#7413);
#6279=LINE('',#17199,#7414);
#6280=LINE('',#17201,#7415);
#6281=LINE('',#17206,#7416);
#6282=LINE('',#17209,#7417);
#6283=LINE('',#17211,#7418);
#6284=LINE('',#17213,#7419);
#6285=LINE('',#17215,#7420);
#6286=LINE('',#17218,#7421);
#6287=LINE('',#17220,#7422);
#6288=LINE('',#17222,#7423);
#6289=LINE('',#17224,#7424);
#6290=LINE('',#17226,#7425);
#6291=LINE('',#17228,#7426);
#6292=LINE('',#17229,#7427);
#6293=LINE('',#17231,#7428);
#6294=LINE('',#17233,#7429);
#6295=LINE('',#17237,#7430);
#6296=LINE('',#17239,#7431);
#6297=LINE('',#17241,#7432);
#6298=LINE('',#17245,#7433);
#6299=LINE('',#17247,#7434);
#6300=LINE('',#17249,#7435);
#6301=LINE('',#17251,#7436);
#6302=LINE('',#17253,#7437);
#6303=LINE('',#17255,#7438);
#6304=LINE('',#17257,#7439);
#6305=LINE('',#17259,#7440);
#6306=LINE('',#17261,#7441);
#6307=LINE('',#17263,#7442);
#6308=LINE('',#17284,#7443);
#6309=LINE('',#17285,#7444);
#6310=LINE('',#17287,#7445);
#6311=LINE('',#17288,#7446);
#6312=LINE('',#17290,#7447);
#6313=LINE('',#17293,#7448);
#6314=LINE('',#17294,#7449);
#6315=LINE('',#17296,#7450);
#6316=LINE('',#17315,#7451);
#6317=LINE('',#17316,#7452);
#6318=LINE('',#17318,#7453);
#6319=LINE('',#17320,#7454);
#6320=LINE('',#17322,#7455);
#6321=LINE('',#17324,#7456);
#6322=LINE('',#17325,#7457);
#6323=LINE('',#17327,#7458);
#6324=LINE('',#17329,#7459);
#6325=LINE('',#17331,#7460);
#6326=LINE('',#17333,#7461);
#6327=LINE('',#17335,#7462);
#6328=LINE('',#17336,#7463);
#6329=LINE('',#17340,#7464);
#6330=LINE('',#17341,#7465);
#6331=LINE('',#17345,#7466);
#6332=LINE('',#17349,#7467);
#6333=LINE('',#17351,#7468);
#6334=LINE('',#17354,#7469);
#6335=LINE('',#17355,#7470);
#6336=LINE('',#17357,#7471);
#6337=LINE('',#17359,#7472);
#6338=LINE('',#17360,#7473);
#6339=LINE('',#17362,#7474);
#6340=LINE('',#17363,#7475);
#6341=LINE('',#17365,#7476);
#6342=LINE('',#17367,#7477);
#6343=LINE('',#17377,#7478);
#6344=LINE('',#17378,#7479);
#6345=LINE('',#17380,#7480);
#6346=LINE('',#17382,#7481);
#6347=LINE('',#17384,#7482);
#6348=LINE('',#17385,#7483);
#6349=LINE('',#17387,#7484);
#6350=LINE('',#17389,#7485);
#6351=LINE('',#17391,#7486);
#6352=LINE('',#17393,#7487);
#6353=LINE('',#17395,#7488);
#6354=LINE('',#17398,#7489);
#6355=LINE('',#17401,#7490);
#6356=LINE('',#17403,#7491);
#6357=LINE('',#17405,#7492);
#6358=LINE('',#17406,#7493);
#6359=LINE('',#17408,#7494);
#6360=LINE('',#17410,#7495);
#6361=LINE('',#17412,#7496);
#6362=LINE('',#17413,#7497);
#6363=LINE('',#17415,#7498);
#6364=LINE('',#17417,#7499);
#6365=LINE('',#17418,#7500);
#6366=LINE('',#17420,#7501);
#6367=LINE('',#17421,#7502);
#6368=LINE('',#17422,#7503);
#6369=LINE('',#17424,#7504);
#6370=LINE('',#17426,#7505);
#6371=LINE('',#17428,#7506);
#6372=LINE('',#17430,#7507);
#6373=LINE('',#17431,#7508);
#6374=LINE('',#17432,#7509);
#6375=LINE('',#17436,#7510);
#6376=LINE('',#17439,#7511);
#6377=LINE('',#17444,#7512);
#6378=LINE('',#17448,#7513);
#6379=LINE('',#17450,#7514);
#6380=LINE('',#17452,#7515);
#6381=LINE('',#17454,#7516);
#6382=LINE('',#17456,#7517);
#6383=LINE('',#17458,#7518);
#6384=LINE('',#17460,#7519);
#6385=LINE('',#17461,#7520);
#6386=LINE('',#17463,#7521);
#6387=LINE('',#17465,#7522);
#6388=LINE('',#17467,#7523);
#6389=LINE('',#17469,#7524);
#6390=LINE('',#17473,#7525);
#6391=LINE('',#17475,#7526);
#6392=LINE('',#17477,#7527);
#6393=LINE('',#17501,#7528);
#6394=LINE('',#17503,#7529);
#6395=LINE('',#17505,#7530);
#6396=LINE('',#17507,#7531);
#6397=LINE('',#17508,#7532);
#6398=LINE('',#17510,#7533);
#6399=LINE('',#17512,#7534);
#6400=LINE('',#17513,#7535);
#6401=LINE('',#17515,#7536);
#6402=LINE('',#17516,#7537);
#6403=LINE('',#17533,#7538);
#6404=LINE('',#17552,#7539);
#6405=LINE('',#17555,#7540);
#6406=LINE('',#17573,#7541);
#6407=LINE('',#17585,#7542);
#6408=LINE('',#17587,#7543);
#6409=LINE('',#17589,#7544);
#6410=LINE('',#17591,#7545);
#6411=LINE('',#17593,#7546);
#6412=LINE('',#17595,#7547);
#6413=LINE('',#17597,#7548);
#6414=LINE('',#17599,#7549);
#6415=LINE('',#17600,#7550);
#6416=LINE('',#17602,#7551);
#6417=LINE('',#17605,#7552);
#6418=LINE('',#17610,#7553);
#6419=LINE('',#17615,#7554);
#6420=LINE('',#17617,#7555);
#6421=LINE('',#17620,#7556);
#6422=LINE('',#17622,#7557);
#6423=LINE('',#17623,#7558);
#6424=LINE('',#17625,#7559);
#6425=LINE('',#17626,#7560);
#6426=LINE('',#17628,#7561);
#6427=LINE('',#17630,#7562);
#6428=LINE('',#17633,#7563);
#6429=LINE('',#17652,#7564);
#6430=LINE('',#17653,#7565);
#6431=LINE('',#17655,#7566);
#6432=LINE('',#17656,#7567);
#6433=LINE('',#17658,#7568);
#6434=LINE('',#17660,#7569);
#6435=LINE('',#17662,#7570);
#6436=LINE('',#17663,#7571);
#6437=LINE('',#17665,#7572);
#6438=LINE('',#17706,#7573);
#6439=LINE('',#17709,#7574);
#6440=LINE('',#17711,#7575);
#6441=LINE('',#17713,#7576);
#6442=LINE('',#17715,#7577);
#6443=LINE('',#17721,#7578);
#6444=LINE('',#17729,#7579);
#6445=LINE('',#17731,#7580);
#6446=LINE('',#17733,#7581);
#6447=LINE('',#17735,#7582);
#6448=LINE('',#17737,#7583);
#6449=LINE('',#17771,#7584);
#6450=LINE('',#17773,#7585);
#6451=LINE('',#17774,#7586);
#6452=LINE('',#17776,#7587);
#6453=LINE('',#17778,#7588);
#6454=LINE('',#17780,#7589);
#6455=LINE('',#17782,#7590);
#6456=LINE('',#17783,#7591);
#6457=LINE('',#17785,#7592);
#6458=LINE('',#17787,#7593);
#6459=LINE('',#17789,#7594);
#6460=LINE('',#17791,#7595);
#6461=LINE('',#17793,#7596);
#6462=LINE('',#17794,#7597);
#6463=LINE('',#17798,#7598);
#6464=LINE('',#17800,#7599);
#6465=LINE('',#17802,#7600);
#6466=LINE('',#17804,#7601);
#6467=LINE('',#17806,#7602);
#6468=LINE('',#17808,#7603);
#6469=LINE('',#17810,#7604);
#6470=LINE('',#17811,#7605);
#6471=LINE('',#17813,#7606);
#6472=LINE('',#17824,#7607);
#6473=LINE('',#17826,#7608);
#6474=LINE('',#17836,#7609);
#6475=LINE('',#17838,#7610);
#6476=LINE('',#17841,#7611);
#6477=LINE('',#17843,#7612);
#6478=LINE('',#17845,#7613);
#6479=LINE('',#17847,#7614);
#6480=LINE('',#17849,#7615);
#6481=LINE('',#17851,#7616);
#6482=LINE('',#17853,#7617);
#6483=LINE('',#17854,#7618);
#6484=LINE('',#17856,#7619);
#6485=LINE('',#17858,#7620);
#6486=LINE('',#17861,#7621);
#6487=LINE('',#17863,#7622);
#6488=LINE('',#17865,#7623);
#6489=LINE('',#17867,#7624);
#6490=LINE('',#17870,#7625);
#6491=LINE('',#17872,#7626);
#6492=LINE('',#17873,#7627);
#6493=LINE('',#17876,#7628);
#6494=LINE('',#17877,#7629);
#6495=LINE('',#17886,#7630);
#6496=LINE('',#17890,#7631);
#6497=LINE('',#17894,#7632);
#6498=LINE('',#17896,#7633);
#6499=LINE('',#17899,#7634);
#6500=LINE('',#17901,#7635);
#6501=LINE('',#17903,#7636);
#6502=LINE('',#17905,#7637);
#6503=LINE('',#17908,#7638);
#6504=LINE('',#17911,#7639);
#6505=LINE('',#17913,#7640);
#6506=LINE('',#17914,#7641);
#6507=LINE('',#17917,#7642);
#6508=LINE('',#17919,#7643);
#6509=LINE('',#17921,#7644);
#6510=LINE('',#17923,#7645);
#6511=LINE('',#17925,#7646);
#6512=LINE('',#17926,#7647);
#6513=LINE('',#17928,#7648);
#6514=LINE('',#17930,#7649);
#6515=LINE('',#17932,#7650);
#6516=LINE('',#17935,#7651);
#6517=LINE('',#17937,#7652);
#6518=LINE('',#17939,#7653);
#6519=LINE('',#17941,#7654);
#6520=LINE('',#17943,#7655);
#6521=LINE('',#17946,#7656);
#6522=LINE('',#17950,#7657);
#6523=LINE('',#17954,#7658);
#6524=LINE('',#17955,#7659);
#6525=LINE('',#17957,#7660);
#6526=LINE('',#17960,#7661);
#6527=LINE('',#17961,#7662);
#6528=LINE('',#17963,#7663);
#6529=LINE('',#17965,#7664);
#6530=LINE('',#17967,#7665);
#6531=LINE('',#17970,#7666);
#6532=LINE('',#17972,#7667);
#6533=LINE('',#17976,#7668);
#6534=LINE('',#17978,#7669);
#6535=LINE('',#17981,#7670);
#6536=LINE('',#17982,#7671);
#6537=LINE('',#17984,#7672);
#6538=LINE('',#17987,#7673);
#6539=LINE('',#18001,#7674);
#6540=LINE('',#18014,#7675);
#6541=LINE('',#18024,#7676);
#6542=LINE('',#18026,#7677);
#6543=LINE('',#18027,#7678);
#6544=LINE('',#18030,#7679);
#6545=LINE('',#18032,#7680);
#6546=LINE('',#18036,#7681);
#6547=LINE('',#18038,#7682);
#6548=LINE('',#18040,#7683);
#6549=LINE('',#18042,#7684);
#6550=LINE('',#18043,#7685);
#6551=LINE('',#18045,#7686);
#6552=LINE('',#18047,#7687);
#6553=LINE('',#18049,#7688);
#6554=LINE('',#18051,#7689);
#6555=LINE('',#18053,#7690);
#6556=LINE('',#18089,#7691);
#6557=LINE('',#18091,#7692);
#6558=LINE('',#18093,#7693);
#6559=LINE('',#18096,#7694);
#6560=LINE('',#18098,#7695);
#6561=LINE('',#18100,#7696);
#6562=LINE('',#18104,#7697);
#6563=LINE('',#18106,#7698);
#6564=LINE('',#18108,#7699);
#6565=LINE('',#18111,#7700);
#6566=LINE('',#18112,#7701);
#6567=LINE('',#18114,#7702);
#6568=LINE('',#18116,#7703);
#6569=LINE('',#18118,#7704);
#6570=LINE('',#18122,#7705);
#6571=LINE('',#18124,#7706);
#6572=LINE('',#18125,#7707);
#6573=LINE('',#18126,#7708);
#6574=LINE('',#18128,#7709);
#6575=LINE('',#18129,#7710);
#6576=LINE('',#18131,#7711);
#6577=LINE('',#18132,#7712);
#6578=LINE('',#18167,#7713);
#6579=LINE('',#18170,#7714);
#6580=LINE('',#18198,#7715);
#6581=LINE('',#18200,#7716);
#6582=LINE('',#18202,#7717);
#6583=LINE('',#18204,#7718);
#6584=LINE('',#18206,#7719);
#6585=LINE('',#18208,#7720);
#6586=LINE('',#18239,#7721);
#6587=LINE('',#18242,#7722);
#6588=LINE('',#18244,#7723);
#6589=LINE('',#18246,#7724);
#6590=LINE('',#18248,#7725);
#6591=LINE('',#18250,#7726);
#6592=LINE('',#18253,#7727);
#6593=LINE('',#18257,#7728);
#6594=LINE('',#18259,#7729);
#6595=LINE('',#18277,#7730);
#6596=LINE('',#18280,#7731);
#6597=LINE('',#18282,#7732);
#6598=LINE('',#18284,#7733);
#6599=LINE('',#18286,#7734);
#6600=LINE('',#18287,#7735);
#6601=LINE('',#18289,#7736);
#6602=LINE('',#18291,#7737);
#6603=LINE('',#18293,#7738);
#6604=LINE('',#18294,#7739);
#6605=LINE('',#18296,#7740);
#6606=LINE('',#18298,#7741);
#6607=LINE('',#18299,#7742);
#6608=LINE('',#18300,#7743);
#6609=LINE('',#18301,#7744);
#6610=LINE('',#18302,#7745);
#6611=LINE('',#18303,#7746);
#6612=LINE('',#18305,#7747);
#6613=LINE('',#18309,#7748);
#6614=LINE('',#18312,#7749);
#6615=LINE('',#18314,#7750);
#6616=LINE('',#18315,#7751);
#6617=LINE('',#18361,#7752);
#6618=LINE('',#18363,#7753);
#6619=LINE('',#18366,#7754);
#6620=LINE('',#18367,#7755);
#6621=LINE('',#18370,#7756);
#6622=LINE('',#18371,#7757);
#6623=LINE('',#18373,#7758);
#6624=LINE('',#18375,#7759);
#6625=LINE('',#18376,#7760);
#6626=LINE('',#18377,#7761);
#6627=LINE('',#18378,#7762);
#6628=LINE('',#18379,#7763);
#6629=LINE('',#18380,#7764);
#6630=LINE('',#18381,#7765);
#6631=LINE('',#18383,#7766);
#6632=LINE('',#18384,#7767);
#6633=LINE('',#18386,#7768);
#6634=LINE('',#18388,#7769);
#6635=LINE('',#18390,#7770);
#6636=LINE('',#18398,#7771);
#6637=LINE('',#18399,#7772);
#6638=LINE('',#18400,#7773);
#6639=LINE('',#18401,#7774);
#6640=LINE('',#18435,#7775);
#6641=LINE('',#18439,#7776);
#6642=LINE('',#18509,#7777);
#6643=LINE('',#18514,#7778);
#6644=LINE('',#18518,#7779);
#6645=LINE('',#18520,#7780);
#6646=LINE('',#18522,#7781);
#6647=LINE('',#18532,#7782);
#6648=LINE('',#18541,#7783);
#6649=LINE('',#18546,#7784);
#6650=LINE('',#18553,#7785);
#6651=LINE('',#18557,#7786);
#6652=LINE('',#18562,#7787);
#6653=LINE('',#18566,#7788);
#6654=LINE('',#18568,#7789);
#6655=LINE('',#18573,#7790);
#6656=LINE('',#18577,#7791);
#6657=LINE('',#18582,#7792);
#6658=LINE('',#18586,#7793);
#6659=LINE('',#18589,#7794);
#6660=LINE('',#18591,#7795);
#6661=LINE('',#18593,#7796);
#6662=LINE('',#18595,#7797);
#6663=LINE('',#18597,#7798);
#6664=LINE('',#18601,#7799);
#6665=LINE('',#18605,#7800);
#6666=LINE('',#18609,#7801);
#6667=LINE('',#18613,#7802);
#6668=LINE('',#18615,#7803);
#6669=LINE('',#18617,#7804);
#6670=LINE('',#18619,#7805);
#6671=LINE('',#18622,#7806);
#6672=LINE('',#18624,#7807);
#6673=LINE('',#18626,#7808);
#6674=LINE('',#18628,#7809);
#6675=LINE('',#18637,#7810);
#6676=LINE('',#18641,#7811);
#6677=LINE('',#18643,#7812);
#6678=LINE('',#18648,#7813);
#6679=LINE('',#18652,#7814);
#6680=LINE('',#18654,#7815);
#6681=LINE('',#18658,#7816);
#6682=LINE('',#18663,#7817);
#6683=LINE('',#18672,#7818);
#6684=LINE('',#18674,#7819);
#6685=LINE('',#18676,#7820);
#6686=LINE('',#18681,#7821);
#6687=LINE('',#18685,#7822);
#6688=LINE('',#18687,#7823);
#6689=LINE('',#18692,#7824);
#6690=LINE('',#18696,#7825);
#6691=LINE('',#18701,#7826);
#6692=LINE('',#18703,#7827);
#6693=LINE('',#18705,#7828);
#6694=LINE('',#18707,#7829);
#6695=LINE('',#18709,#7830);
#6696=LINE('',#18711,#7831);
#6697=LINE('',#18716,#7832);
#6698=LINE('',#18720,#7833);
#6699=LINE('',#18723,#7834);
#6700=LINE('',#18725,#7835);
#6701=LINE('',#18727,#7836);
#6702=LINE('',#18729,#7837);
#6703=LINE('',#18734,#7838);
#6704=LINE('',#18738,#7839);
#6705=LINE('',#18739,#7840);
#6706=LINE('',#18743,#7841);
#6707=LINE('',#18745,#7842);
#6708=LINE('',#18750,#7843);
#6709=LINE('',#18757,#7844);
#6710=LINE('',#18761,#7845);
#6711=LINE('',#18763,#7846);
#6712=LINE('',#18768,#7847);
#6713=LINE('',#18772,#7848);
#6714=LINE('',#18775,#7849);
#6715=LINE('',#18777,#7850);
#6716=LINE('',#18781,#7851);
#6717=LINE('',#18783,#7852);
#6718=LINE('',#18791,#7853);
#6719=LINE('',#18795,#7854);
#6720=LINE('',#18797,#7855);
#6721=LINE('',#18800,#7856);
#6722=LINE('',#18802,#7857);
#6723=LINE('',#18804,#7858);
#6724=LINE('',#18806,#7859);
#6725=LINE('',#18811,#7860);
#6726=LINE('',#18817,#7861);
#6727=LINE('',#18821,#7862);
#6728=LINE('',#18824,#7863);
#6729=LINE('',#18826,#7864);
#6730=LINE('',#18830,#7865);
#6731=LINE('',#18834,#7866);
#6732=LINE('',#18837,#7867);
#6733=LINE('',#18839,#7868);
#6734=LINE('',#18841,#7869);
#6735=LINE('',#18843,#7870);
#6736=LINE('',#18845,#7871);
#6737=LINE('',#18849,#7872);
#6738=LINE('',#18853,#7873);
#6739=LINE('',#18857,#7874);
#6740=LINE('',#18859,#7875);
#6741=LINE('',#18861,#7876);
#6742=LINE('',#18863,#7877);
#6743=LINE('',#18866,#7878);
#6744=LINE('',#18868,#7879);
#6745=LINE('',#18872,#7880);
#6746=LINE('',#18876,#7881);
#6747=LINE('',#18881,#7882);
#6748=LINE('',#18885,#7883);
#6749=LINE('',#18889,#7884);
#6750=LINE('',#18891,#7885);
#6751=LINE('',#18892,#7886);
#6752=LINE('',#18893,#7887);
#6753=LINE('',#18897,#7888);
#6754=LINE('',#18898,#7889);
#6755=LINE('',#18903,#7890);
#6756=LINE('',#18905,#7891);
#6757=LINE('',#18906,#7892);
#6758=LINE('',#18907,#7893);
#6759=LINE('',#18909,#7894);
#6760=LINE('',#18913,#7895);
#6761=LINE('',#18919,#7896);
#6762=LINE('',#18924,#7897);
#6763=LINE('',#18928,#7898);
#6764=LINE('',#18933,#7899);
#6765=LINE('',#18935,#7900);
#6766=LINE('',#18937,#7901);
#6767=LINE('',#18939,#7902);
#6768=LINE('',#18943,#7903);
#6769=LINE('',#18945,#7904);
#6770=LINE('',#18947,#7905);
#6771=LINE('',#18949,#7906);
#6772=LINE('',#18951,#7907);
#6773=LINE('',#18955,#7908);
#6774=LINE('',#18957,#7909);
#6775=LINE('',#18959,#7910);
#6776=LINE('',#18963,#7911);
#6777=LINE('',#18965,#7912);
#6778=LINE('',#18969,#7913);
#6779=LINE('',#18976,#7914);
#6780=LINE('',#18980,#7915);
#6781=LINE('',#18982,#7916);
#6782=LINE('',#18987,#7917);
#6783=LINE('',#18991,#7918);
#6784=LINE('',#18996,#7919);
#6785=LINE('',#19000,#7920);
#6786=LINE('',#19002,#7921);
#6787=LINE('',#19004,#7922);
#6788=LINE('',#19007,#7923);
#6789=LINE('',#19009,#7924);
#6790=LINE('',#19011,#7925);
#6791=LINE('',#19013,#7926);
#6792=LINE('',#19017,#7927);
#6793=LINE('',#19019,#7928);
#6794=LINE('',#19021,#7929);
#6795=LINE('',#19025,#7930);
#6796=LINE('',#19027,#7931);
#6797=LINE('',#19029,#7932);
#6798=LINE('',#19033,#7933);
#6799=LINE('',#19034,#7934);
#6800=LINE('',#19035,#7935);
#6801=LINE('',#19037,#7936);
#6802=LINE('',#19039,#7937);
#6803=LINE('',#19043,#7938);
#6804=LINE('',#19047,#7939);
#6805=LINE('',#19051,#7940);
#6806=LINE('',#19053,#7941);
#6807=LINE('',#19055,#7942);
#6808=LINE('',#19056,#7943);
#6809=LINE('',#19058,#7944);
#6810=LINE('',#19060,#7945);
#6811=LINE('',#19061,#7946);
#6812=LINE('',#19065,#7947);
#6813=LINE('',#19071,#7948);
#6814=LINE('',#19073,#7949);
#6815=LINE('',#19074,#7950);
#6816=LINE('',#19078,#7951);
#6817=LINE('',#19080,#7952);
#6818=LINE('',#19082,#7953);
#6819=LINE('',#19084,#7954);
#6820=LINE('',#19085,#7955);
#6821=LINE('',#19089,#7956);
#6822=LINE('',#19090,#7957);
#6823=LINE('',#19092,#7958);
#6824=LINE('',#19094,#7959);
#6825=LINE('',#19099,#7960);
#6826=LINE('',#19100,#7961);
#6827=LINE('',#19104,#7962);
#6828=LINE('',#19108,#7963);
#6829=LINE('',#19109,#7964);
#6830=LINE('',#19111,#7965);
#6831=LINE('',#19116,#7966);
#6832=LINE('',#19122,#7967);
#6833=LINE('',#19126,#7968);
#6834=LINE('',#19128,#7969);
#6835=LINE('',#19130,#7970);
#6836=LINE('',#19132,#7971);
#6837=LINE('',#19134,#7972);
#6838=LINE('',#19137,#7973);
#6839=LINE('',#19139,#7974);
#6840=LINE('',#19141,#7975);
#6841=LINE('',#19143,#7976);
#6842=LINE('',#19146,#7977);
#6843=LINE('',#19148,#7978);
#6844=LINE('',#19150,#7979);
#6845=LINE('',#19155,#7980);
#6846=LINE('',#19160,#7981);
#6847=LINE('',#19164,#7982);
#6848=LINE('',#19169,#7983);
#6849=LINE('',#19175,#7984);
#6850=LINE('',#19179,#7985);
#6851=LINE('',#19181,#7986);
#6852=LINE('',#19186,#7987);
#6853=LINE('',#19191,#7988);
#6854=LINE('',#19195,#7989);
#6855=LINE('',#19197,#7990);
#6856=LINE('',#19199,#7991);
#6857=LINE('',#19201,#7992);
#6858=LINE('',#19202,#7993);
#6859=LINE('',#19206,#7994);
#6860=LINE('',#19208,#7995);
#6861=LINE('',#19210,#7996);
#6862=LINE('',#19212,#7997);
#6863=LINE('',#19217,#7998);
#6864=LINE('',#19221,#7999);
#6865=LINE('',#19226,#8000);
#6866=LINE('',#19232,#8001);
#6867=LINE('',#19235,#8002);
#6868=LINE('',#19236,#8003);
#6869=LINE('',#19241,#8004);
#6870=LINE('',#19242,#8005);
#6871=LINE('',#19244,#8006);
#6872=LINE('',#19249,#8007);
#6873=LINE('',#19253,#8008);
#6874=LINE('',#19256,#8009);
#6875=LINE('',#19258,#8010);
#6876=LINE('',#19260,#8011);
#6877=LINE('',#19262,#8012);
#6878=LINE('',#19264,#8013);
#6879=LINE('',#19266,#8014);
#6880=LINE('',#19271,#8015);
#6881=LINE('',#19275,#8016);
#6882=LINE('',#19277,#8017);
#6883=LINE('',#19279,#8018);
#6884=LINE('',#19281,#8019);
#6885=LINE('',#19283,#8020);
#6886=LINE('',#19289,#8021);
#6887=LINE('',#19294,#8022);
#6888=LINE('',#19298,#8023);
#6889=LINE('',#19301,#8024);
#6890=LINE('',#19303,#8025);
#6891=LINE('',#19304,#8026);
#6892=LINE('',#19306,#8027);
#6893=LINE('',#19307,#8028);
#6894=LINE('',#19309,#8029);
#6895=LINE('',#19314,#8030);
#6896=LINE('',#19320,#8031);
#6897=LINE('',#19324,#8032);
#6898=LINE('',#19326,#8033);
#6899=LINE('',#19328,#8034);
#6900=LINE('',#19331,#8035);
#6901=LINE('',#19332,#8036);
#6902=LINE('',#19334,#8037);
#6903=LINE('',#19337,#8038);
#6904=LINE('',#19339,#8039);
#6905=LINE('',#19341,#8040);
#6906=LINE('',#19346,#8041);
#6907=LINE('',#19348,#8042);
#6908=LINE('',#19350,#8043);
#6909=LINE('',#19351,#8044);
#6910=LINE('',#19359,#8045);
#6911=LINE('',#19360,#8046);
#6912=LINE('',#19361,#8047);
#6913=LINE('',#19364,#8048);
#6914=LINE('',#19365,#8049);
#6915=LINE('',#19371,#8050);
#6916=LINE('',#19374,#8051);
#6917=LINE('',#19376,#8052);
#6918=LINE('',#19377,#8053);
#6919=LINE('',#19378,#8054);
#6920=LINE('',#19379,#8055);
#6921=LINE('',#19382,#8056);
#6922=LINE('',#19383,#8057);
#6923=LINE('',#19385,#8058);
#6924=LINE('',#19386,#8059);
#6925=LINE('',#19387,#8060);
#6926=LINE('',#19388,#8061);
#6927=LINE('',#19389,#8062);
#6928=LINE('',#19391,#8063);
#6929=LINE('',#19392,#8064);
#6930=LINE('',#19393,#8065);
#6931=LINE('',#19394,#8066);
#6932=LINE('',#19398,#8067);
#6933=LINE('',#19400,#8068);
#6934=LINE('',#19401,#8069);
#6935=LINE('',#19403,#8070);
#6936=LINE('',#19405,#8071);
#6937=LINE('',#19407,#8072);
#6938=LINE('',#19409,#8073);
#6939=LINE('',#19411,#8074);
#6940=LINE('',#19413,#8075);
#6941=LINE('',#19415,#8076);
#6942=LINE('',#19417,#8077);
#6943=LINE('',#19422,#8078);
#6944=LINE('',#19426,#8079);
#6945=LINE('',#19428,#8080);
#6946=LINE('',#19430,#8081);
#6947=LINE('',#19431,#8082);
#6948=LINE('',#19432,#8083);
#6949=LINE('',#19433,#8084);
#6950=LINE('',#19435,#8085);
#6951=LINE('',#19437,#8086);
#6952=LINE('',#19439,#8087);
#6953=LINE('',#19441,#8088);
#6954=LINE('',#19443,#8089);
#6955=LINE('',#19447,#8090);
#6956=LINE('',#19449,#8091);
#6957=LINE('',#19453,#8092);
#6958=LINE('',#19454,#8093);
#6959=LINE('',#19458,#8094);
#6960=LINE('',#19459,#8095);
#6961=LINE('',#19463,#8096);
#6962=LINE('',#19464,#8097);
#6963=LINE('',#19469,#8098);
#6964=LINE('',#19476,#8099);
#6965=LINE('',#19477,#8100);
#6966=LINE('',#19479,#8101);
#6967=LINE('',#19481,#8102);
#6968=LINE('',#19483,#8103);
#6969=LINE('',#19485,#8104);
#6970=LINE('',#19487,#8105);
#6971=LINE('',#19491,#8106);
#6972=LINE('',#19494,#8107);
#6973=LINE('',#19496,#8108);
#6974=LINE('',#19498,#8109);
#6975=LINE('',#19500,#8110);
#6976=LINE('',#19502,#8111);
#6977=LINE('',#19504,#8112);
#6978=LINE('',#19506,#8113);
#6979=LINE('',#19508,#8114);
#6980=LINE('',#19510,#8115);
#6981=LINE('',#19516,#8116);
#6982=LINE('',#19520,#8117);
#6983=LINE('',#19522,#8118);
#6984=LINE('',#19527,#8119);
#6985=LINE('',#19528,#8120);
#6986=LINE('',#19529,#8121);
#6987=LINE('',#19531,#8122);
#6988=LINE('',#19532,#8123);
#6989=LINE('',#19534,#8124);
#6990=LINE('',#19536,#8125);
#6991=LINE('',#19538,#8126);
#6992=LINE('',#19542,#8127);
#6993=LINE('',#19544,#8128);
#6994=LINE('',#19546,#8129);
#6995=LINE('',#19547,#8130);
#6996=LINE('',#19549,#8131);
#6997=LINE('',#19557,#8132);
#6998=LINE('',#19559,#8133);
#6999=LINE('',#19564,#8134);
#7000=LINE('',#19566,#8135);
#7001=LINE('',#19569,#8136);
#7002=LINE('',#19573,#8137);
#7003=LINE('',#19575,#8138);
#7004=LINE('',#19577,#8139);
#7005=LINE('',#19579,#8140);
#7006=LINE('',#19580,#8141);
#7007=LINE('',#19582,#8142);
#7008=LINE('',#19586,#8143);
#7009=LINE('',#19592,#8144);
#7010=LINE('',#19594,#8145);
#7011=LINE('',#19597,#8146);
#7012=LINE('',#19599,#8147);
#7013=LINE('',#19602,#8148);
#7014=LINE('',#19605,#8149);
#7015=LINE('',#19613,#8150);
#7016=LINE('',#19616,#8151);
#7017=LINE('',#19618,#8152);
#7018=LINE('',#19622,#8153);
#7019=LINE('',#19624,#8154);
#7020=LINE('',#19626,#8155);
#7021=LINE('',#19631,#8156);
#7022=LINE('',#19634,#8157);
#7023=LINE('',#19637,#8158);
#7024=LINE('',#19639,#8159);
#7025=LINE('',#19641,#8160);
#7026=LINE('',#19642,#8161);
#7027=LINE('',#19643,#8162);
#7028=LINE('',#19645,#8163);
#7029=LINE('',#19649,#8164);
#7030=LINE('',#19656,#8165);
#7031=LINE('',#19657,#8166);
#7032=LINE('',#19659,#8167);
#7033=LINE('',#19660,#8168);
#7034=LINE('',#19662,#8169);
#7035=LINE('',#19663,#8170);
#7036=LINE('',#19665,#8171);
#7037=LINE('',#19672,#8172);
#7038=LINE('',#19678,#8173);
#7039=LINE('',#19679,#8174);
#7040=LINE('',#19682,#8175);
#7041=LINE('',#19688,#8176);
#7042=LINE('',#19690,#8177);
#7043=LINE('',#19692,#8178);
#7044=LINE('',#19693,#8179);
#7045=LINE('',#19698,#8180);
#7046=LINE('',#19699,#8181);
#7047=LINE('',#19700,#8182);
#7048=LINE('',#19704,#8183);
#7049=LINE('',#19707,#8184);
#7050=LINE('',#19711,#8185);
#7051=LINE('',#19722,#8186);
#7052=LINE('',#19724,#8187);
#7053=LINE('',#19727,#8188);
#7054=LINE('',#19730,#8189);
#7055=LINE('',#19732,#8190);
#7056=LINE('',#19735,#8191);
#7057=LINE('',#19737,#8192);
#7058=LINE('',#19741,#8193);
#7059=LINE('',#19743,#8194);
#7060=LINE('',#19751,#8195);
#7061=LINE('',#19752,#8196);
#7062=LINE('',#19754,#8197);
#7063=LINE('',#19756,#8198);
#7064=LINE('',#19757,#8199);
#7065=LINE('',#19758,#8200);
#7066=LINE('',#19767,#8201);
#7067=LINE('',#19769,#8202);
#7068=LINE('',#19784,#8203);
#7069=VECTOR('',#13184,1000.);
#7070=VECTOR('',#13185,1000.);
#7071=VECTOR('',#13186,1000.);
#7072=VECTOR('',#13187,1000.);
#7073=VECTOR('',#13190,1000.);
#7074=VECTOR('',#13191,1000.);
#7075=VECTOR('',#13192,1000.);
#7076=VECTOR('',#13193,1000.);
#7077=VECTOR('',#13196,1000.);
#7078=VECTOR('',#13197,1000.);
#7079=VECTOR('',#13198,1000.);
#7080=VECTOR('',#13199,1000.);
#7081=VECTOR('',#13204,1000.);
#7082=VECTOR('',#13207,1000.);
#7083=VECTOR('',#13210,1000.);
#7084=VECTOR('',#13211,1000.);
#7085=VECTOR('',#13212,1000.);
#7086=VECTOR('',#13213,1000.);
#7087=VECTOR('',#13216,1000.);
#7088=VECTOR('',#13217,1000.);
#7089=VECTOR('',#13218,1000.);
#7090=VECTOR('',#13219,1000.);
#7091=VECTOR('',#13222,1000.);
#7092=VECTOR('',#13225,1000.);
#7093=VECTOR('',#13230,1000.);
#7094=VECTOR('',#13231,1000.);
#7095=VECTOR('',#13232,1000.);
#7096=VECTOR('',#13233,1000.);
#7097=VECTOR('',#13236,1000.);
#7098=VECTOR('',#13237,1000.);
#7099=VECTOR('',#13238,1000.);
#7100=VECTOR('',#13239,1000.);
#7101=VECTOR('',#13242,1000.);
#7102=VECTOR('',#13243,1000.);
#7103=VECTOR('',#13244,1000.);
#7104=VECTOR('',#13245,1000.);
#7105=VECTOR('',#13248,1000.);
#7106=VECTOR('',#13249,1000.);
#7107=VECTOR('',#13250,1000.);
#7108=VECTOR('',#13251,1000.);
#7109=VECTOR('',#13254,1000.);
#7110=VECTOR('',#13255,1000.);
#7111=VECTOR('',#13256,1000.);
#7112=VECTOR('',#13257,1000.);
#7113=VECTOR('',#13260,1000.);
#7114=VECTOR('',#13261,1000.);
#7115=VECTOR('',#13262,1000.);
#7116=VECTOR('',#13263,1000.);
#7117=VECTOR('',#13268,1000.);
#7118=VECTOR('',#13271,1000.);
#7119=VECTOR('',#13280,1000.);
#7120=VECTOR('',#13281,1000.);
#7121=VECTOR('',#13282,1000.);
#7122=VECTOR('',#13283,1000.);
#7123=VECTOR('',#13286,1000.);
#7124=VECTOR('',#13287,1000.);
#7125=VECTOR('',#13288,1000.);
#7126=VECTOR('',#13291,1000.);
#7127=VECTOR('',#13292,1000.);
#7128=VECTOR('',#13293,1000.);
#7129=VECTOR('',#13294,1000.);
#7130=VECTOR('',#13303,1000.);
#7131=VECTOR('',#13304,1000.);
#7132=VECTOR('',#13305,1000.);
#7133=VECTOR('',#13306,1000.);
#7134=VECTOR('',#13307,1000.);
#7135=VECTOR('',#13310,1000.);
#7136=VECTOR('',#13311,1000.);
#7137=VECTOR('',#13312,1000.);
#7138=VECTOR('',#13313,1000.);
#7139=VECTOR('',#13316,1000.);
#7140=VECTOR('',#13317,1000.);
#7141=VECTOR('',#13318,1000.);
#7142=VECTOR('',#13319,1000.);
#7143=VECTOR('',#13322,1000.);
#7144=VECTOR('',#13323,1000.);
#7145=VECTOR('',#13324,1000.);
#7146=VECTOR('',#13325,1000.);
#7147=VECTOR('',#13328,1000.);
#7148=VECTOR('',#13329,1000.);
#7149=VECTOR('',#13330,1000.);
#7150=VECTOR('',#13331,1000.);
#7151=VECTOR('',#13332,1000.);
#7152=VECTOR('',#13333,1000.);
#7153=VECTOR('',#13334,1000.);
#7154=VECTOR('',#13335,1000.);
#7155=VECTOR('',#13338,1000.);
#7156=VECTOR('',#13339,1000.);
#7157=VECTOR('',#13340,1000.);
#7158=VECTOR('',#13343,1000.);
#7159=VECTOR('',#13344,1000.);
#7160=VECTOR('',#13345,1000.);
#7161=VECTOR('',#13346,1000.);
#7162=VECTOR('',#13349,1000.);
#7163=VECTOR('',#13352,1000.);
#7164=VECTOR('',#13357,1000.);
#7165=VECTOR('',#13358,1000.);
#7166=VECTOR('',#13359,1000.);
#7167=VECTOR('',#13360,1000.);
#7168=VECTOR('',#13363,1000.);
#7169=VECTOR('',#13364,1000.);
#7170=VECTOR('',#13365,1000.);
#7171=VECTOR('',#13370,1000.);
#7172=VECTOR('',#13373,1000.);
#7173=VECTOR('',#13376,1000.);
#7174=VECTOR('',#13377,1000.);
#7175=VECTOR('',#13378,1000.);
#7176=VECTOR('',#13379,1000.);
#7177=VECTOR('',#13382,1000.);
#7178=VECTOR('',#13383,1000.);
#7179=VECTOR('',#13384,1000.);
#7180=VECTOR('',#13385,1000.);
#7181=VECTOR('',#13390,1000.);
#7182=VECTOR('',#13393,1000.);
#7183=VECTOR('',#13394,1000.);
#7184=VECTOR('',#13395,1000.);
#7185=VECTOR('',#13398,1000.);
#7186=VECTOR('',#13399,1000.);
#7187=VECTOR('',#13400,1000.);
#7188=VECTOR('',#13401,1000.);
#7189=VECTOR('',#13404,1000.);
#7190=VECTOR('',#13405,1000.);
#7191=VECTOR('',#13406,1000.);
#7192=VECTOR('',#13409,1000.);
#7193=VECTOR('',#13412,1000.);
#7194=VECTOR('',#13417,1000.);
#7195=VECTOR('',#13418,1000.);
#7196=VECTOR('',#13419,1000.);
#7197=VECTOR('',#13420,1000.);
#7198=VECTOR('',#13425,1000.);
#7199=VECTOR('',#13428,1000.);
#7200=VECTOR('',#13431,1000.);
#7201=VECTOR('',#13432,1000.);
#7202=VECTOR('',#13433,1000.);
#7203=VECTOR('',#13434,1000.);
#7204=VECTOR('',#13439,1000.);
#7205=VECTOR('',#13442,1000.);
#7206=VECTOR('',#13445,1000.);
#7207=VECTOR('',#13446,1000.);
#7208=VECTOR('',#13447,1000.);
#7209=VECTOR('',#13448,1000.);
#7210=VECTOR('',#13451,1000.);
#7211=VECTOR('',#13452,1000.);
#7212=VECTOR('',#13453,1000.);
#7213=VECTOR('',#13454,1000.);
#7214=VECTOR('',#13455,1000.);
#7215=VECTOR('',#13460,1000.);
#7216=VECTOR('',#13463,1000.);
#7217=VECTOR('',#13468,1000.);
#7218=VECTOR('',#13471,1000.);
#7219=VECTOR('',#13476,1000.);
#7220=VECTOR('',#13477,1000.);
#7221=VECTOR('',#13480,1000.);
#7222=VECTOR('',#13481,1000.);
#7223=VECTOR('',#13482,1000.);
#7224=VECTOR('',#13483,1000.);
#7225=VECTOR('',#13486,1000.);
#7226=VECTOR('',#13487,1000.);
#7227=VECTOR('',#13488,1000.);
#7228=VECTOR('',#13491,1000.);
#7229=VECTOR('',#13492,1000.);
#7230=VECTOR('',#13493,1000.);
#7231=VECTOR('',#13494,1000.);
#7232=VECTOR('',#13497,1000.);
#7233=VECTOR('',#13498,1000.);
#7234=VECTOR('',#13499,1000.);
#7235=VECTOR('',#13500,1000.);
#7236=VECTOR('',#13501,1000.);
#7237=VECTOR('',#13502,1000.);
#7238=VECTOR('',#13503,1000.);
#7239=VECTOR('',#13504,1000.);
#7240=VECTOR('',#13505,1000.);
#7241=VECTOR('',#13506,1000.);
#7242=VECTOR('',#13507,1000.);
#7243=VECTOR('',#13508,1000.);
#7244=VECTOR('',#13509,1000.);
#7245=VECTOR('',#13510,1000.);
#7246=VECTOR('',#13511,1000.);
#7247=VECTOR('',#13512,1000.);
#7248=VECTOR('',#13513,1000.);
#7249=VECTOR('',#13514,1000.);
#7250=VECTOR('',#13515,1000.);
#7251=VECTOR('',#13516,1000.);
#7252=VECTOR('',#13517,1000.);
#7253=VECTOR('',#13518,1000.);
#7254=VECTOR('',#13519,1000.);
#7255=VECTOR('',#13520,1000.);
#7256=VECTOR('',#13521,1000.);
#7257=VECTOR('',#13522,1000.);
#7258=VECTOR('',#13523,1000.);
#7259=VECTOR('',#13524,1000.);
#7260=VECTOR('',#13525,1000.);
#7261=VECTOR('',#13526,1000.);
#7262=VECTOR('',#13527,1000.);
#7263=VECTOR('',#13528,1000.);
#7264=VECTOR('',#13529,1000.);
#7265=VECTOR('',#13530,1000.);
#7266=VECTOR('',#13531,1000.);
#7267=VECTOR('',#13532,1000.);
#7268=VECTOR('',#13533,1000.);
#7269=VECTOR('',#13534,1000.);
#7270=VECTOR('',#13535,1000.);
#7271=VECTOR('',#13536,1000.);
#7272=VECTOR('',#13537,1000.);
#7273=VECTOR('',#13538,1000.);
#7274=VECTOR('',#13539,1000.);
#7275=VECTOR('',#13540,1000.);
#7276=VECTOR('',#13541,1000.);
#7277=VECTOR('',#13542,1000.);
#7278=VECTOR('',#13543,1000.);
#7279=VECTOR('',#13544,1000.);
#7280=VECTOR('',#13545,1000.);
#7281=VECTOR('',#13546,1000.);
#7282=VECTOR('',#13547,1000.);
#7283=VECTOR('',#13548,1000.);
#7284=VECTOR('',#13549,1000.);
#7285=VECTOR('',#13550,1000.);
#7286=VECTOR('',#13551,1000.);
#7287=VECTOR('',#13554,1000.);
#7288=VECTOR('',#13555,1000.);
#7289=VECTOR('',#13556,1000.);
#7290=VECTOR('',#13559,1000.);
#7291=VECTOR('',#13560,1000.);
#7292=VECTOR('',#13561,1000.);
#7293=VECTOR('',#13562,1000.);
#7294=VECTOR('',#13565,1000.);
#7295=VECTOR('',#13566,1000.);
#7296=VECTOR('',#13567,1000.);
#7297=VECTOR('',#13570,1000.);
#7298=VECTOR('',#13571,1000.);
#7299=VECTOR('',#13572,1000.);
#7300=VECTOR('',#13573,1000.);
#7301=VECTOR('',#13578,1000.);
#7302=VECTOR('',#13579,1000.);
#7303=VECTOR('',#13580,1000.);
#7304=VECTOR('',#13581,1000.);
#7305=VECTOR('',#13582,1000.);
#7306=VECTOR('',#13583,1000.);
#7307=VECTOR('',#13588,1000.);
#7308=VECTOR('',#13591,1000.);
#7309=VECTOR('',#13600,1000.);
#7310=VECTOR('',#13601,1000.);
#7311=VECTOR('',#13602,1000.);
#7312=VECTOR('',#13605,1000.);
#7313=VECTOR('',#13606,1000.);
#7314=VECTOR('',#13607,1000.);
#7315=VECTOR('',#13608,1000.);
#7316=VECTOR('',#13611,1000.);
#7317=VECTOR('',#13612,1000.);
#7318=VECTOR('',#13613,1000.);
#7319=VECTOR('',#13614,1000.);
#7320=VECTOR('',#13615,1000.);
#7321=VECTOR('',#13616,1000.);
#7322=VECTOR('',#13617,1000.);
#7323=VECTOR('',#13618,1000.);
#7324=VECTOR('',#13619,1000.);
#7325=VECTOR('',#13622,1000.);
#7326=VECTOR('',#13623,1000.);
#7327=VECTOR('',#13624,1000.);
#7328=VECTOR('',#13625,1000.);
#7329=VECTOR('',#13628,1000.);
#7330=VECTOR('',#13631,1000.);
#7331=VECTOR('',#13632,1000.);
#7332=VECTOR('',#13635,1000.);
#7333=VECTOR('',#13636,1000.);
#7334=VECTOR('',#13637,1000.);
#7335=VECTOR('',#13638,1000.);
#7336=VECTOR('',#13643,1000.);
#7337=VECTOR('',#13644,1000.);
#7338=VECTOR('',#13647,1000.);
#7339=VECTOR('',#13648,1000.);
#7340=VECTOR('',#13651,1000.);
#7341=VECTOR('',#13652,1000.);
#7342=VECTOR('',#13653,1000.);
#7343=VECTOR('',#13654,1000.);
#7344=VECTOR('',#13657,1000.);
#7345=VECTOR('',#13658,1000.);
#7346=VECTOR('',#13659,1000.);
#7347=VECTOR('',#13660,1000.);
#7348=VECTOR('',#13663,1000.);
#7349=VECTOR('',#13664,1000.);
#7350=VECTOR('',#13665,1000.);
#7351=VECTOR('',#13666,1000.);
#7352=VECTOR('',#13669,1000.);
#7353=VECTOR('',#13672,1000.);
#7354=VECTOR('',#13673,1000.);
#7355=VECTOR('',#13674,1000.);
#7356=VECTOR('',#13675,1000.);
#7357=VECTOR('',#13678,1000.);
#7358=VECTOR('',#13679,1000.);
#7359=VECTOR('',#13680,1000.);
#7360=VECTOR('',#13681,1000.);
#7361=VECTOR('',#13684,1000.);
#7362=VECTOR('',#13685,1000.);
#7363=VECTOR('',#13686,1000.);
#7364=VECTOR('',#13687,1000.);
#7365=VECTOR('',#13688,1000.);
#7366=VECTOR('',#13689,1000.);
#7367=VECTOR('',#13692,1000.);
#7368=VECTOR('',#13693,1000.);
#7369=VECTOR('',#13694,1000.);
#7370=VECTOR('',#13695,1000.);
#7371=VECTOR('',#13696,1000.);
#7372=VECTOR('',#13699,1000.);
#7373=VECTOR('',#13700,1000.);
#7374=VECTOR('',#13701,1000.);
#7375=VECTOR('',#13702,1000.);
#7376=VECTOR('',#13707,1000.);
#7377=VECTOR('',#13708,1000.);
#7378=VECTOR('',#13711,1000.);
#7379=VECTOR('',#13712,1000.);
#7380=VECTOR('',#13713,1000.);
#7381=VECTOR('',#13714,1000.);
#7382=VECTOR('',#13715,1000.);
#7383=VECTOR('',#13718,1000.);
#7384=VECTOR('',#13719,1000.);
#7385=VECTOR('',#13720,1000.);
#7386=VECTOR('',#13723,1000.);
#7387=VECTOR('',#13724,1000.);
#7388=VECTOR('',#13725,1000.);
#7389=VECTOR('',#13728,1000.);
#7390=VECTOR('',#13729,1000.);
#7391=VECTOR('',#13732,1000.);
#7392=VECTOR('',#13733,1000.);
#7393=VECTOR('',#13734,1000.);
#7394=VECTOR('',#13735,1000.);
#7395=VECTOR('',#13738,1000.);
#7396=VECTOR('',#13739,1000.);
#7397=VECTOR('',#13740,1000.);
#7398=VECTOR('',#13743,1000.);
#7399=VECTOR('',#13744,1000.);
#7400=VECTOR('',#13745,1000.);
#7401=VECTOR('',#13746,1000.);
#7402=VECTOR('',#13751,1000.);
#7403=VECTOR('',#13756,1000.);
#7404=VECTOR('',#13761,1000.);
#7405=VECTOR('',#13762,1000.);
#7406=VECTOR('',#13763,1000.);
#7407=VECTOR('',#13764,1000.);
#7408=VECTOR('',#13767,1000.);
#7409=VECTOR('',#13768,1000.);
#7410=VECTOR('',#13769,1000.);
#7411=VECTOR('',#13770,1000.);
#7412=VECTOR('',#13773,1000.);
#7413=VECTOR('',#13774,1000.);
#7414=VECTOR('',#13775,1000.);
#7415=VECTOR('',#13778,1000.);
#7416=VECTOR('',#13785,1000.);
#7417=VECTOR('',#13786,1000.);
#7418=VECTOR('',#13787,1000.);
#7419=VECTOR('',#13788,1000.);
#7420=VECTOR('',#13791,1000.);
#7421=VECTOR('',#13792,1000.);
#7422=VECTOR('',#13793,1000.);
#7423=VECTOR('',#13794,1000.);
#7424=VECTOR('',#13797,1000.);
#7425=VECTOR('',#13798,1000.);
#7426=VECTOR('',#13801,1000.);
#7427=VECTOR('',#13802,1000.);
#7428=VECTOR('',#13805,1000.);
#7429=VECTOR('',#13806,1000.);
#7430=VECTOR('',#13809,1000.);
#7431=VECTOR('',#13810,1000.);
#7432=VECTOR('',#13811,1000.);
#7433=VECTOR('',#13818,1000.);
#7434=VECTOR('',#13819,1000.);
#7435=VECTOR('',#13820,1000.);
#7436=VECTOR('',#13823,1000.);
#7437=VECTOR('',#13824,1000.);
#7438=VECTOR('',#13825,1000.);
#7439=VECTOR('',#13826,1000.);
#7440=VECTOR('',#13827,1000.);
#7441=VECTOR('',#13828,1000.);
#7442=VECTOR('',#13831,1000.);
#7443=VECTOR('',#13836,1000.);
#7444=VECTOR('',#13837,1000.);
#7445=VECTOR('',#13840,1000.);
#7446=VECTOR('',#13841,1000.);
#7447=VECTOR('',#13844,1000.);
#7448=VECTOR('',#13845,1000.);
#7449=VECTOR('',#13846,1000.);
#7450=VECTOR('',#13849,1000.);
#7451=VECTOR('',#13850,1000.);
#7452=VECTOR('',#13851,1000.);
#7453=VECTOR('',#13854,1000.);
#7454=VECTOR('',#13855,1000.);
#7455=VECTOR('',#13856,1000.);
#7456=VECTOR('',#13859,1000.);
#7457=VECTOR('',#13860,1000.);
#7458=VECTOR('',#13863,1000.);
#7459=VECTOR('',#13864,1000.);
#7460=VECTOR('',#13865,1000.);
#7461=VECTOR('',#13868,1000.);
#7462=VECTOR('',#13869,1000.);
#7463=VECTOR('',#13870,1000.);
#7464=VECTOR('',#13875,1000.);
#7465=VECTOR('',#13876,1000.);
#7466=VECTOR('',#13881,1000.);
#7467=VECTOR('',#13884,1000.);
#7468=VECTOR('',#13887,1000.);
#7469=VECTOR('',#13888,1000.);
#7470=VECTOR('',#13889,1000.);
#7471=VECTOR('',#13890,1000.);
#7472=VECTOR('',#13893,1000.);
#7473=VECTOR('',#13894,1000.);
#7474=VECTOR('',#13897,1000.);
#7475=VECTOR('',#13898,1000.);
#7476=VECTOR('',#13901,1000.);
#7477=VECTOR('',#13902,1000.);
#7478=VECTOR('',#13903,1000.);
#7479=VECTOR('',#13904,1000.);
#7480=VECTOR('',#13905,1000.);
#7481=VECTOR('',#13906,1000.);
#7482=VECTOR('',#13909,1000.);
#7483=VECTOR('',#13910,1000.);
#7484=VECTOR('',#13913,1000.);
#7485=VECTOR('',#13914,1000.);
#7486=VECTOR('',#13915,1000.);
#7487=VECTOR('',#13918,1000.);
#7488=VECTOR('',#13921,1000.);
#7489=VECTOR('',#13922,1000.);
#7490=VECTOR('',#13925,1000.);
#7491=VECTOR('',#13926,1000.);
#7492=VECTOR('',#13927,1000.);
#7493=VECTOR('',#13928,1000.);
#7494=VECTOR('',#13929,1000.);
#7495=VECTOR('',#13930,1000.);
#7496=VECTOR('',#13931,1000.);
#7497=VECTOR('',#13932,1000.);
#7498=VECTOR('',#13933,1000.);
#7499=VECTOR('',#13934,1000.);
#7500=VECTOR('',#13935,1000.);
#7501=VECTOR('',#13936,1000.);
#7502=VECTOR('',#13937,1000.);
#7503=VECTOR('',#13938,1000.);
#7504=VECTOR('',#13939,1000.);
#7505=VECTOR('',#13940,1000.);
#7506=VECTOR('',#13941,1000.);
#7507=VECTOR('',#13942,1000.);
#7508=VECTOR('',#13943,1000.);
#7509=VECTOR('',#13944,1000.);
#7510=VECTOR('',#13947,1000.);
#7511=VECTOR('',#13950,1000.);
#7512=VECTOR('',#13955,1000.);
#7513=VECTOR('',#13958,1000.);
#7514=VECTOR('',#13961,1000.);
#7515=VECTOR('',#13962,1000.);
#7516=VECTOR('',#13963,1000.);
#7517=VECTOR('',#13966,1000.);
#7518=VECTOR('',#13967,1000.);
#7519=VECTOR('',#13970,1000.);
#7520=VECTOR('',#13971,1000.);
#7521=VECTOR('',#13974,1000.);
#7522=VECTOR('',#13975,1000.);
#7523=VECTOR('',#13976,1000.);
#7524=VECTOR('',#13979,1000.);
#7525=VECTOR('',#13982,1000.);
#7526=VECTOR('',#13983,1000.);
#7527=VECTOR('',#13984,1000.);
#7528=VECTOR('',#13989,1000.);
#7529=VECTOR('',#13990,1000.);
#7530=VECTOR('',#13993,1000.);
#7531=VECTOR('',#13996,1000.);
#7532=VECTOR('',#13997,1000.);
#7533=VECTOR('',#14000,1000.);
#7534=VECTOR('',#14003,1000.);
#7535=VECTOR('',#14004,1000.);
#7536=VECTOR('',#14007,1000.);
#7537=VECTOR('',#14008,1000.);
#7538=VECTOR('',#14009,1000.);
#7539=VECTOR('',#14012,1000.);
#7540=VECTOR('',#14013,1000.);
#7541=VECTOR('',#14014,1000.);
#7542=VECTOR('',#14017,1000.);
#7543=VECTOR('',#14018,1000.);
#7544=VECTOR('',#14019,1000.);
#7545=VECTOR('',#14022,1000.);
#7546=VECTOR('',#14023,1000.);
#7547=VECTOR('',#14026,1000.);
#7548=VECTOR('',#14027,1000.);
#7549=VECTOR('',#14028,1000.);
#7550=VECTOR('',#14029,1000.);
#7551=VECTOR('',#14032,1000.);
#7552=VECTOR('',#14035,1000.);
#7553=VECTOR('',#14040,1000.);
#7554=VECTOR('',#14045,1000.);
#7555=VECTOR('',#14048,1000.);
#7556=VECTOR('',#14049,1000.);
#7557=VECTOR('',#14050,1000.);
#7558=VECTOR('',#14051,1000.);
#7559=VECTOR('',#14054,1000.);
#7560=VECTOR('',#14055,1000.);
#7561=VECTOR('',#14056,1000.);
#7562=VECTOR('',#14059,1000.);
#7563=VECTOR('',#14060,1000.);
#7564=VECTOR('',#14061,1000.);
#7565=VECTOR('',#14062,1000.);
#7566=VECTOR('',#14065,1000.);
#7567=VECTOR('',#14066,1000.);
#7568=VECTOR('',#14069,1000.);
#7569=VECTOR('',#14070,1000.);
#7570=VECTOR('',#14073,1000.);
#7571=VECTOR('',#14074,1000.);
#7572=VECTOR('',#14077,1000.);
#7573=VECTOR('',#14078,1000.);
#7574=VECTOR('',#14083,1000.);
#7575=VECTOR('',#14084,1000.);
#7576=VECTOR('',#14085,1000.);
#7577=VECTOR('',#14088,1000.);
#7578=VECTOR('',#14095,1000.);
#7579=VECTOR('',#14096,1000.);
#7580=VECTOR('',#14099,1000.);
#7581=VECTOR('',#14100,1000.);
#7582=VECTOR('',#14103,1000.);
#7583=VECTOR('',#14104,1000.);
#7584=VECTOR('',#14107,1000.);
#7585=VECTOR('',#14110,1000.);
#7586=VECTOR('',#14111,1000.);
#7587=VECTOR('',#14114,1000.);
#7588=VECTOR('',#14115,1000.);
#7589=VECTOR('',#14116,1000.);
#7590=VECTOR('',#14119,1000.);
#7591=VECTOR('',#14120,1000.);
#7592=VECTOR('',#14123,1000.);
#7593=VECTOR('',#14126,1000.);
#7594=VECTOR('',#14127,1000.);
#7595=VECTOR('',#14130,1000.);
#7596=VECTOR('',#14131,1000.);
#7597=VECTOR('',#14132,1000.);
#7598=VECTOR('',#14137,1000.);
#7599=VECTOR('',#14138,1000.);
#7600=VECTOR('',#14139,1000.);
#7601=VECTOR('',#14142,1000.);
#7602=VECTOR('',#14143,1000.);
#7603=VECTOR('',#14146,1000.);
#7604=VECTOR('',#14147,1000.);
#7605=VECTOR('',#14148,1000.);
#7606=VECTOR('',#14149,1000.);
#7607=VECTOR('',#14150,1000.);
#7608=VECTOR('',#14151,1000.);
#7609=VECTOR('',#14154,1000.);
#7610=VECTOR('',#14157,1000.);
#7611=VECTOR('',#14158,1000.);
#7612=VECTOR('',#14159,1000.);
#7613=VECTOR('',#14160,1000.);
#7614=VECTOR('',#14163,1000.);
#7615=VECTOR('',#14166,1000.);
#7616=VECTOR('',#14169,1000.);
#7617=VECTOR('',#14172,1000.);
#7618=VECTOR('',#14173,1000.);
#7619=VECTOR('',#14174,1000.);
#7620=VECTOR('',#14177,1000.);
#7621=VECTOR('',#14182,1000.);
#7622=VECTOR('',#14183,1000.);
#7623=VECTOR('',#14186,1000.);
#7624=VECTOR('',#14187,1000.);
#7625=VECTOR('',#14192,1000.);
#7626=VECTOR('',#14195,1000.);
#7627=VECTOR('',#14196,1000.);
#7628=VECTOR('',#14201,1000.);
#7629=VECTOR('',#14202,1000.);
#7630=VECTOR('',#14207,1000.);
#7631=VECTOR('',#14210,1000.);
#7632=VECTOR('',#14213,1000.);
#7633=VECTOR('',#14216,1000.);
#7634=VECTOR('',#14219,1000.);
#7635=VECTOR('',#14220,1000.);
#7636=VECTOR('',#14221,1000.);
#7637=VECTOR('',#14222,1000.);
#7638=VECTOR('',#14227,1000.);
#7639=VECTOR('',#14228,1000.);
#7640=VECTOR('',#14229,1000.);
#7641=VECTOR('',#14230,1000.);
#7642=VECTOR('',#14235,1000.);
#7643=VECTOR('',#14236,1000.);
#7644=VECTOR('',#14237,1000.);
#7645=VECTOR('',#14240,1000.);
#7646=VECTOR('',#14241,1000.);
#7647=VECTOR('',#14242,1000.);
#7648=VECTOR('',#14245,1000.);
#7649=VECTOR('',#14246,1000.);
#7650=VECTOR('',#14247,1000.);
#7651=VECTOR('',#14252,1000.);
#7652=VECTOR('',#14253,1000.);
#7653=VECTOR('',#14254,1000.);
#7654=VECTOR('',#14257,1000.);
#7655=VECTOR('',#14258,1000.);
#7656=VECTOR('',#14261,1000.);
#7657=VECTOR('',#14266,1000.);
#7658=VECTOR('',#14273,1000.);
#7659=VECTOR('',#14274,1000.);
#7660=VECTOR('',#14275,1000.);
#7661=VECTOR('',#14280,1000.);
#7662=VECTOR('',#14281,1000.);
#7663=VECTOR('',#14284,1000.);
#7664=VECTOR('',#14287,1000.);
#7665=VECTOR('',#14290,1000.);
#7666=VECTOR('',#14293,1000.);
#7667=VECTOR('',#14296,1000.);
#7668=VECTOR('',#14301,1000.);
#7669=VECTOR('',#14304,1000.);
#7670=VECTOR('',#14309,1000.);
#7671=VECTOR('',#14310,1000.);
#7672=VECTOR('',#14313,1000.);
#7673=VECTOR('',#14318,1000.);
#7674=VECTOR('',#14321,1000.);
#7675=VECTOR('',#14326,1000.);
#7676=VECTOR('',#14329,1000.);
#7677=VECTOR('',#14330,1000.);
#7678=VECTOR('',#14331,1000.);
#7679=VECTOR('',#14336,1000.);
#7680=VECTOR('',#14337,1000.);
#7681=VECTOR('',#14342,1000.);
#7682=VECTOR('',#14345,1000.);
#7683=VECTOR('',#14348,1000.);
#7684=VECTOR('',#14349,1000.);
#7685=VECTOR('',#14350,1000.);
#7686=VECTOR('',#14353,1000.);
#7687=VECTOR('',#14356,1000.);
#7688=VECTOR('',#14357,1000.);
#7689=VECTOR('',#14360,1000.);
#7690=VECTOR('',#14361,1000.);
#7691=VECTOR('',#14366,1000.);
#7692=VECTOR('',#14369,1000.);
#7693=VECTOR('',#14370,1000.);
#7694=VECTOR('',#14375,1000.);
#7695=VECTOR('',#14378,1000.);
#7696=VECTOR('',#14379,1000.);
#7697=VECTOR('',#14384,1000.);
#7698=VECTOR('',#14385,1000.);
#7699=VECTOR('',#14388,1000.);
#7700=VECTOR('',#14393,1000.);
#7701=VECTOR('',#14394,1000.);
#7702=VECTOR('',#14397,1000.);
#7703=VECTOR('',#14398,1000.);
#7704=VECTOR('',#14399,1000.);
#7705=VECTOR('',#14402,1000.);
#7706=VECTOR('',#14405,1000.);
#7707=VECTOR('',#14406,1000.);
#7708=VECTOR('',#14407,1000.);
#7709=VECTOR('',#14410,1000.);
#7710=VECTOR('',#14411,1000.);
#7711=VECTOR('',#14414,1000.);
#7712=VECTOR('',#14415,1000.);
#7713=VECTOR('',#14420,1000.);
#7714=VECTOR('',#14425,1000.);
#7715=VECTOR('',#14428,1000.);
#7716=VECTOR('',#14431,1000.);
#7717=VECTOR('',#14434,1000.);
#7718=VECTOR('',#14437,1000.);
#7719=VECTOR('',#14440,1000.);
#7720=VECTOR('',#14441,1000.);
#7721=VECTOR('',#14442,1000.);
#7722=VECTOR('',#14447,1000.);
#7723=VECTOR('',#14448,1000.);
#7724=VECTOR('',#14451,1000.);
#7725=VECTOR('',#14454,1000.);
#7726=VECTOR('',#14457,1000.);
#7727=VECTOR('',#14462,1000.);
#7728=VECTOR('',#14469,1000.);
#7729=VECTOR('',#14470,1000.);
#7730=VECTOR('',#14473,1000.);
#7731=VECTOR('',#14478,1000.);
#7732=VECTOR('',#14481,1000.);
#7733=VECTOR('',#14484,1000.);
#7734=VECTOR('',#14487,1000.);
#7735=VECTOR('',#14488,1000.);
#7736=VECTOR('',#14491,1000.);
#7737=VECTOR('',#14492,1000.);
#7738=VECTOR('',#14495,1000.);
#7739=VECTOR('',#14496,1000.);
#7740=VECTOR('',#14497,1000.);
#7741=VECTOR('',#14498,1000.);
#7742=VECTOR('',#14499,1000.);
#7743=VECTOR('',#14500,1000.);
#7744=VECTOR('',#14501,1000.);
#7745=VECTOR('',#14502,1000.);
#7746=VECTOR('',#14503,1000.);
#7747=VECTOR('',#14506,1000.);
#7748=VECTOR('',#14513,1000.);
#7749=VECTOR('',#14518,1000.);
#7750=VECTOR('',#14521,1000.);
#7751=VECTOR('',#14522,1000.);
#7752=VECTOR('',#14529,1000.);
#7753=VECTOR('',#14532,1000.);
#7754=VECTOR('',#14533,1000.);
#7755=VECTOR('',#14534,1000.);
#7756=VECTOR('',#14539,1000.);
#7757=VECTOR('',#14540,1000.);
#7758=VECTOR('',#14543,1000.);
#7759=VECTOR('',#14544,1000.);
#7760=VECTOR('',#14545,1000.);
#7761=VECTOR('',#14546,1000.);
#7762=VECTOR('',#14547,1000.);
#7763=VECTOR('',#14548,1000.);
#7764=VECTOR('',#14549,1000.);
#7765=VECTOR('',#14550,1000.);
#7766=VECTOR('',#14553,1000.);
#7767=VECTOR('',#14554,1000.);
#7768=VECTOR('',#14557,1000.);
#7769=VECTOR('',#14560,1000.);
#7770=VECTOR('',#14561,1000.);
#7771=VECTOR('',#14576,1000.);
#7772=VECTOR('',#14577,1000.);
#7773=VECTOR('',#14578,1000.);
#7774=VECTOR('',#14579,1000.);
#7775=VECTOR('',#14592,1000.);
#7776=VECTOR('',#14599,1000.);
#7777=VECTOR('',#14628,1000.);
#7778=VECTOR('',#14631,1000.);
#7779=VECTOR('',#14634,1000.);
#7780=VECTOR('',#14635,1000.);
#7781=VECTOR('',#14638,1000.);
#7782=VECTOR('',#14641,1000.);
#7783=VECTOR('',#14646,1000.);
#7784=VECTOR('',#14649,1000.);
#7785=VECTOR('',#14656,1000.);
#7786=VECTOR('',#14659,1000.);
#7787=VECTOR('',#14664,1000.);
#7788=VECTOR('',#14667,1000.);
#7789=VECTOR('',#14670,1000.);
#7790=VECTOR('',#14673,1000.);
#7791=VECTOR('',#14678,1000.);
#7792=VECTOR('',#14681,1000.);
#7793=VECTOR('',#14686,1000.);
#7794=VECTOR('',#14687,1000.);
#7795=VECTOR('',#14688,1000.);
#7796=VECTOR('',#14689,1000.);
#7797=VECTOR('',#14690,1000.);
#7798=VECTOR('',#14691,1000.);
#7799=VECTOR('',#14694,1000.);
#7800=VECTOR('',#14697,1000.);
#7801=VECTOR('',#14700,1000.);
#7802=VECTOR('',#14703,1000.);
#7803=VECTOR('',#14704,1000.);
#7804=VECTOR('',#14705,1000.);
#7805=VECTOR('',#14708,1000.);
#7806=VECTOR('',#14709,1000.);
#7807=VECTOR('',#14710,1000.);
#7808=VECTOR('',#14711,1000.);
#7809=VECTOR('',#14714,1000.);
#7810=VECTOR('',#14723,1000.);
#7811=VECTOR('',#14726,1000.);
#7812=VECTOR('',#14729,1000.);
#7813=VECTOR('',#14732,1000.);
#7814=VECTOR('',#14737,1000.);
#7815=VECTOR('',#14738,1000.);
#7816=VECTOR('',#14743,1000.);
#7817=VECTOR('',#14746,1000.);
#7818=VECTOR('',#14751,1000.);
#7819=VECTOR('',#14752,1000.);
#7820=VECTOR('',#14753,1000.);
#7821=VECTOR('',#14758,1000.);
#7822=VECTOR('',#14761,1000.);
#7823=VECTOR('',#14764,1000.);
#7824=VECTOR('',#14767,1000.);
#7825=VECTOR('',#14772,1000.);
#7826=VECTOR('',#14775,1000.);
#7827=VECTOR('',#14776,1000.);
#7828=VECTOR('',#14777,1000.);
#7829=VECTOR('',#14778,1000.);
#7830=VECTOR('',#14779,1000.);
#7831=VECTOR('',#14782,1000.);
#7832=VECTOR('',#14785,1000.);
#7833=VECTOR('',#14790,1000.);
#7834=VECTOR('',#14791,1000.);
#7835=VECTOR('',#14792,1000.);
#7836=VECTOR('',#14793,1000.);
#7837=VECTOR('',#14796,1000.);
#7838=VECTOR('',#14799,1000.);
#7839=VECTOR('',#14804,1000.);
#7840=VECTOR('',#14805,1000.);
#7841=VECTOR('',#14808,1000.);
#7842=VECTOR('',#14811,1000.);
#7843=VECTOR('',#14814,1000.);
#7844=VECTOR('',#14821,1000.);
#7845=VECTOR('',#14824,1000.);
#7846=VECTOR('',#14827,1000.);
#7847=VECTOR('',#14830,1000.);
#7848=VECTOR('',#14835,1000.);
#7849=VECTOR('',#14836,1000.);
#7850=VECTOR('',#14837,1000.);
#7851=VECTOR('',#14840,1000.);
#7852=VECTOR('',#14843,1000.);
#7853=VECTOR('',#14852,1000.);
#7854=VECTOR('',#14855,1000.);
#7855=VECTOR('',#14858,1000.);
#7856=VECTOR('',#14859,1000.);
#7857=VECTOR('',#14860,1000.);
#7858=VECTOR('',#14861,1000.);
#7859=VECTOR('',#14864,1000.);
#7860=VECTOR('',#14867,1000.);
#7861=VECTOR('',#14874,1000.);
#7862=VECTOR('',#14879,1000.);
#7863=VECTOR('',#14880,1000.);
#7864=VECTOR('',#14881,1000.);
#7865=VECTOR('',#14884,1000.);
#7866=VECTOR('',#14889,1000.);
#7867=VECTOR('',#14890,1000.);
#7868=VECTOR('',#14891,1000.);
#7869=VECTOR('',#14892,1000.);
#7870=VECTOR('',#14893,1000.);
#7871=VECTOR('',#14896,1000.);
#7872=VECTOR('',#14899,1000.);
#7873=VECTOR('',#14904,1000.);
#7874=VECTOR('',#14909,1000.);
#7875=VECTOR('',#14910,1000.);
#7876=VECTOR('',#14911,1000.);
#7877=VECTOR('',#14914,1000.);
#7878=VECTOR('',#14915,1000.);
#7879=VECTOR('',#14916,1000.);
#7880=VECTOR('',#14919,1000.);
#7881=VECTOR('',#14922,1000.);
#7882=VECTOR('',#14927,1000.);
#7883=VECTOR('',#14930,1000.);
#7884=VECTOR('',#14933,1000.);
#7885=VECTOR('',#14934,1000.);
#7886=VECTOR('',#14935,1000.);
#7887=VECTOR('',#14936,1000.);
#7888=VECTOR('',#14939,1000.);
#7889=VECTOR('',#14940,1000.);
#7890=VECTOR('',#14945,1000.);
#7891=VECTOR('',#14946,1000.);
#7892=VECTOR('',#14947,1000.);
#7893=VECTOR('',#14948,1000.);
#7894=VECTOR('',#14949,1000.);
#7895=VECTOR('',#14952,1000.);
#7896=VECTOR('',#14959,1000.);
#7897=VECTOR('',#14964,1000.);
#7898=VECTOR('',#14967,1000.);
#7899=VECTOR('',#14976,1000.);
#7900=VECTOR('',#14977,1000.);
#7901=VECTOR('',#14978,1000.);
#7902=VECTOR('',#14981,1000.);
#7903=VECTOR('',#14984,1000.);
#7904=VECTOR('',#14987,1000.);
#7905=VECTOR('',#14988,1000.);
#7906=VECTOR('',#14989,1000.);
#7907=VECTOR('',#14992,1000.);
#7908=VECTOR('',#14995,1000.);
#7909=VECTOR('',#14998,1000.);
#7910=VECTOR('',#14999,1000.);
#7911=VECTOR('',#15004,1000.);
#7912=VECTOR('',#15005,1000.);
#7913=VECTOR('',#15008,1000.);
#7914=VECTOR('',#15015,1000.);
#7915=VECTOR('',#15018,1000.);
#7916=VECTOR('',#15021,1000.);
#7917=VECTOR('',#15024,1000.);
#7918=VECTOR('',#15029,1000.);
#7919=VECTOR('',#15032,1000.);
#7920=VECTOR('',#15037,1000.);
#7921=VECTOR('',#15038,1000.);
#7922=VECTOR('',#15041,1000.);
#7923=VECTOR('',#15042,1000.);
#7924=VECTOR('',#15043,1000.);
#7925=VECTOR('',#15044,1000.);
#7926=VECTOR('',#15047,1000.);
#7927=VECTOR('',#15050,1000.);
#7928=VECTOR('',#15051,1000.);
#7929=VECTOR('',#15052,1000.);
#7930=VECTOR('',#15055,1000.);
#7931=VECTOR('',#15058,1000.);
#7932=VECTOR('',#15059,1000.);
#7933=VECTOR('',#15064,1000.);
#7934=VECTOR('',#15065,1000.);
#7935=VECTOR('',#15066,1000.);
#7936=VECTOR('',#15067,1000.);
#7937=VECTOR('',#15068,1000.);
#7938=VECTOR('',#15071,1000.);
#7939=VECTOR('',#15076,1000.);
#7940=VECTOR('',#15079,1000.);
#7941=VECTOR('',#15080,1000.);
#7942=VECTOR('',#15081,1000.);
#7943=VECTOR('',#15082,1000.);
#7944=VECTOR('',#15085,1000.);
#7945=VECTOR('',#15086,1000.);
#7946=VECTOR('',#15087,1000.);
#7947=VECTOR('',#15090,1000.);
#7948=VECTOR('',#15095,1000.);
#7949=VECTOR('',#15096,1000.);
#7950=VECTOR('',#15097,1000.);
#7951=VECTOR('',#15100,1000.);
#7952=VECTOR('',#15101,1000.);
#7953=VECTOR('',#15102,1000.);
#7954=VECTOR('',#15103,1000.);
#7955=VECTOR('',#15104,1000.);
#7956=VECTOR('',#15107,1000.);
#7957=VECTOR('',#15108,1000.);
#7958=VECTOR('',#15111,1000.);
#7959=VECTOR('',#15112,1000.);
#7960=VECTOR('',#15117,1000.);
#7961=VECTOR('',#15118,1000.);
#7962=VECTOR('',#15123,1000.);
#7963=VECTOR('',#15128,1000.);
#7964=VECTOR('',#15129,1000.);
#7965=VECTOR('',#15132,1000.);
#7966=VECTOR('',#15135,1000.);
#7967=VECTOR('',#15142,1000.);
#7968=VECTOR('',#15147,1000.);
#7969=VECTOR('',#15148,1000.);
#7970=VECTOR('',#15149,1000.);
#7971=VECTOR('',#15150,1000.);
#7972=VECTOR('',#15153,1000.);
#7973=VECTOR('',#15154,1000.);
#7974=VECTOR('',#15155,1000.);
#7975=VECTOR('',#15156,1000.);
#7976=VECTOR('',#15159,1000.);
#7977=VECTOR('',#15160,1000.);
#7978=VECTOR('',#15161,1000.);
#7979=VECTOR('',#15162,1000.);
#7980=VECTOR('',#15171,1000.);
#7981=VECTOR('',#15174,1000.);
#7982=VECTOR('',#15179,1000.);
#7983=VECTOR('',#15182,1000.);
#7984=VECTOR('',#15189,1000.);
#7985=VECTOR('',#15194,1000.);
#7986=VECTOR('',#15195,1000.);
#7987=VECTOR('',#15202,1000.);
#7988=VECTOR('',#15205,1000.);
#7989=VECTOR('',#15210,1000.);
#7990=VECTOR('',#15211,1000.);
#7991=VECTOR('',#15212,1000.);
#7992=VECTOR('',#15215,1000.);
#7993=VECTOR('',#15216,1000.);
#7994=VECTOR('',#15221,1000.);
#7995=VECTOR('',#15222,1000.);
#7996=VECTOR('',#15223,1000.);
#7997=VECTOR('',#15226,1000.);
#7998=VECTOR('',#15229,1000.);
#7999=VECTOR('',#15234,1000.);
#8000=VECTOR('',#15237,1000.);
#8001=VECTOR('',#15246,1000.);
#8002=VECTOR('',#15247,1000.);
#8003=VECTOR('',#15248,1000.);
#8004=VECTOR('',#15253,1000.);
#8005=VECTOR('',#15254,1000.);
#8006=VECTOR('',#15257,1000.);
#8007=VECTOR('',#15260,1000.);
#8008=VECTOR('',#15265,1000.);
#8009=VECTOR('',#15266,1000.);
#8010=VECTOR('',#15267,1000.);
#8011=VECTOR('',#15268,1000.);
#8012=VECTOR('',#15271,1000.);
#8013=VECTOR('',#15272,1000.);
#8014=VECTOR('',#15273,1000.);
#8015=VECTOR('',#15278,1000.);
#8016=VECTOR('',#15281,1000.);
#8017=VECTOR('',#15284,1000.);
#8018=VECTOR('',#15285,1000.);
#8019=VECTOR('',#15286,1000.);
#8020=VECTOR('',#15289,1000.);
#8021=VECTOR('',#15296,1000.);
#8022=VECTOR('',#15299,1000.);
#8023=VECTOR('',#15304,1000.);
#8024=VECTOR('',#15305,1000.);
#8025=VECTOR('',#15306,1000.);
#8026=VECTOR('',#15307,1000.);
#8027=VECTOR('',#15310,1000.);
#8028=VECTOR('',#15311,1000.);
#8029=VECTOR('',#15314,1000.);
#8030=VECTOR('',#15317,1000.);
#8031=VECTOR('',#15324,1000.);
#8032=VECTOR('',#15327,1000.);
#8033=VECTOR('',#15330,1000.);
#8034=VECTOR('',#15333,1000.);
#8035=VECTOR('',#15334,1000.);
#8036=VECTOR('',#15335,1000.);
#8037=VECTOR('',#15338,1000.);
#8038=VECTOR('',#15339,1000.);
#8039=VECTOR('',#15340,1000.);
#8040=VECTOR('',#15341,1000.);
#8041=VECTOR('',#15346,1000.);
#8042=VECTOR('',#15347,1000.);
#8043=VECTOR('',#15348,1000.);
#8044=VECTOR('',#15349,1000.);
#8045=VECTOR('',#15358,1000.);
#8046=VECTOR('',#15359,1000.);
#8047=VECTOR('',#15360,1000.);
#8048=VECTOR('',#15363,1000.);
#8049=VECTOR('',#15364,1000.);
#8050=VECTOR('',#15369,1000.);
#8051=VECTOR('',#15372,1000.);
#8052=VECTOR('',#15373,1000.);
#8053=VECTOR('',#15374,1000.);
#8054=VECTOR('',#15375,1000.);
#8055=VECTOR('',#15376,1000.);
#8056=VECTOR('',#15379,1000.);
#8057=VECTOR('',#15380,1000.);
#8058=VECTOR('',#15381,1000.);
#8059=VECTOR('',#15382,1000.);
#8060=VECTOR('',#15383,1000.);
#8061=VECTOR('',#15384,1000.);
#8062=VECTOR('',#15385,1000.);
#8063=VECTOR('',#15386,1000.);
#8064=VECTOR('',#15387,1000.);
#8065=VECTOR('',#15388,1000.);
#8066=VECTOR('',#15389,1000.);
#8067=VECTOR('',#15396,1000.);
#8068=VECTOR('',#15399,1000.);
#8069=VECTOR('',#15400,1000.);
#8070=VECTOR('',#15403,1000.);
#8071=VECTOR('',#15406,1000.);
#8072=VECTOR('',#15407,1000.);
#8073=VECTOR('',#15410,1000.);
#8074=VECTOR('',#15411,1000.);
#8075=VECTOR('',#15412,1000.);
#8076=VECTOR('',#15415,1000.);
#8077=VECTOR('',#15416,1000.);
#8078=VECTOR('',#15421,1000.);
#8079=VECTOR('',#15424,1000.);
#8080=VECTOR('',#15427,1000.);
#8081=VECTOR('',#15428,1000.);
#8082=VECTOR('',#15429,1000.);
#8083=VECTOR('',#15430,1000.);
#8084=VECTOR('',#15431,1000.);
#8085=VECTOR('',#15434,1000.);
#8086=VECTOR('',#15435,1000.);
#8087=VECTOR('',#15436,1000.);
#8088=VECTOR('',#15439,1000.);
#8089=VECTOR('',#15440,1000.);
#8090=VECTOR('',#15445,1000.);
#8091=VECTOR('',#15448,1000.);
#8092=VECTOR('',#15451,1000.);
#8093=VECTOR('',#15452,1000.);
#8094=VECTOR('',#15455,1000.);
#8095=VECTOR('',#15456,1000.);
#8096=VECTOR('',#15461,1000.);
#8097=VECTOR('',#15462,1000.);
#8098=VECTOR('',#15469,1000.);
#8099=VECTOR('',#15480,1000.);
#8100=VECTOR('',#15481,1000.);
#8101=VECTOR('',#15484,1000.);
#8102=VECTOR('',#15485,1000.);
#8103=VECTOR('',#15488,1000.);
#8104=VECTOR('',#15491,1000.);
#8105=VECTOR('',#15492,1000.);
#8106=VECTOR('',#15499,1000.);
#8107=VECTOR('',#15500,1000.);
#8108=VECTOR('',#15501,1000.);
#8109=VECTOR('',#15502,1000.);
#8110=VECTOR('',#15505,1000.);
#8111=VECTOR('',#15506,1000.);
#8112=VECTOR('',#15507,1000.);
#8113=VECTOR('',#15510,1000.);
#8114=VECTOR('',#15511,1000.);
#8115=VECTOR('',#15512,1000.);
#8116=VECTOR('',#15523,1000.);
#8117=VECTOR('',#15526,1000.);
#8118=VECTOR('',#15529,1000.);
#8119=VECTOR('',#15534,1000.);
#8120=VECTOR('',#15535,1000.);
#8121=VECTOR('',#15536,1000.);
#8122=VECTOR('',#15539,1000.);
#8123=VECTOR('',#15540,1000.);
#8124=VECTOR('',#15541,1000.);
#8125=VECTOR('',#15544,1000.);
#8126=VECTOR('',#15547,1000.);
#8127=VECTOR('',#15550,1000.);
#8128=VECTOR('',#15553,1000.);
#8129=VECTOR('',#15556,1000.);
#8130=VECTOR('',#15557,1000.);
#8131=VECTOR('',#15560,1000.);
#8132=VECTOR('',#15573,1000.);
#8133=VECTOR('',#15576,1000.);
#8134=VECTOR('',#15585,1000.);
#8135=VECTOR('',#15588,1000.);
#8136=VECTOR('',#15591,1000.);
#8137=VECTOR('',#15594,1000.);
#8138=VECTOR('',#15595,1000.);
#8139=VECTOR('',#15596,1000.);
#8140=VECTOR('',#15599,1000.);
#8141=VECTOR('',#15600,1000.);
#8142=VECTOR('',#15601,1000.);
#8143=VECTOR('',#15608,1000.);
#8144=VECTOR('',#15619,1000.);
#8145=VECTOR('',#15620,1000.);
#8146=VECTOR('',#15625,1000.);
#8147=VECTOR('',#15628,1000.);
#8148=VECTOR('',#15633,1000.);
#8149=VECTOR('',#15638,1000.);
#8150=VECTOR('',#15653,1000.);
#8151=VECTOR('',#15658,1000.);
#8152=VECTOR('',#15659,1000.);
#8153=VECTOR('',#15666,1000.);
#8154=VECTOR('',#15667,1000.);
#8155=VECTOR('',#15670,1000.);
#8156=VECTOR('',#15677,1000.);
#8157=VECTOR('',#15682,1000.);
#8158=VECTOR('',#15683,1000.);
#8159=VECTOR('',#15686,1000.);
#8160=VECTOR('',#15687,1000.);
#8161=VECTOR('',#15688,1000.);
#8162=VECTOR('',#15689,1000.);
#8163=VECTOR('',#15692,1000.);
#8164=VECTOR('',#15699,1000.);
#8165=VECTOR('',#15700,1000.);
#8166=VECTOR('',#15701,1000.);
#8167=VECTOR('',#15704,1000.);
#8168=VECTOR('',#15705,1000.);
#8169=VECTOR('',#15706,1000.);
#8170=VECTOR('',#15707,1000.);
#8171=VECTOR('',#15710,1000.);
#8172=VECTOR('',#15719,1000.);
#8173=VECTOR('',#15728,1000.);
#8174=VECTOR('',#15729,1000.);
#8175=VECTOR('',#15734,1000.);
#8176=VECTOR('',#15735,1000.);
#8177=VECTOR('',#15738,1000.);
#8178=VECTOR('',#15741,1000.);
#8179=VECTOR('',#15742,1000.);
#8180=VECTOR('',#15751,1000.);
#8181=VECTOR('',#15752,1000.);
#8182=VECTOR('',#15753,1000.);
#8183=VECTOR('',#15760,1000.);
#8184=VECTOR('',#15763,1000.);
#8185=VECTOR('',#15770,1000.);
#8186=VECTOR('',#15783,1000.);
#8187=VECTOR('',#15784,1000.);
#8188=VECTOR('',#15789,1000.);
#8189=VECTOR('',#15794,1000.);
#8190=VECTOR('',#15795,1000.);
#8191=VECTOR('',#15800,1000.);
#8192=VECTOR('',#15803,1000.);
#8193=VECTOR('',#15808,1000.);
#8194=VECTOR('',#15811,1000.);
#8195=VECTOR('',#15826,1000.);
#8196=VECTOR('',#15827,1000.);
#8197=VECTOR('',#15830,1000.);
#8198=VECTOR('',#15831,1000.);
#8199=VECTOR('',#15832,1000.);
#8200=VECTOR('',#15833,1000.);
#8201=VECTOR('',#15850,1000.);
#8202=VECTOR('',#15851,1000.);
#8203=VECTOR('',#15880,1000.);
#8204=EDGE_LOOP('',(#550,#551,#552,#553));
#8205=EDGE_LOOP('',(#554,#555,#556,#557));
#8206=EDGE_LOOP('',(#558,#559,#560,#561));
#8207=EDGE_LOOP('',(#562,#563,#564,#565));
#8208=EDGE_LOOP('',(#566,#567,#568,#569,#570));
#8209=EDGE_LOOP('',(#571,#572,#573,#574));
#8210=EDGE_LOOP('',(#575,#576,#577,#578));
#8211=EDGE_LOOP('',(#579,#580,#581,#582));
#8212=EDGE_LOOP('',(#583,#584,#585,#586));
#8213=EDGE_LOOP('',(#587,#588,#589,#590));
#8214=EDGE_LOOP('',(#591,#592,#593,#594));
#8215=EDGE_LOOP('',(#595,#596,#597,#598));
#8216=EDGE_LOOP('',(#599,#600,#601,#602));
#8217=EDGE_LOOP('',(#603,#604,#605,#606));
#8218=EDGE_LOOP('',(#607,#608,#609,#610));
#8219=EDGE_LOOP('',(#611,#612,#613,#614));
#8220=EDGE_LOOP('',(#615,#616,#617,#618));
#8221=EDGE_LOOP('',(#619,#620,#621,#622));
#8222=EDGE_LOOP('',(#623,#624,#625,#626));
#8223=EDGE_LOOP('',(#627,#628,#629,#630));
#8224=EDGE_LOOP('',(#631,#632,#633));
#8225=EDGE_LOOP('',(#634,#635,#636,#637));
#8226=EDGE_LOOP('',(#638,#639,#640,#641));
#8227=EDGE_LOOP('',(#642,#643,#644,#645));
#8228=EDGE_LOOP('',(#646,#647,#648,#649,#650,#651,#652,#653,#654,#655,#656));
#8229=EDGE_LOOP('',(#657,#658,#659,#660));
#8230=EDGE_LOOP('',(#661,#662,#663,#664));
#8231=EDGE_LOOP('',(#665,#666,#667,#668));
#8232=EDGE_LOOP('',(#669,#670,#671,#672));
#8233=EDGE_LOOP('',(#673,#674,#675,#676));
#8234=EDGE_LOOP('',(#677,#678,#679,#680));
#8235=EDGE_LOOP('',(#681,#682,#683,#684));
#8236=EDGE_LOOP('',(#685,#686,#687,#688,#689));
#8237=EDGE_LOOP('',(#690,#691,#692));
#8238=EDGE_LOOP('',(#693,#694,#695,#696));
#8239=EDGE_LOOP('',(#697,#698,#699,#700));
#8240=EDGE_LOOP('',(#701,#702,#703,#704));
#8241=EDGE_LOOP('',(#705,#706,#707,#708));
#8242=EDGE_LOOP('',(#709,#710,#711,#712));
#8243=EDGE_LOOP('',(#713,#714,#715,#716));
#8244=EDGE_LOOP('',(#717,#718,#719,#720));
#8245=EDGE_LOOP('',(#721,#722,#723,#724));
#8246=EDGE_LOOP('',(#725,#726,#727,#728));
#8247=EDGE_LOOP('',(#729,#730,#731,#732));
#8248=EDGE_LOOP('',(#733,#734,#735,#736));
#8249=EDGE_LOOP('',(#737,#738,#739,#740));
#8250=EDGE_LOOP('',(#741,#742,#743,#744));
#8251=EDGE_LOOP('',(#745,#746,#747,#748));
#8252=EDGE_LOOP('',(#749,#750,#751,#752));
#8253=EDGE_LOOP('',(#753,#754,#755,#756));
#8254=EDGE_LOOP('',(#757,#758,#759,#760));
#8255=EDGE_LOOP('',(#761,#762,#763,#764));
#8256=EDGE_LOOP('',(#765,#766,#767,#768));
#8257=EDGE_LOOP('',(#769,#770,#771,#772));
#8258=EDGE_LOOP('',(#773,#774,#775,#776));
#8259=EDGE_LOOP('',(#777,#778,#779,#780));
#8260=EDGE_LOOP('',(#781,#782,#783,#784));
#8261=EDGE_LOOP('',(#785,#786,#787,#788));
#8262=EDGE_LOOP('',(#789,#790,#791,#792));
#8263=EDGE_LOOP('',(#793,#794,#795,#796));
#8264=EDGE_LOOP('',(#797,#798,#799,#800));
#8265=EDGE_LOOP('',(#801,#802,#803,#804));
#8266=EDGE_LOOP('',(#805,#806,#807,#808,#809,#810,#811,#812,#813,#814,#815,
#816,#817,#818,#819,#820,#821,#822,#823,#824,#825,#826,#827,#828));
#8267=EDGE_LOOP('',(#829,#830,#831,#832));
#8268=EDGE_LOOP('',(#833,#834,#835,#836));
#8269=EDGE_LOOP('',(#837,#838,#839,#840));
#8270=EDGE_LOOP('',(#841,#842,#843,#844,#845));
#8271=EDGE_LOOP('',(#846,#847,#848,#849,#850,#851,#852,#853,#854,#855,#856));
#8272=EDGE_LOOP('',(#857,#858,#859,#860));
#8273=EDGE_LOOP('',(#861,#862,#863,#864));
#8274=EDGE_LOOP('',(#865,#866,#867,#868,#869));
#8275=EDGE_LOOP('',(#870,#871,#872,#873));
#8276=EDGE_LOOP('',(#874,#875,#876,#877,#878,#879,#880,#881,#882,#883,#884));
#8277=EDGE_LOOP('',(#885,#886,#887));
#8278=EDGE_LOOP('',(#888,#889,#890,#891));
#8279=EDGE_LOOP('',(#892,#893,#894,#895,#896,#897,#898));
#8280=EDGE_LOOP('',(#899,#900,#901,#902));
#8281=EDGE_LOOP('',(#903,#904,#905,#906));
#8282=EDGE_LOOP('',(#907,#908,#909));
#8283=EDGE_LOOP('',(#910,#911,#912,#913));
#8284=EDGE_LOOP('',(#914,#915,#916,#917));
#8285=EDGE_LOOP('',(#918,#919,#920,#921));
#8286=EDGE_LOOP('',(#922,#923,#924,#925,#926));
#8287=EDGE_LOOP('',(#927,#928,#929,#930));
#8288=EDGE_LOOP('',(#931,#932,#933,#934,#935,#936,#937,#938,#939,#940));
#8289=EDGE_LOOP('',(#941,#942,#943,#944,#945,#946,#947));
#8290=EDGE_LOOP('',(#948,#949,#950,#951,#952,#953,#954));
#8291=EDGE_LOOP('',(#955,#956,#957,#958,#959,#960,#961,#962,#963,#964));
#8292=EDGE_LOOP('',(#965,#966,#967,#968));
#8293=EDGE_LOOP('',(#969,#970,#971,#972));
#8294=EDGE_LOOP('',(#973,#974,#975,#976));
#8295=EDGE_LOOP('',(#977,#978,#979,#980));
#8296=EDGE_LOOP('',(#981,#982,#983,#984));
#8297=EDGE_LOOP('',(#985,#986,#987,#988,#989));
#8298=EDGE_LOOP('',(#990,#991,#992,#993));
#8299=EDGE_LOOP('',(#994,#995,#996,#997));
#8300=EDGE_LOOP('',(#998,#999,#1000,#1001));
#8301=EDGE_LOOP('',(#1002,#1003,#1004,#1005));
#8302=EDGE_LOOP('',(#1006,#1007,#1008,#1009));
#8303=EDGE_LOOP('',(#1010,#1011,#1012,#1013));
#8304=EDGE_LOOP('',(#1014,#1015,#1016,#1017));
#8305=EDGE_LOOP('',(#1018,#1019,#1020,#1021));
#8306=EDGE_LOOP('',(#1022,#1023,#1024,#1025));
#8307=EDGE_LOOP('',(#1026,#1027,#1028,#1029,#1030,#1031));
#8308=EDGE_LOOP('',(#1032,#1033,#1034,#1035));
#8309=EDGE_LOOP('',(#1036,#1037,#1038,#1039));
#8310=EDGE_LOOP('',(#1040,#1041,#1042,#1043));
#8311=EDGE_LOOP('',(#1044,#1045,#1046,#1047));
#8312=EDGE_LOOP('',(#1048,#1049,#1050,#1051,#1052,#1053,#1054,#1055,#1056,
#1057,#1058,#1059));
#8313=EDGE_LOOP('',(#1060,#1061,#1062,#1063));
#8314=EDGE_LOOP('',(#1064,#1065,#1066,#1067,#1068,#1069,#1070,#1071,#1072,
#1073));
#8315=EDGE_LOOP('',(#1074,#1075,#1076,#1077));
#8316=EDGE_LOOP('',(#1078,#1079,#1080,#1081));
#8317=EDGE_LOOP('',(#1082,#1083,#1084,#1085));
#8318=EDGE_LOOP('',(#1086,#1087,#1088,#1089));
#8319=EDGE_LOOP('',(#1090,#1091,#1092,#1093));
#8320=EDGE_LOOP('',(#1094,#1095,#1096,#1097,#1098));
#8321=EDGE_LOOP('',(#1099,#1100,#1101,#1102));
#8322=EDGE_LOOP('',(#1103,#1104,#1105,#1106));
#8323=EDGE_LOOP('',(#1107,#1108,#1109,#1110));
#8324=EDGE_LOOP('',(#1111,#1112,#1113,#1114,#1115,#1116));
#8325=EDGE_LOOP('',(#1117,#1118,#1119,#1120));
#8326=EDGE_LOOP('',(#1121,#1122,#1123,#1124));
#8327=EDGE_LOOP('',(#1125,#1126,#1127,#1128));
#8328=EDGE_LOOP('',(#1129,#1130,#1131,#1132));
#8329=EDGE_LOOP('',(#1133,#1134,#1135,#1136));
#8330=EDGE_LOOP('',(#1137,#1138,#1139,#1140,#1141,#1142,#1143,#1144,#1145,
#1146));
#8331=EDGE_LOOP('',(#1147,#1148,#1149,#1150));
#8332=EDGE_LOOP('',(#1151,#1152,#1153,#1154));
#8333=EDGE_LOOP('',(#1155,#1156,#1157,#1158));
#8334=EDGE_LOOP('',(#1159,#1160,#1161,#1162,#1163,#1164,#1165,#1166,#1167,
#1168,#1169,#1170,#1171,#1172,#1173,#1174,#1175,#1176,#1177,#1178,#1179,
#1180,#1181,#1182,#1183,#1184,#1185,#1186,#1187,#1188,#1189,#1190,#1191,
#1192,#1193,#1194,#1195,#1196));
#8335=EDGE_LOOP('',(#1197,#1198,#1199,#1200,#1201,#1202,#1203,#1204,#1205,
#1206,#1207,#1208));
#8336=EDGE_LOOP('',(#1209,#1210,#1211,#1212));
#8337=EDGE_LOOP('',(#1213,#1214,#1215,#1216));
#8338=EDGE_LOOP('',(#1217,#1218,#1219,#1220));
#8339=EDGE_LOOP('',(#1221,#1222,#1223,#1224));
#8340=EDGE_LOOP('',(#1225,#1226,#1227,#1228,#1229,#1230));
#8341=EDGE_LOOP('',(#1231,#1232,#1233,#1234));
#8342=EDGE_LOOP('',(#1235,#1236,#1237,#1238));
#8343=EDGE_LOOP('',(#1239,#1240,#1241,#1242));
#8344=EDGE_LOOP('',(#1243,#1244,#1245,#1246));
#8345=EDGE_LOOP('',(#1247,#1248,#1249,#1250));
#8346=EDGE_LOOP('',(#1251,#1252,#1253,#1254));
#8347=EDGE_LOOP('',(#1255,#1256,#1257,#1258,#1259,#1260,#1261,#1262,#1263,
#1264));
#8348=EDGE_LOOP('',(#1265,#1266,#1267));
#8349=EDGE_LOOP('',(#1268,#1269,#1270,#1271,#1272));
#8350=EDGE_LOOP('',(#1273,#1274,#1275,#1276,#1277,#1278,#1279,#1280,#1281,
#1282,#1283));
#8351=EDGE_LOOP('',(#1284,#1285,#1286,#1287));
#8352=EDGE_LOOP('',(#1288,#1289,#1290,#1291,#1292));
#8353=EDGE_LOOP('',(#1293,#1294,#1295,#1296));
#8354=EDGE_LOOP('',(#1297,#1298,#1299,#1300,#1301,#1302));
#8355=EDGE_LOOP('',(#1303,#1304,#1305,#1306,#1307));
#8356=EDGE_LOOP('',(#1308,#1309,#1310,#1311));
#8357=EDGE_LOOP('',(#1312,#1313,#1314,#1315,#1316));
#8358=EDGE_LOOP('',(#1317,#1318,#1319,#1320));
#8359=EDGE_LOOP('',(#1321,#1322,#1323,#1324));
#8360=EDGE_LOOP('',(#1325,#1326,#1327,#1328));
#8361=EDGE_LOOP('',(#1329,#1330,#1331,#1332));
#8362=EDGE_LOOP('',(#1333,#1334,#1335,#1336));
#8363=EDGE_LOOP('',(#1337,#1338,#1339,#1340));
#8364=EDGE_LOOP('',(#1341,#1342,#1343,#1344));
#8365=EDGE_LOOP('',(#1345,#1346,#1347,#1348));
#8366=EDGE_LOOP('',(#1349,#1350,#1351,#1352,#1353,#1354,#1355));
#8367=EDGE_LOOP('',(#1356,#1357,#1358,#1359));
#8368=EDGE_LOOP('',(#1360,#1361,#1362,#1363));
#8369=EDGE_LOOP('',(#1364,#1365,#1366));
#8370=EDGE_LOOP('',(#1367,#1368,#1369,#1370));
#8371=EDGE_LOOP('',(#1371,#1372,#1373,#1374));
#8372=EDGE_LOOP('',(#1375,#1376,#1377,#1378));
#8373=EDGE_LOOP('',(#1379,#1380,#1381,#1382));
#8374=EDGE_LOOP('',(#1383,#1384,#1385,#1386));
#8375=EDGE_LOOP('',(#1387,#1388,#1389,#1390));
#8376=EDGE_LOOP('',(#1391,#1392,#1393,#1394));
#8377=EDGE_LOOP('',(#1395,#1396,#1397,#1398,#1399,#1400,#1401));
#8378=EDGE_LOOP('',(#1402,#1403,#1404,#1405));
#8379=EDGE_LOOP('',(#1406,#1407,#1408,#1409,#1410,#1411,#1412,#1413,#1414,
#1415,#1416));
#8380=EDGE_LOOP('',(#1417,#1418,#1419,#1420));
#8381=EDGE_LOOP('',(#1421,#1422,#1423,#1424));
#8382=EDGE_LOOP('',(#1425,#1426,#1427,#1428));
#8383=EDGE_LOOP('',(#1429,#1430,#1431,#1432));
#8384=EDGE_LOOP('',(#1433,#1434,#1435,#1436,#1437));
#8385=EDGE_LOOP('',(#1438,#1439,#1440,#1441));
#8386=EDGE_LOOP('',(#1442,#1443,#1444,#1445,#1446,#1447,#1448,#1449,#1450,
#1451));
#8387=EDGE_LOOP('',(#1452,#1453,#1454,#1455));
#8388=EDGE_LOOP('',(#1456,#1457,#1458,#1459));
#8389=EDGE_LOOP('',(#1460,#1461,#1462,#1463));
#8390=EDGE_LOOP('',(#1464,#1465,#1466,#1467));
#8391=EDGE_LOOP('',(#1468,#1469,#1470,#1471));
#8392=EDGE_LOOP('',(#1472,#1473,#1474,#1475));
#8393=EDGE_LOOP('',(#1476,#1477,#1478,#1479));
#8394=EDGE_LOOP('',(#1480,#1481,#1482,#1483));
#8395=EDGE_LOOP('',(#1484,#1485,#1486,#1487,#1488,#1489,#1490));
#8396=EDGE_LOOP('',(#1491,#1492,#1493,#1494,#1495,#1496));
#8397=EDGE_LOOP('',(#1497,#1498,#1499,#1500,#1501,#1502,#1503,#1504,#1505,
#1506));
#8398=EDGE_LOOP('',(#1507,#1508,#1509,#1510));
#8399=EDGE_LOOP('',(#1511,#1512,#1513,#1514));
#8400=EDGE_LOOP('',(#1515,#1516,#1517,#1518));
#8401=EDGE_LOOP('',(#1519,#1520,#1521,#1522));
#8402=EDGE_LOOP('',(#1523,#1524,#1525,#1526));
#8403=EDGE_LOOP('',(#1527,#1528,#1529,#1530));
#8404=EDGE_LOOP('',(#1531,#1532,#1533,#1534));
#8405=EDGE_LOOP('',(#1535,#1536,#1537,#1538));
#8406=EDGE_LOOP('',(#1539,#1540,#1541,#1542,#1543,#1544,#1545,#1546,#1547,
#1548));
#8407=EDGE_LOOP('',(#1549,#1550,#1551,#1552));
#8408=EDGE_LOOP('',(#1553,#1554,#1555,#1556));
#8409=EDGE_LOOP('',(#1557,#1558,#1559,#1560));
#8410=EDGE_LOOP('',(#1561,#1562,#1563,#1564));
#8411=EDGE_LOOP('',(#1565,#1566,#1567,#1568));
#8412=EDGE_LOOP('',(#1569,#1570,#1571,#1572));
#8413=EDGE_LOOP('',(#1573,#1574,#1575,#1576));
#8414=EDGE_LOOP('',(#1577,#1578,#1579,#1580));
#8415=EDGE_LOOP('',(#1581,#1582,#1583,#1584));
#8416=EDGE_LOOP('',(#1585,#1586,#1587,#1588));
#8417=EDGE_LOOP('',(#1589,#1590,#1591,#1592));
#8418=EDGE_LOOP('',(#1593,#1594,#1595,#1596));
#8419=EDGE_LOOP('',(#1597,#1598,#1599,#1600));
#8420=EDGE_LOOP('',(#1601,#1602,#1603,#1604));
#8421=EDGE_LOOP('',(#1605,#1606,#1607,#1608));
#8422=EDGE_LOOP('',(#1609,#1610,#1611,#1612));
#8423=EDGE_LOOP('',(#1613,#1614,#1615,#1616));
#8424=EDGE_LOOP('',(#1617,#1618,#1619,#1620));
#8425=EDGE_LOOP('',(#1621,#1622,#1623,#1624));
#8426=EDGE_LOOP('',(#1625,#1626,#1627,#1628));
#8427=EDGE_LOOP('',(#1629,#1630,#1631,#1632));
#8428=EDGE_LOOP('',(#1633,#1634,#1635,#1636,#1637,#1638,#1639,#1640,#1641,
#1642));
#8429=EDGE_LOOP('',(#1643,#1644,#1645,#1646));
#8430=EDGE_LOOP('',(#1647,#1648,#1649,#1650));
#8431=EDGE_LOOP('',(#1651,#1652,#1653,#1654));
#8432=EDGE_LOOP('',(#1655,#1656,#1657,#1658));
#8433=EDGE_LOOP('',(#1659,#1660,#1661,#1662));
#8434=EDGE_LOOP('',(#1663,#1664,#1665,#1666));
#8435=EDGE_LOOP('',(#1667,#1668,#1669,#1670));
#8436=EDGE_LOOP('',(#1671,#1672,#1673,#1674));
#8437=EDGE_LOOP('',(#1675,#1676,#1677));
#8438=EDGE_LOOP('',(#1678,#1679,#1680,#1681));
#8439=EDGE_LOOP('',(#1682,#1683,#1684,#1685));
#8440=EDGE_LOOP('',(#1686,#1687,#1688,#1689));
#8441=EDGE_LOOP('',(#1690,#1691,#1692,#1693));
#8442=EDGE_LOOP('',(#1694,#1695,#1696,#1697));
#8443=EDGE_LOOP('',(#1698,#1699,#1700,#1701,#1702,#1703,#1704,#1705,#1706,
#1707,#1708));
#8444=EDGE_LOOP('',(#1709,#1710,#1711,#1712));
#8445=EDGE_LOOP('',(#1713,#1714,#1715,#1716));
#8446=EDGE_LOOP('',(#1717,#1718,#1719,#1720,#1721,#1722,#1723));
#8447=EDGE_LOOP('',(#1724,#1725,#1726,#1727,#1728,#1729,#1730));
#8448=EDGE_LOOP('',(#1731,#1732,#1733,#1734));
#8449=EDGE_LOOP('',(#1735,#1736,#1737,#1738));
#8450=EDGE_LOOP('',(#1739,#1740,#1741,#1742));
#8451=EDGE_LOOP('',(#1743,#1744,#1745));
#8452=EDGE_LOOP('',(#1746,#1747,#1748,#1749));
#8453=EDGE_LOOP('',(#1750,#1751,#1752,#1753));
#8454=EDGE_LOOP('',(#1754,#1755,#1756,#1757));
#8455=EDGE_LOOP('',(#1758,#1759,#1760,#1761));
#8456=EDGE_LOOP('',(#1762,#1763,#1764,#1765,#1766,#1767,#1768,#1769,#1770,
#1771,#1772));
#8457=EDGE_LOOP('',(#1773,#1774,#1775,#1776));
#8458=EDGE_LOOP('',(#1777,#1778,#1779,#1780));
#8459=EDGE_LOOP('',(#1781,#1782,#1783,#1784));
#8460=EDGE_LOOP('',(#1785,#1786,#1787,#1788,#1789,#1790,#1791));
#8461=EDGE_LOOP('',(#1792,#1793,#1794,#1795));
#8462=EDGE_LOOP('',(#1796,#1797,#1798,#1799,#1800,#1801,#1802));
#8463=EDGE_LOOP('',(#1803,#1804,#1805,#1806));
#8464=EDGE_LOOP('',(#1807,#1808,#1809,#1810));
#8465=EDGE_LOOP('',(#1811,#1812,#1813,#1814));
#8466=EDGE_LOOP('',(#1815,#1816,#1817,#1818));
#8467=EDGE_LOOP('',(#1819,#1820,#1821,#1822,#1823,#1824,#1825,#1826));
#8468=EDGE_LOOP('',(#1827,#1828,#1829,#1830));
#8469=EDGE_LOOP('',(#1831,#1832,#1833,#1834));
#8470=EDGE_LOOP('',(#1835,#1836,#1837,#1838));
#8471=EDGE_LOOP('',(#1839,#1840,#1841,#1842));
#8472=EDGE_LOOP('',(#1843,#1844,#1845));
#8473=EDGE_LOOP('',(#1846,#1847,#1848,#1849));
#8474=EDGE_LOOP('',(#1850,#1851,#1852,#1853));
#8475=EDGE_LOOP('',(#1854,#1855,#1856,#1857));
#8476=EDGE_LOOP('',(#1858,#1859,#1860,#1861));
#8477=EDGE_LOOP('',(#1862,#1863,#1864,#1865));
#8478=EDGE_LOOP('',(#1866,#1867,#1868,#1869,#1870,#1871,#1872,#1873));
#8479=EDGE_LOOP('',(#1874,#1875,#1876,#1877));
#8480=EDGE_LOOP('',(#1878,#1879,#1880,#1881,#1882,#1883,#1884,#1885,#1886,
#1887,#1888,#1889,#1890,#1891,#1892,#1893,#1894,#1895,#1896,#1897,#1898,
#1899,#1900,#1901));
#8481=EDGE_LOOP('',(#1902,#1903,#1904,#1905));
#8482=EDGE_LOOP('',(#1906,#1907,#1908,#1909,#1910,#1911,#1912));
#8483=EDGE_LOOP('',(#1913,#1914,#1915,#1916));
#8484=EDGE_LOOP('',(#1917,#1918,#1919,#1920,#1921));
#8485=EDGE_LOOP('',(#1922,#1923,#1924,#1925));
#8486=EDGE_LOOP('',(#1926,#1927,#1928,#1929,#1930,#1931,#1932));
#8487=EDGE_LOOP('',(#1933,#1934,#1935,#1936));
#8488=EDGE_LOOP('',(#1937,#1938,#1939));
#8489=EDGE_LOOP('',(#1940,#1941,#1942,#1943,#1944,#1945,#1946));
#8490=EDGE_LOOP('',(#1947,#1948,#1949,#1950));
#8491=EDGE_LOOP('',(#1951,#1952,#1953,#1954,#1955,#1956,#1957));
#8492=EDGE_LOOP('',(#1958,#1959,#1960,#1961));
#8493=EDGE_LOOP('',(#1962,#1963,#1964,#1965));
#8494=EDGE_LOOP('',(#1966,#1967,#1968,#1969));
#8495=EDGE_LOOP('',(#1970,#1971,#1972,#1973,#1974,#1975,#1976,#1977,#1978,
#1979,#1980,#1981,#1982,#1983,#1984,#1985,#1986,#1987,#1988,#1989,#1990,
#1991,#1992,#1993,#1994,#1995,#1996,#1997,#1998,#1999,#2000,#2001,#2002,
#2003,#2004,#2005,#2006,#2007,#2008,#2009,#2010,#2011,#2012,#2013,#2014,
#2015,#2016,#2017));
#8496=EDGE_LOOP('',(#2018,#2019,#2020,#2021));
#8497=EDGE_LOOP('',(#2022,#2023,#2024,#2025));
#8498=EDGE_LOOP('',(#2026,#2027,#2028,#2029,#2030,#2031,#2032,#2033,#2034,
#2035));
#8499=EDGE_LOOP('',(#2036,#2037,#2038,#2039));
#8500=EDGE_LOOP('',(#2040,#2041,#2042,#2043));
#8501=EDGE_LOOP('',(#2044,#2045,#2046,#2047));
#8502=EDGE_LOOP('',(#2048,#2049,#2050,#2051));
#8503=EDGE_LOOP('',(#2052,#2053,#2054,#2055,#2056));
#8504=EDGE_LOOP('',(#2057,#2058,#2059,#2060));
#8505=EDGE_LOOP('',(#2061,#2062,#2063,#2064,#2065,#2066));
#8506=EDGE_LOOP('',(#2067,#2068,#2069,#2070,#2071,#2072,#2073,#2074,#2075,
#2076,#2077,#2078,#2079,#2080,#2081,#2082,#2083,#2084,#2085,#2086,#2087,
#2088,#2089,#2090,#2091,#2092,#2093,#2094,#2095,#2096,#2097,#2098,#2099,
#2100,#2101,#2102,#2103,#2104,#2105,#2106,#2107,#2108,#2109,#2110,#2111,
#2112,#2113,#2114,#2115,#2116,#2117,#2118));
#8507=EDGE_LOOP('',(#2119,#2120,#2121,#2122));
#8508=EDGE_LOOP('',(#2123,#2124,#2125,#2126));
#8509=EDGE_LOOP('',(#2127,#2128,#2129,#2130));
#8510=EDGE_LOOP('',(#2131,#2132,#2133,#2134));
#8511=EDGE_LOOP('',(#2135,#2136,#2137,#2138,#2139,#2140,#2141,#2142,#2143,
#2144,#2145));
#8512=EDGE_LOOP('',(#2146,#2147,#2148,#2149));
#8513=EDGE_LOOP('',(#2150,#2151,#2152,#2153,#2154,#2155,#2156,#2157,#2158,
#2159,#2160));
#8514=EDGE_LOOP('',(#2161,#2162,#2163,#2164));
#8515=EDGE_LOOP('',(#2165,#2166,#2167,#2168));
#8516=EDGE_LOOP('',(#2169,#2170,#2171,#2172));
#8517=EDGE_LOOP('',(#2173,#2174,#2175,#2176));
#8518=EDGE_LOOP('',(#2177,#2178,#2179,#2180));
#8519=EDGE_LOOP('',(#2181,#2182,#2183,#2184));
#8520=EDGE_LOOP('',(#2185,#2186,#2187,#2188));
#8521=EDGE_LOOP('',(#2189,#2190,#2191,#2192,#2193,#2194,#2195));
#8522=EDGE_LOOP('',(#2196,#2197,#2198,#2199));
#8523=EDGE_LOOP('',(#2200,#2201,#2202,#2203,#2204,#2205,#2206));
#8524=EDGE_LOOP('',(#2207,#2208,#2209,#2210));
#8525=EDGE_LOOP('',(#2211,#2212,#2213,#2214));
#8526=EDGE_LOOP('',(#2215,#2216,#2217,#2218));
#8527=EDGE_LOOP('',(#2219,#2220,#2221,#2222));
#8528=EDGE_LOOP('',(#2223,#2224,#2225,#2226,#2227,#2228,#2229,#2230,#2231,
#2232,#2233));
#8529=EDGE_LOOP('',(#2234,#2235,#2236,#2237));
#8530=EDGE_LOOP('',(#2238,#2239,#2240,#2241,#2242,#2243));
#8531=EDGE_LOOP('',(#2244,#2245,#2246,#2247,#2248,#2249));
#8532=EDGE_LOOP('',(#2250,#2251,#2252,#2253));
#8533=EDGE_LOOP('',(#2254,#2255,#2256,#2257));
#8534=EDGE_LOOP('',(#2258,#2259,#2260,#2261));
#8535=EDGE_LOOP('',(#2262,#2263,#2264,#2265));
#8536=EDGE_LOOP('',(#2266,#2267,#2268,#2269));
#8537=EDGE_LOOP('',(#2270,#2271,#2272,#2273,#2274,#2275,#2276,#2277,#2278,
#2279,#2280,#2281,#2282,#2283,#2284,#2285));
#8538=EDGE_LOOP('',(#2286,#2287,#2288,#2289));
#8539=EDGE_LOOP('',(#2290,#2291,#2292,#2293));
#8540=EDGE_LOOP('',(#2294,#2295,#2296,#2297));
#8541=EDGE_LOOP('',(#2298,#2299,#2300,#2301));
#8542=EDGE_LOOP('',(#2302,#2303,#2304,#2305));
#8543=EDGE_LOOP('',(#2306,#2307,#2308,#2309,#2310));
#8544=EDGE_LOOP('',(#2311,#2312,#2313,#2314));
#8545=EDGE_LOOP('',(#2315,#2316,#2317,#2318));
#8546=EDGE_LOOP('',(#2319,#2320,#2321,#2322));
#8547=EDGE_LOOP('',(#2323,#2324,#2325,#2326,#2327,#2328,#2329));
#8548=EDGE_LOOP('',(#2330,#2331,#2332,#2333));
#8549=EDGE_LOOP('',(#2334,#2335,#2336,#2337));
#8550=EDGE_LOOP('',(#2338,#2339,#2340,#2341));
#8551=EDGE_LOOP('',(#2342,#2343,#2344,#2345,#2346,#2347));
#8552=EDGE_LOOP('',(#2348,#2349,#2350,#2351));
#8553=EDGE_LOOP('',(#2352,#2353,#2354,#2355));
#8554=EDGE_LOOP('',(#2356,#2357,#2358,#2359));
#8555=EDGE_LOOP('',(#2360,#2361,#2362,#2363,#2364));
#8556=EDGE_LOOP('',(#2365,#2366,#2367,#2368));
#8557=EDGE_LOOP('',(#2369,#2370,#2371,#2372,#2373));
#8558=EDGE_LOOP('',(#2374,#2375,#2376,#2377));
#8559=EDGE_LOOP('',(#2378,#2379,#2380,#2381));
#8560=EDGE_LOOP('',(#2382,#2383,#2384,#2385));
#8561=EDGE_LOOP('',(#2386,#2387,#2388,#2389,#2390,#2391));
#8562=EDGE_LOOP('',(#2392,#2393,#2394,#2395,#2396));
#8563=EDGE_LOOP('',(#2397,#2398,#2399,#2400));
#8564=EDGE_LOOP('',(#2401,#2402,#2403,#2404));
#8565=EDGE_LOOP('',(#2405,#2406,#2407,#2408));
#8566=EDGE_LOOP('',(#2409,#2410,#2411,#2412,#2413,#2414,#2415,#2416,#2417,
#2418,#2419,#2420,#2421,#2422,#2423,#2424,#2425,#2426,#2427,#2428,#2429,
#2430,#2431,#2432));
#8567=EDGE_LOOP('',(#2433,#2434,#2435,#2436,#2437,#2438,#2439,#2440));
#8568=EDGE_LOOP('',(#2441,#2442,#2443,#2444));
#8569=EDGE_LOOP('',(#2445,#2446,#2447,#2448));
#8570=EDGE_LOOP('',(#2449,#2450,#2451,#2452));
#8571=EDGE_LOOP('',(#2453,#2454,#2455,#2456));
#8572=EDGE_LOOP('',(#2457,#2458,#2459,#2460));
#8573=EDGE_LOOP('',(#2461,#2462,#2463,#2464));
#8574=EDGE_LOOP('',(#2465,#2466,#2467,#2468));
#8575=EDGE_LOOP('',(#2469,#2470,#2471,#2472));
#8576=EDGE_LOOP('',(#2473,#2474,#2475,#2476,#2477,#2478));
#8577=EDGE_LOOP('',(#2479,#2480,#2481,#2482));
#8578=EDGE_LOOP('',(#2483,#2484,#2485,#2486));
#8579=EDGE_LOOP('',(#2487,#2488,#2489,#2490));
#8580=EDGE_LOOP('',(#2491,#2492,#2493,#2494));
#8581=EDGE_LOOP('',(#2495,#2496,#2497,#2498));
#8582=EDGE_LOOP('',(#2499,#2500,#2501,#2502,#2503,#2504,#2505,#2506));
#8583=EDGE_LOOP('',(#2507,#2508,#2509,#2510));
#8584=EDGE_LOOP('',(#2511,#2512,#2513,#2514,#2515,#2516,#2517,#2518,#2519,
#2520));
#8585=EDGE_LOOP('',(#2521,#2522,#2523,#2524,#2525,#2526,#2527,#2528));
#8586=EDGE_LOOP('',(#2529,#2530,#2531,#2532,#2533,#2534,#2535,#2536,#2537,
#2538,#2539,#2540,#2541,#2542,#2543,#2544,#2545,#2546,#2547,#2548,#2549,
#2550,#2551,#2552));
#8587=EDGE_LOOP('',(#2553,#2554,#2555,#2556));
#8588=EDGE_LOOP('',(#2557,#2558,#2559,#2560));
#8589=EDGE_LOOP('',(#2561,#2562,#2563,#2564));
#8590=EDGE_LOOP('',(#2565,#2566,#2567,#2568));
#8591=EDGE_LOOP('',(#2569,#2570,#2571,#2572));
#8592=EDGE_LOOP('',(#2573,#2574,#2575,#2576));
#8593=EDGE_LOOP('',(#2577,#2578,#2579,#2580));
#8594=EDGE_LOOP('',(#2581,#2582,#2583,#2584));
#8595=EDGE_LOOP('',(#2585,#2586,#2587,#2588));
#8596=EDGE_LOOP('',(#2589,#2590,#2591,#2592));
#8597=EDGE_LOOP('',(#2593,#2594,#2595,#2596));
#8598=EDGE_LOOP('',(#2597,#2598,#2599,#2600));
#8599=EDGE_LOOP('',(#2601,#2602,#2603,#2604));
#8600=EDGE_LOOP('',(#2605,#2606,#2607,#2608,#2609,#2610,#2611,#2612,#2613,
#2614,#2615,#2616));
#8601=EDGE_LOOP('',(#2617,#2618,#2619,#2620));
#8602=EDGE_LOOP('',(#2621,#2622,#2623,#2624));
#8603=EDGE_LOOP('',(#2625,#2626,#2627,#2628,#2629,#2630));
#8604=EDGE_LOOP('',(#2631,#2632,#2633,#2634));
#8605=EDGE_LOOP('',(#2635,#2636,#2637,#2638));
#8606=EDGE_LOOP('',(#2639,#2640,#2641,#2642));
#8607=EDGE_LOOP('',(#2643,#2644,#2645,#2646));
#8608=EDGE_LOOP('',(#2647,#2648,#2649,#2650));
#8609=EDGE_LOOP('',(#2651,#2652,#2653,#2654));
#8610=EDGE_LOOP('',(#2655,#2656,#2657,#2658));
#8611=EDGE_LOOP('',(#2659,#2660,#2661,#2662));
#8612=EDGE_LOOP('',(#2663,#2664,#2665,#2666));
#8613=EDGE_LOOP('',(#2667,#2668,#2669,#2670));
#8614=EDGE_LOOP('',(#2671,#2672,#2673,#2674));
#8615=EDGE_LOOP('',(#2675,#2676,#2677,#2678));
#8616=EDGE_LOOP('',(#2679,#2680,#2681,#2682));
#8617=EDGE_LOOP('',(#2683,#2684,#2685,#2686));
#8618=EDGE_LOOP('',(#2687,#2688,#2689,#2690));
#8619=EDGE_LOOP('',(#2691,#2692,#2693,#2694));
#8620=EDGE_LOOP('',(#2695,#2696,#2697,#2698,#2699));
#8621=EDGE_LOOP('',(#2700,#2701,#2702,#2703));
#8622=EDGE_LOOP('',(#2704,#2705,#2706,#2707));
#8623=EDGE_LOOP('',(#2708,#2709,#2710,#2711));
#8624=EDGE_LOOP('',(#2712,#2713,#2714,#2715,#2716,#2717,#2718,#2719,#2720,
#2721,#2722,#2723,#2724,#2725,#2726,#2727,#2728,#2729,#2730,#2731));
#8625=EDGE_LOOP('',(#2732,#2733,#2734,#2735,#2736,#2737,#2738,#2739,#2740,
#2741,#2742,#2743,#2744,#2745,#2746,#2747,#2748,#2749,#2750,#2751));
#8626=EDGE_LOOP('',(#2752,#2753,#2754,#2755,#2756,#2757,#2758,#2759,#2760,
#2761,#2762,#2763,#2764,#2765,#2766,#2767,#2768,#2769,#2770,#2771,#2772,
#2773,#2774,#2775,#2776,#2777,#2778,#2779,#2780,#2781));
#8627=EDGE_LOOP('',(#2782,#2783,#2784,#2785));
#8628=EDGE_LOOP('',(#2786,#2787,#2788,#2789));
#8629=EDGE_LOOP('',(#2790,#2791,#2792,#2793));
#8630=EDGE_LOOP('',(#2794,#2795,#2796,#2797,#2798));
#8631=EDGE_LOOP('',(#2799,#2800,#2801,#2802));
#8632=EDGE_LOOP('',(#2803,#2804,#2805,#2806));
#8633=EDGE_LOOP('',(#2807,#2808,#2809,#2810));
#8634=EDGE_LOOP('',(#2811,#2812,#2813,#2814,#2815,#2816,#2817,#2818));
#8635=EDGE_LOOP('',(#2819,#2820,#2821,#2822));
#8636=EDGE_LOOP('',(#2823,#2824,#2825,#2826));
#8637=EDGE_LOOP('',(#2827,#2828,#2829,#2830));
#8638=EDGE_LOOP('',(#2831,#2832,#2833,#2834,#2835,#2836,#2837,#2838,#2839,
#2840,#2841,#2842,#2843,#2844,#2845,#2846,#2847,#2848,#2849,#2850,#2851,
#2852,#2853,#2854,#2855,#2856,#2857,#2858));
#8639=EDGE_LOOP('',(#2859,#2860,#2861,#2862));
#8640=EDGE_LOOP('',(#2863,#2864,#2865,#2866));
#8641=EDGE_LOOP('',(#2867,#2868,#2869,#2870));
#8642=EDGE_LOOP('',(#2871,#2872,#2873,#2874));
#8643=EDGE_LOOP('',(#2875,#2876,#2877,#2878));
#8644=EDGE_LOOP('',(#2879,#2880,#2881,#2882));
#8645=EDGE_LOOP('',(#2883,#2884,#2885,#2886));
#8646=EDGE_LOOP('',(#2887,#2888,#2889,#2890));
#8647=EDGE_LOOP('',(#2891,#2892,#2893,#2894));
#8648=EDGE_LOOP('',(#2895,#2896,#2897,#2898));
#8649=EDGE_LOOP('',(#2899,#2900,#2901,#2902));
#8650=EDGE_LOOP('',(#2903,#2904,#2905,#2906));
#8651=EDGE_LOOP('',(#2907,#2908,#2909,#2910));
#8652=EDGE_LOOP('',(#2911,#2912,#2913,#2914));
#8653=EDGE_LOOP('',(#2915,#2916,#2917,#2918,#2919,#2920));
#8654=EDGE_LOOP('',(#2921,#2922,#2923,#2924,#2925,#2926,#2927));
#8655=EDGE_LOOP('',(#2928,#2929,#2930,#2931));
#8656=EDGE_LOOP('',(#2932,#2933,#2934,#2935));
#8657=EDGE_LOOP('',(#2936,#2937,#2938,#2939,#2940,#2941));
#8658=EDGE_LOOP('',(#2942,#2943,#2944,#2945));
#8659=EDGE_LOOP('',(#2946,#2947,#2948,#2949));
#8660=EDGE_LOOP('',(#2950,#2951,#2952,#2953));
#8661=EDGE_LOOP('',(#2954,#2955,#2956,#2957));
#8662=EDGE_LOOP('',(#2958,#2959,#2960,#2961));
#8663=EDGE_LOOP('',(#2962,#2963,#2964,#2965));
#8664=EDGE_LOOP('',(#2966,#2967,#2968,#2969));
#8665=EDGE_LOOP('',(#2970,#2971,#2972,#2973));
#8666=EDGE_LOOP('',(#2974,#2975,#2976,#2977,#2978,#2979,#2980,#2981,#2982,
#2983,#2984,#2985,#2986,#2987,#2988,#2989));
#8667=EDGE_LOOP('',(#2990,#2991,#2992,#2993,#2994));
#8668=EDGE_LOOP('',(#2995,#2996,#2997,#2998));
#8669=EDGE_LOOP('',(#2999,#3000,#3001,#3002));
#8670=EDGE_LOOP('',(#3003,#3004,#3005,#3006));
#8671=EDGE_LOOP('',(#3007,#3008,#3009,#3010));
#8672=EDGE_LOOP('',(#3011,#3012,#3013,#3014));
#8673=EDGE_LOOP('',(#3015,#3016,#3017,#3018));
#8674=EDGE_LOOP('',(#3019,#3020,#3021,#3022));
#8675=EDGE_LOOP('',(#3023,#3024,#3025,#3026));
#8676=EDGE_LOOP('',(#3027,#3028,#3029,#3030,#3031,#3032));
#8677=EDGE_LOOP('',(#3033,#3034,#3035,#3036,#3037,#3038));
#8678=EDGE_LOOP('',(#3039,#3040,#3041,#3042));
#8679=EDGE_LOOP('',(#3043,#3044,#3045,#3046));
#8680=EDGE_LOOP('',(#3047,#3048,#3049,#3050));
#8681=EDGE_LOOP('',(#3051,#3052,#3053,#3054));
#8682=EDGE_LOOP('',(#3055,#3056,#3057,#3058));
#8683=EDGE_LOOP('',(#3059,#3060,#3061,#3062));
#8684=EDGE_LOOP('',(#3063,#3064,#3065,#3066));
#8685=EDGE_LOOP('',(#3067,#3068,#3069,#3070));
#8686=EDGE_LOOP('',(#3071,#3072,#3073,#3074));
#8687=EDGE_LOOP('',(#3075,#3076,#3077,#3078,#3079,#3080,#3081,#3082,#3083,
#3084,#3085,#3086));
#8688=EDGE_LOOP('',(#3087,#3088,#3089,#3090,#3091,#3092,#3093,#3094,#3095,
#3096,#3097,#3098));
#8689=EDGE_LOOP('',(#3099,#3100,#3101,#3102));
#8690=EDGE_LOOP('',(#3103,#3104,#3105,#3106));
#8691=EDGE_LOOP('',(#3107,#3108,#3109,#3110,#3111,#3112));
#8692=EDGE_LOOP('',(#3113,#3114,#3115,#3116,#3117,#3118,#3119,#3120,#3121,
#3122,#3123,#3124,#3125,#3126,#3127,#3128));
#8693=EDGE_LOOP('',(#3129,#3130,#3131,#3132));
#8694=EDGE_LOOP('',(#3133,#3134,#3135,#3136));
#8695=EDGE_LOOP('',(#3137,#3138,#3139,#3140));
#8696=EDGE_LOOP('',(#3141,#3142,#3143,#3144));
#8697=EDGE_LOOP('',(#3145,#3146,#3147,#3148,#3149,#3150,#3151));
#8698=EDGE_LOOP('',(#3152,#3153,#3154,#3155));
#8699=EDGE_LOOP('',(#3156,#3157,#3158,#3159,#3160,#3161));
#8700=EDGE_LOOP('',(#3162,#3163,#3164,#3165));
#8701=EDGE_LOOP('',(#3166,#3167,#3168,#3169,#3170,#3171,#3172,#3173,#3174,
#3175));
#8702=EDGE_LOOP('',(#3176,#3177,#3178,#3179));
#8703=EDGE_LOOP('',(#3180,#3181,#3182,#3183));
#8704=EDGE_LOOP('',(#3184,#3185,#3186,#3187,#3188,#3189,#3190,#3191,#3192,
#3193,#3194,#3195,#3196,#3197,#3198,#3199,#3200,#3201,#3202,#3203,#3204,
#3205,#3206,#3207));
#8705=EDGE_LOOP('',(#3208,#3209,#3210,#3211));
#8706=EDGE_LOOP('',(#3212,#3213,#3214,#3215,#3216,#3217,#3218,#3219,#3220,
#3221));
#8707=EDGE_LOOP('',(#3222,#3223,#3224,#3225,#3226,#3227));
#8708=EDGE_LOOP('',(#3228,#3229,#3230,#3231));
#8709=EDGE_LOOP('',(#3232,#3233,#3234,#3235));
#8710=EDGE_LOOP('',(#3236,#3237,#3238,#3239,#3240));
#8711=EDGE_LOOP('',(#3241,#3242,#3243,#3244,#3245,#3246));
#8712=EDGE_LOOP('',(#3247,#3248,#3249,#3250));
#8713=EDGE_LOOP('',(#3251,#3252,#3253,#3254));
#8714=EDGE_LOOP('',(#3255,#3256,#3257,#3258,#3259,#3260));
#8715=EDGE_LOOP('',(#3261,#3262,#3263,#3264,#3265,#3266));
#8716=EDGE_LOOP('',(#3267,#3268,#3269,#3270));
#8717=EDGE_LOOP('',(#3271,#3272,#3273,#3274));
#8718=EDGE_LOOP('',(#3275,#3276,#3277,#3278));
#8719=EDGE_LOOP('',(#3279,#3280,#3281,#3282));
#8720=EDGE_LOOP('',(#3283,#3284,#3285,#3286));
#8721=EDGE_LOOP('',(#3287,#3288,#3289,#3290));
#8722=EDGE_LOOP('',(#3291,#3292,#3293,#3294,#3295,#3296,#3297,#3298,#3299,
#3300,#3301,#3302,#3303,#3304,#3305,#3306));
#8723=EDGE_LOOP('',(#3307,#3308,#3309,#3310));
#8724=EDGE_LOOP('',(#3311,#3312,#3313,#3314));
#8725=EDGE_LOOP('',(#3315,#3316,#3317,#3318));
#8726=EDGE_LOOP('',(#3319,#3320,#3321,#3322));
#8727=EDGE_LOOP('',(#3323,#3324,#3325,#3326,#3327,#3328,#3329,#3330,#3331,
#3332,#3333,#3334,#3335,#3336,#3337,#3338,#3339,#3340));
#8728=EDGE_LOOP('',(#3341,#3342,#3343,#3344,#3345,#3346,#3347,#3348,#3349,
#3350,#3351,#3352,#3353,#3354,#3355,#3356,#3357,#3358));
#8729=EDGE_LOOP('',(#3359,#3360,#3361,#3362,#3363,#3364,#3365,#3366,#3367,
#3368,#3369,#3370,#3371,#3372,#3373,#3374,#3375,#3376,#3377,#3378,#3379,
#3380,#3381,#3382,#3383,#3384,#3385,#3386,#3387,#3388));
#8730=EDGE_LOOP('',(#3389,#3390,#3391,#3392));
#8731=EDGE_LOOP('',(#3393,#3394,#3395,#3396));
#8732=EDGE_LOOP('',(#3397,#3398,#3399,#3400));
#8733=EDGE_LOOP('',(#3401,#3402,#3403,#3404));
#8734=EDGE_LOOP('',(#3405,#3406,#3407,#3408));
#8735=EDGE_LOOP('',(#3409,#3410,#3411,#3412,#3413,#3414,#3415,#3416,#3417,
#3418,#3419,#3420,#3421,#3422,#3423,#3424,#3425,#3426,#3427,#3428,#3429,
#3430,#3431,#3432));
#8736=EDGE_LOOP('',(#3433,#3434,#3435,#3436,#3437,#3438,#3439,#3440,#3441,
#3442,#3443,#3444));
#8737=EDGE_LOOP('',(#3445,#3446,#3447,#3448));
#8738=EDGE_LOOP('',(#3449,#3450,#3451,#3452));
#8739=EDGE_LOOP('',(#3453,#3454,#3455,#3456,#3457));
#8740=EDGE_LOOP('',(#3458,#3459,#3460,#3461));
#8741=EDGE_LOOP('',(#3462,#3463,#3464,#3465));
#8742=EDGE_LOOP('',(#3466,#3467,#3468,#3469));
#8743=EDGE_LOOP('',(#3470,#3471,#3472,#3473));
#8744=EDGE_LOOP('',(#3474,#3475,#3476,#3477));
#8745=EDGE_LOOP('',(#3478,#3479,#3480,#3481));
#8746=EDGE_LOOP('',(#3482,#3483,#3484,#3485,#3486));
#8747=EDGE_LOOP('',(#3487,#3488,#3489,#3490));
#8748=EDGE_LOOP('',(#3491,#3492,#3493,#3494));
#8749=EDGE_LOOP('',(#3495,#3496,#3497,#3498,#3499,#3500,#3501));
#8750=FACE_BOUND('',#8204,.T.);
#8751=FACE_BOUND('',#8205,.T.);
#8752=FACE_BOUND('',#8206,.T.);
#8753=FACE_BOUND('',#8207,.T.);
#8754=FACE_BOUND('',#8208,.T.);
#8755=FACE_BOUND('',#8209,.T.);
#8756=FACE_BOUND('',#8210,.T.);
#8757=FACE_BOUND('',#8211,.T.);
#8758=FACE_BOUND('',#8212,.T.);
#8759=FACE_BOUND('',#8213,.T.);
#8760=FACE_BOUND('',#8214,.T.);
#8761=FACE_BOUND('',#8215,.T.);
#8762=FACE_BOUND('',#8216,.T.);
#8763=FACE_BOUND('',#8217,.T.);
#8764=FACE_BOUND('',#8218,.T.);
#8765=FACE_BOUND('',#8219,.T.);
#8766=FACE_BOUND('',#8220,.T.);
#8767=FACE_BOUND('',#8221,.T.);
#8768=FACE_BOUND('',#8222,.T.);
#8769=FACE_BOUND('',#8223,.T.);
#8770=FACE_BOUND('',#8224,.T.);
#8771=FACE_BOUND('',#8225,.T.);
#8772=FACE_BOUND('',#8226,.T.);
#8773=FACE_BOUND('',#8227,.T.);
#8774=FACE_BOUND('',#8228,.T.);
#8775=FACE_BOUND('',#8229,.T.);
#8776=FACE_BOUND('',#8230,.T.);
#8777=FACE_BOUND('',#8231,.T.);
#8778=FACE_BOUND('',#8232,.T.);
#8779=FACE_BOUND('',#8233,.T.);
#8780=FACE_BOUND('',#8234,.T.);
#8781=FACE_BOUND('',#8235,.T.);
#8782=FACE_BOUND('',#8236,.T.);
#8783=FACE_BOUND('',#8237,.T.);
#8784=FACE_BOUND('',#8238,.T.);
#8785=FACE_BOUND('',#8239,.T.);
#8786=FACE_BOUND('',#8240,.T.);
#8787=FACE_BOUND('',#8241,.T.);
#8788=FACE_BOUND('',#8242,.T.);
#8789=FACE_BOUND('',#8243,.T.);
#8790=FACE_BOUND('',#8244,.T.);
#8791=FACE_BOUND('',#8245,.T.);
#8792=FACE_BOUND('',#8246,.T.);
#8793=FACE_BOUND('',#8247,.T.);
#8794=FACE_BOUND('',#8248,.T.);
#8795=FACE_BOUND('',#8249,.T.);
#8796=FACE_BOUND('',#8250,.T.);
#8797=FACE_BOUND('',#8251,.T.);
#8798=FACE_BOUND('',#8252,.T.);
#8799=FACE_BOUND('',#8253,.T.);
#8800=FACE_BOUND('',#8254,.T.);
#8801=FACE_BOUND('',#8255,.T.);
#8802=FACE_BOUND('',#8256,.T.);
#8803=FACE_BOUND('',#8257,.T.);
#8804=FACE_BOUND('',#8258,.T.);
#8805=FACE_BOUND('',#8259,.T.);
#8806=FACE_BOUND('',#8260,.T.);
#8807=FACE_BOUND('',#8261,.T.);
#8808=FACE_BOUND('',#8262,.T.);
#8809=FACE_BOUND('',#8263,.T.);
#8810=FACE_BOUND('',#8264,.T.);
#8811=FACE_BOUND('',#8265,.T.);
#8812=FACE_BOUND('',#8266,.T.);
#8813=FACE_BOUND('',#8267,.T.);
#8814=FACE_BOUND('',#8268,.T.);
#8815=FACE_BOUND('',#8269,.T.);
#8816=FACE_BOUND('',#8270,.T.);
#8817=FACE_BOUND('',#8271,.T.);
#8818=FACE_BOUND('',#8272,.T.);
#8819=FACE_BOUND('',#8273,.T.);
#8820=FACE_BOUND('',#8274,.T.);
#8821=FACE_BOUND('',#8275,.T.);
#8822=FACE_BOUND('',#8276,.T.);
#8823=FACE_BOUND('',#8277,.T.);
#8824=FACE_BOUND('',#8278,.T.);
#8825=FACE_BOUND('',#8279,.T.);
#8826=FACE_BOUND('',#8280,.T.);
#8827=FACE_BOUND('',#8281,.T.);
#8828=FACE_BOUND('',#8282,.T.);
#8829=FACE_BOUND('',#8283,.T.);
#8830=FACE_BOUND('',#8284,.T.);
#8831=FACE_BOUND('',#8285,.T.);
#8832=FACE_BOUND('',#8286,.T.);
#8833=FACE_BOUND('',#8287,.T.);
#8834=FACE_BOUND('',#8288,.T.);
#8835=FACE_BOUND('',#8289,.T.);
#8836=FACE_BOUND('',#8290,.T.);
#8837=FACE_BOUND('',#8291,.T.);
#8838=FACE_BOUND('',#8292,.T.);
#8839=FACE_BOUND('',#8293,.T.);
#8840=FACE_BOUND('',#8294,.T.);
#8841=FACE_BOUND('',#8295,.T.);
#8842=FACE_BOUND('',#8296,.T.);
#8843=FACE_BOUND('',#8297,.T.);
#8844=FACE_BOUND('',#8298,.T.);
#8845=FACE_BOUND('',#8299,.T.);
#8846=FACE_BOUND('',#8300,.T.);
#8847=FACE_BOUND('',#8301,.T.);
#8848=FACE_BOUND('',#8302,.T.);
#8849=FACE_BOUND('',#8303,.T.);
#8850=FACE_BOUND('',#8304,.T.);
#8851=FACE_BOUND('',#8305,.T.);
#8852=FACE_BOUND('',#8306,.T.);
#8853=FACE_BOUND('',#8307,.T.);
#8854=FACE_BOUND('',#8308,.T.);
#8855=FACE_BOUND('',#8309,.T.);
#8856=FACE_BOUND('',#8310,.T.);
#8857=FACE_BOUND('',#8311,.T.);
#8858=FACE_BOUND('',#8312,.T.);
#8859=FACE_BOUND('',#8313,.T.);
#8860=FACE_BOUND('',#8314,.T.);
#8861=FACE_BOUND('',#8315,.T.);
#8862=FACE_BOUND('',#8316,.T.);
#8863=FACE_BOUND('',#8317,.T.);
#8864=FACE_BOUND('',#8318,.T.);
#8865=FACE_BOUND('',#8319,.T.);
#8866=FACE_BOUND('',#8320,.T.);
#8867=FACE_BOUND('',#8321,.T.);
#8868=FACE_BOUND('',#8322,.T.);
#8869=FACE_BOUND('',#8323,.T.);
#8870=FACE_BOUND('',#8324,.T.);
#8871=FACE_BOUND('',#8325,.T.);
#8872=FACE_BOUND('',#8326,.T.);
#8873=FACE_BOUND('',#8327,.T.);
#8874=FACE_BOUND('',#8328,.T.);
#8875=FACE_BOUND('',#8329,.T.);
#8876=FACE_BOUND('',#8330,.T.);
#8877=FACE_BOUND('',#8331,.T.);
#8878=FACE_BOUND('',#8332,.T.);
#8879=FACE_BOUND('',#8333,.T.);
#8880=FACE_BOUND('',#8334,.T.);
#8881=FACE_BOUND('',#8335,.T.);
#8882=FACE_BOUND('',#8336,.T.);
#8883=FACE_BOUND('',#8337,.T.);
#8884=FACE_BOUND('',#8338,.T.);
#8885=FACE_BOUND('',#8339,.T.);
#8886=FACE_BOUND('',#8340,.T.);
#8887=FACE_BOUND('',#8341,.T.);
#8888=FACE_BOUND('',#8342,.T.);
#8889=FACE_BOUND('',#8343,.T.);
#8890=FACE_BOUND('',#8344,.T.);
#8891=FACE_BOUND('',#8345,.T.);
#8892=FACE_BOUND('',#8346,.T.);
#8893=FACE_BOUND('',#8347,.T.);
#8894=FACE_BOUND('',#8348,.T.);
#8895=FACE_BOUND('',#8349,.T.);
#8896=FACE_BOUND('',#8350,.T.);
#8897=FACE_BOUND('',#8351,.T.);
#8898=FACE_BOUND('',#8352,.T.);
#8899=FACE_BOUND('',#8353,.T.);
#8900=FACE_BOUND('',#8354,.T.);
#8901=FACE_BOUND('',#8355,.T.);
#8902=FACE_BOUND('',#8356,.T.);
#8903=FACE_BOUND('',#8357,.T.);
#8904=FACE_BOUND('',#8358,.T.);
#8905=FACE_BOUND('',#8359,.T.);
#8906=FACE_BOUND('',#8360,.T.);
#8907=FACE_BOUND('',#8361,.T.);
#8908=FACE_BOUND('',#8362,.T.);
#8909=FACE_BOUND('',#8363,.T.);
#8910=FACE_BOUND('',#8364,.T.);
#8911=FACE_BOUND('',#8365,.T.);
#8912=FACE_BOUND('',#8366,.T.);
#8913=FACE_BOUND('',#8367,.T.);
#8914=FACE_BOUND('',#8368,.T.);
#8915=FACE_BOUND('',#8369,.T.);
#8916=FACE_BOUND('',#8370,.T.);
#8917=FACE_BOUND('',#8371,.T.);
#8918=FACE_BOUND('',#8372,.T.);
#8919=FACE_BOUND('',#8373,.T.);
#8920=FACE_BOUND('',#8374,.T.);
#8921=FACE_BOUND('',#8375,.T.);
#8922=FACE_BOUND('',#8376,.T.);
#8923=FACE_BOUND('',#8377,.T.);
#8924=FACE_BOUND('',#8378,.T.);
#8925=FACE_BOUND('',#8379,.T.);
#8926=FACE_BOUND('',#8380,.T.);
#8927=FACE_BOUND('',#8381,.T.);
#8928=FACE_BOUND('',#8382,.T.);
#8929=FACE_BOUND('',#8383,.T.);
#8930=FACE_BOUND('',#8384,.T.);
#8931=FACE_BOUND('',#8385,.T.);
#8932=FACE_BOUND('',#8386,.T.);
#8933=FACE_BOUND('',#8387,.T.);
#8934=FACE_BOUND('',#8388,.T.);
#8935=FACE_BOUND('',#8389,.T.);
#8936=FACE_BOUND('',#8390,.T.);
#8937=FACE_BOUND('',#8391,.T.);
#8938=FACE_BOUND('',#8392,.T.);
#8939=FACE_BOUND('',#8393,.T.);
#8940=FACE_BOUND('',#8394,.T.);
#8941=FACE_BOUND('',#8395,.T.);
#8942=FACE_BOUND('',#8396,.T.);
#8943=FACE_BOUND('',#8397,.T.);
#8944=FACE_BOUND('',#8398,.T.);
#8945=FACE_BOUND('',#8399,.T.);
#8946=FACE_BOUND('',#8400,.T.);
#8947=FACE_BOUND('',#8401,.T.);
#8948=FACE_BOUND('',#8402,.T.);
#8949=FACE_BOUND('',#8403,.T.);
#8950=FACE_BOUND('',#8404,.T.);
#8951=FACE_BOUND('',#8405,.T.);
#8952=FACE_BOUND('',#8406,.T.);
#8953=FACE_BOUND('',#8407,.T.);
#8954=FACE_BOUND('',#8408,.T.);
#8955=FACE_BOUND('',#8409,.T.);
#8956=FACE_BOUND('',#8410,.T.);
#8957=FACE_BOUND('',#8411,.T.);
#8958=FACE_BOUND('',#8412,.T.);
#8959=FACE_BOUND('',#8413,.T.);
#8960=FACE_BOUND('',#8414,.T.);
#8961=FACE_BOUND('',#8415,.T.);
#8962=FACE_BOUND('',#8416,.T.);
#8963=FACE_BOUND('',#8417,.T.);
#8964=FACE_BOUND('',#8418,.T.);
#8965=FACE_BOUND('',#8419,.T.);
#8966=FACE_BOUND('',#8420,.T.);
#8967=FACE_BOUND('',#8421,.T.);
#8968=FACE_BOUND('',#8422,.T.);
#8969=FACE_BOUND('',#8423,.T.);
#8970=FACE_BOUND('',#8424,.T.);
#8971=FACE_BOUND('',#8425,.T.);
#8972=FACE_BOUND('',#8426,.T.);
#8973=FACE_BOUND('',#8427,.T.);
#8974=FACE_BOUND('',#8428,.T.);
#8975=FACE_BOUND('',#8429,.T.);
#8976=FACE_BOUND('',#8430,.T.);
#8977=FACE_BOUND('',#8431,.T.);
#8978=FACE_BOUND('',#8432,.T.);
#8979=FACE_BOUND('',#8433,.T.);
#8980=FACE_BOUND('',#8434,.T.);
#8981=FACE_BOUND('',#8435,.T.);
#8982=FACE_BOUND('',#8436,.T.);
#8983=FACE_BOUND('',#8437,.T.);
#8984=FACE_BOUND('',#8438,.T.);
#8985=FACE_BOUND('',#8439,.T.);
#8986=FACE_BOUND('',#8440,.T.);
#8987=FACE_BOUND('',#8441,.T.);
#8988=FACE_BOUND('',#8442,.T.);
#8989=FACE_BOUND('',#8443,.T.);
#8990=FACE_BOUND('',#8444,.T.);
#8991=FACE_BOUND('',#8445,.T.);
#8992=FACE_BOUND('',#8446,.T.);
#8993=FACE_BOUND('',#8447,.T.);
#8994=FACE_BOUND('',#8448,.T.);
#8995=FACE_BOUND('',#8449,.T.);
#8996=FACE_BOUND('',#8450,.T.);
#8997=FACE_BOUND('',#8451,.T.);
#8998=FACE_BOUND('',#8452,.T.);
#8999=FACE_BOUND('',#8453,.T.);
#9000=FACE_BOUND('',#8454,.T.);
#9001=FACE_BOUND('',#8455,.T.);
#9002=FACE_BOUND('',#8456,.T.);
#9003=FACE_BOUND('',#8457,.T.);
#9004=FACE_BOUND('',#8458,.T.);
#9005=FACE_BOUND('',#8459,.T.);
#9006=FACE_BOUND('',#8460,.T.);
#9007=FACE_BOUND('',#8461,.T.);
#9008=FACE_BOUND('',#8462,.T.);
#9009=FACE_BOUND('',#8463,.T.);
#9010=FACE_BOUND('',#8464,.T.);
#9011=FACE_BOUND('',#8465,.T.);
#9012=FACE_BOUND('',#8466,.T.);
#9013=FACE_BOUND('',#8467,.T.);
#9014=FACE_BOUND('',#8468,.T.);
#9015=FACE_BOUND('',#8469,.T.);
#9016=FACE_BOUND('',#8470,.T.);
#9017=FACE_BOUND('',#8471,.T.);
#9018=FACE_BOUND('',#8472,.T.);
#9019=FACE_BOUND('',#8473,.T.);
#9020=FACE_BOUND('',#8474,.T.);
#9021=FACE_BOUND('',#8475,.T.);
#9022=FACE_BOUND('',#8476,.T.);
#9023=FACE_BOUND('',#8477,.T.);
#9024=FACE_BOUND('',#8478,.T.);
#9025=FACE_BOUND('',#8479,.T.);
#9026=FACE_BOUND('',#8480,.T.);
#9027=FACE_BOUND('',#8481,.T.);
#9028=FACE_BOUND('',#8482,.T.);
#9029=FACE_BOUND('',#8483,.T.);
#9030=FACE_BOUND('',#8484,.T.);
#9031=FACE_BOUND('',#8485,.T.);
#9032=FACE_BOUND('',#8486,.T.);
#9033=FACE_BOUND('',#8487,.T.);
#9034=FACE_BOUND('',#8488,.T.);
#9035=FACE_BOUND('',#8489,.T.);
#9036=FACE_BOUND('',#8490,.T.);
#9037=FACE_BOUND('',#8491,.T.);
#9038=FACE_BOUND('',#8492,.T.);
#9039=FACE_BOUND('',#8493,.T.);
#9040=FACE_BOUND('',#8494,.T.);
#9041=FACE_BOUND('',#8495,.T.);
#9042=FACE_BOUND('',#8496,.T.);
#9043=FACE_BOUND('',#8497,.T.);
#9044=FACE_BOUND('',#8498,.T.);
#9045=FACE_BOUND('',#8499,.T.);
#9046=FACE_BOUND('',#8500,.T.);
#9047=FACE_BOUND('',#8501,.T.);
#9048=FACE_BOUND('',#8502,.T.);
#9049=FACE_BOUND('',#8503,.T.);
#9050=FACE_BOUND('',#8504,.T.);
#9051=FACE_BOUND('',#8505,.T.);
#9052=FACE_BOUND('',#8506,.T.);
#9053=FACE_BOUND('',#8507,.T.);
#9054=FACE_BOUND('',#8508,.T.);
#9055=FACE_BOUND('',#8509,.T.);
#9056=FACE_BOUND('',#8510,.T.);
#9057=FACE_BOUND('',#8511,.T.);
#9058=FACE_BOUND('',#8512,.T.);
#9059=FACE_BOUND('',#8513,.T.);
#9060=FACE_BOUND('',#8514,.T.);
#9061=FACE_BOUND('',#8515,.T.);
#9062=FACE_BOUND('',#8516,.T.);
#9063=FACE_BOUND('',#8517,.T.);
#9064=FACE_BOUND('',#8518,.T.);
#9065=FACE_BOUND('',#8519,.T.);
#9066=FACE_BOUND('',#8520,.T.);
#9067=FACE_BOUND('',#8521,.T.);
#9068=FACE_BOUND('',#8522,.T.);
#9069=FACE_BOUND('',#8523,.T.);
#9070=FACE_BOUND('',#8524,.T.);
#9071=FACE_BOUND('',#8525,.T.);
#9072=FACE_BOUND('',#8526,.T.);
#9073=FACE_BOUND('',#8527,.T.);
#9074=FACE_BOUND('',#8528,.T.);
#9075=FACE_BOUND('',#8529,.T.);
#9076=FACE_BOUND('',#8530,.T.);
#9077=FACE_BOUND('',#8531,.T.);
#9078=FACE_BOUND('',#8532,.T.);
#9079=FACE_BOUND('',#8533,.T.);
#9080=FACE_BOUND('',#8534,.T.);
#9081=FACE_BOUND('',#8535,.T.);
#9082=FACE_BOUND('',#8536,.T.);
#9083=FACE_BOUND('',#8537,.T.);
#9084=FACE_BOUND('',#8538,.T.);
#9085=FACE_BOUND('',#8539,.T.);
#9086=FACE_BOUND('',#8540,.T.);
#9087=FACE_BOUND('',#8541,.T.);
#9088=FACE_BOUND('',#8542,.T.);
#9089=FACE_BOUND('',#8543,.T.);
#9090=FACE_BOUND('',#8544,.T.);
#9091=FACE_BOUND('',#8545,.T.);
#9092=FACE_BOUND('',#8546,.T.);
#9093=FACE_BOUND('',#8547,.T.);
#9094=FACE_BOUND('',#8548,.T.);
#9095=FACE_BOUND('',#8549,.T.);
#9096=FACE_BOUND('',#8550,.T.);
#9097=FACE_BOUND('',#8551,.T.);
#9098=FACE_BOUND('',#8552,.T.);
#9099=FACE_BOUND('',#8553,.T.);
#9100=FACE_BOUND('',#8554,.T.);
#9101=FACE_BOUND('',#8555,.T.);
#9102=FACE_BOUND('',#8556,.T.);
#9103=FACE_BOUND('',#8557,.T.);
#9104=FACE_BOUND('',#8558,.T.);
#9105=FACE_BOUND('',#8559,.T.);
#9106=FACE_BOUND('',#8560,.T.);
#9107=FACE_BOUND('',#8561,.T.);
#9108=FACE_BOUND('',#8562,.T.);
#9109=FACE_BOUND('',#8563,.T.);
#9110=FACE_BOUND('',#8564,.T.);
#9111=FACE_BOUND('',#8565,.T.);
#9112=FACE_BOUND('',#8566,.T.);
#9113=FACE_BOUND('',#8567,.T.);
#9114=FACE_BOUND('',#8568,.T.);
#9115=FACE_BOUND('',#8569,.T.);
#9116=FACE_BOUND('',#8570,.T.);
#9117=FACE_BOUND('',#8571,.T.);
#9118=FACE_BOUND('',#8572,.T.);
#9119=FACE_BOUND('',#8573,.T.);
#9120=FACE_BOUND('',#8574,.T.);
#9121=FACE_BOUND('',#8575,.T.);
#9122=FACE_BOUND('',#8576,.T.);
#9123=FACE_BOUND('',#8577,.T.);
#9124=FACE_BOUND('',#8578,.T.);
#9125=FACE_BOUND('',#8579,.T.);
#9126=FACE_BOUND('',#8580,.T.);
#9127=FACE_BOUND('',#8581,.T.);
#9128=FACE_BOUND('',#8582,.T.);
#9129=FACE_BOUND('',#8583,.T.);
#9130=FACE_BOUND('',#8584,.T.);
#9131=FACE_BOUND('',#8585,.T.);
#9132=FACE_BOUND('',#8586,.T.);
#9133=FACE_BOUND('',#8587,.T.);
#9134=FACE_BOUND('',#8588,.T.);
#9135=FACE_BOUND('',#8589,.T.);
#9136=FACE_BOUND('',#8590,.T.);
#9137=FACE_BOUND('',#8591,.T.);
#9138=FACE_BOUND('',#8592,.T.);
#9139=FACE_BOUND('',#8593,.T.);
#9140=FACE_BOUND('',#8594,.T.);
#9141=FACE_BOUND('',#8595,.T.);
#9142=FACE_BOUND('',#8596,.T.);
#9143=FACE_BOUND('',#8597,.T.);
#9144=FACE_BOUND('',#8598,.T.);
#9145=FACE_BOUND('',#8599,.T.);
#9146=FACE_BOUND('',#8600,.T.);
#9147=FACE_BOUND('',#8601,.T.);
#9148=FACE_BOUND('',#8602,.T.);
#9149=FACE_BOUND('',#8603,.T.);
#9150=FACE_BOUND('',#8604,.T.);
#9151=FACE_BOUND('',#8605,.T.);
#9152=FACE_BOUND('',#8606,.T.);
#9153=FACE_BOUND('',#8607,.T.);
#9154=FACE_BOUND('',#8608,.T.);
#9155=FACE_BOUND('',#8609,.T.);
#9156=FACE_BOUND('',#8610,.T.);
#9157=FACE_BOUND('',#8611,.T.);
#9158=FACE_BOUND('',#8612,.T.);
#9159=FACE_BOUND('',#8613,.T.);
#9160=FACE_BOUND('',#8614,.T.);
#9161=FACE_BOUND('',#8615,.T.);
#9162=FACE_BOUND('',#8616,.T.);
#9163=FACE_BOUND('',#8617,.T.);
#9164=FACE_BOUND('',#8618,.T.);
#9165=FACE_BOUND('',#8619,.T.);
#9166=FACE_BOUND('',#8620,.T.);
#9167=FACE_BOUND('',#8621,.T.);
#9168=FACE_BOUND('',#8622,.T.);
#9169=FACE_BOUND('',#8623,.T.);
#9170=FACE_BOUND('',#8624,.T.);
#9171=FACE_BOUND('',#8625,.T.);
#9172=FACE_BOUND('',#8626,.T.);
#9173=FACE_BOUND('',#8627,.T.);
#9174=FACE_BOUND('',#8628,.T.);
#9175=FACE_BOUND('',#8629,.T.);
#9176=FACE_BOUND('',#8630,.T.);
#9177=FACE_BOUND('',#8631,.T.);
#9178=FACE_BOUND('',#8632,.T.);
#9179=FACE_BOUND('',#8633,.T.);
#9180=FACE_BOUND('',#8634,.T.);
#9181=FACE_BOUND('',#8635,.T.);
#9182=FACE_BOUND('',#8636,.T.);
#9183=FACE_BOUND('',#8637,.T.);
#9184=FACE_BOUND('',#8638,.T.);
#9185=FACE_BOUND('',#8639,.T.);
#9186=FACE_BOUND('',#8640,.T.);
#9187=FACE_BOUND('',#8641,.T.);
#9188=FACE_BOUND('',#8642,.T.);
#9189=FACE_BOUND('',#8643,.T.);
#9190=FACE_BOUND('',#8644,.T.);
#9191=FACE_BOUND('',#8645,.T.);
#9192=FACE_BOUND('',#8646,.T.);
#9193=FACE_BOUND('',#8647,.T.);
#9194=FACE_BOUND('',#8648,.T.);
#9195=FACE_BOUND('',#8649,.T.);
#9196=FACE_BOUND('',#8650,.T.);
#9197=FACE_BOUND('',#8651,.T.);
#9198=FACE_BOUND('',#8652,.T.);
#9199=FACE_BOUND('',#8653,.T.);
#9200=FACE_BOUND('',#8654,.T.);
#9201=FACE_BOUND('',#8655,.T.);
#9202=FACE_BOUND('',#8656,.T.);
#9203=FACE_BOUND('',#8657,.T.);
#9204=FACE_BOUND('',#8658,.T.);
#9205=FACE_BOUND('',#8659,.T.);
#9206=FACE_BOUND('',#8660,.T.);
#9207=FACE_BOUND('',#8661,.T.);
#9208=FACE_BOUND('',#8662,.T.);
#9209=FACE_BOUND('',#8663,.T.);
#9210=FACE_BOUND('',#8664,.T.);
#9211=FACE_BOUND('',#8665,.T.);
#9212=FACE_BOUND('',#8666,.T.);
#9213=FACE_BOUND('',#8667,.T.);
#9214=FACE_BOUND('',#8668,.T.);
#9215=FACE_BOUND('',#8669,.T.);
#9216=FACE_BOUND('',#8670,.T.);
#9217=FACE_BOUND('',#8671,.T.);
#9218=FACE_BOUND('',#8672,.T.);
#9219=FACE_BOUND('',#8673,.T.);
#9220=FACE_BOUND('',#8674,.T.);
#9221=FACE_BOUND('',#8675,.T.);
#9222=FACE_BOUND('',#8676,.T.);
#9223=FACE_BOUND('',#8677,.T.);
#9224=FACE_BOUND('',#8678,.T.);
#9225=FACE_BOUND('',#8679,.T.);
#9226=FACE_BOUND('',#8680,.T.);
#9227=FACE_BOUND('',#8681,.T.);
#9228=FACE_BOUND('',#8682,.T.);
#9229=FACE_BOUND('',#8683,.T.);
#9230=FACE_BOUND('',#8684,.T.);
#9231=FACE_BOUND('',#8685,.T.);
#9232=FACE_BOUND('',#8686,.T.);
#9233=FACE_BOUND('',#8687,.T.);
#9234=FACE_BOUND('',#8688,.T.);
#9235=FACE_BOUND('',#8689,.T.);
#9236=FACE_BOUND('',#8690,.T.);
#9237=FACE_BOUND('',#8691,.T.);
#9238=FACE_BOUND('',#8692,.T.);
#9239=FACE_BOUND('',#8693,.T.);
#9240=FACE_BOUND('',#8694,.T.);
#9241=FACE_BOUND('',#8695,.T.);
#9242=FACE_BOUND('',#8696,.T.);
#9243=FACE_BOUND('',#8697,.T.);
#9244=FACE_BOUND('',#8698,.T.);
#9245=FACE_BOUND('',#8699,.T.);
#9246=FACE_BOUND('',#8700,.T.);
#9247=FACE_BOUND('',#8701,.T.);
#9248=FACE_BOUND('',#8702,.T.);
#9249=FACE_BOUND('',#8703,.T.);
#9250=FACE_BOUND('',#8704,.T.);
#9251=FACE_BOUND('',#8705,.T.);
#9252=FACE_BOUND('',#8706,.T.);
#9253=FACE_BOUND('',#8707,.T.);
#9254=FACE_BOUND('',#8708,.T.);
#9255=FACE_BOUND('',#8709,.T.);
#9256=FACE_BOUND('',#8710,.T.);
#9257=FACE_BOUND('',#8711,.T.);
#9258=FACE_BOUND('',#8712,.T.);
#9259=FACE_BOUND('',#8713,.T.);
#9260=FACE_BOUND('',#8714,.T.);
#9261=FACE_BOUND('',#8715,.T.);
#9262=FACE_BOUND('',#8716,.T.);
#9263=FACE_BOUND('',#8717,.T.);
#9264=FACE_BOUND('',#8718,.T.);
#9265=FACE_BOUND('',#8719,.T.);
#9266=FACE_BOUND('',#8720,.T.);
#9267=FACE_BOUND('',#8721,.T.);
#9268=FACE_BOUND('',#8722,.T.);
#9269=FACE_BOUND('',#8723,.T.);
#9270=FACE_BOUND('',#8724,.T.);
#9271=FACE_BOUND('',#8725,.T.);
#9272=FACE_BOUND('',#8726,.T.);
#9273=FACE_BOUND('',#8727,.T.);
#9274=FACE_BOUND('',#8728,.T.);
#9275=FACE_BOUND('',#8729,.T.);
#9276=FACE_BOUND('',#8730,.T.);
#9277=FACE_BOUND('',#8731,.T.);
#9278=FACE_BOUND('',#8732,.T.);
#9279=FACE_BOUND('',#8733,.T.);
#9280=FACE_BOUND('',#8734,.T.);
#9281=FACE_BOUND('',#8735,.T.);
#9282=FACE_BOUND('',#8736,.T.);
#9283=FACE_BOUND('',#8737,.T.);
#9284=FACE_BOUND('',#8738,.T.);
#9285=FACE_BOUND('',#8739,.T.);
#9286=FACE_BOUND('',#8740,.T.);
#9287=FACE_BOUND('',#8741,.T.);
#9288=FACE_BOUND('',#8742,.T.);
#9289=FACE_BOUND('',#8743,.T.);
#9290=FACE_BOUND('',#8744,.T.);
#9291=FACE_BOUND('',#8745,.T.);
#9292=FACE_BOUND('',#8746,.T.);
#9293=FACE_BOUND('',#8747,.T.);
#9294=FACE_BOUND('',#8748,.T.);
#9295=FACE_BOUND('',#8749,.T.);
#9296=PLANE('',#12396);
#9297=PLANE('',#12397);
#9298=PLANE('',#12398);
#9299=PLANE('',#12402);
#9300=PLANE('',#12403);
#9301=PLANE('',#12407);
#9302=PLANE('',#12408);
#9303=PLANE('',#12409);
#9304=PLANE('',#12410);
#9305=PLANE('',#12411);
#9306=PLANE('',#12412);
#9307=PLANE('',#12419);
#9308=PLANE('',#12420);
#9309=PLANE('',#12421);
#9310=PLANE('',#12425);
#9311=PLANE('',#12426);
#9312=PLANE('',#12427);
#9313=PLANE('',#12428);
#9314=PLANE('',#12429);
#9315=PLANE('',#12430);
#9316=PLANE('',#12431);
#9317=PLANE('',#12435);
#9318=PLANE('',#12436);
#9319=PLANE('',#12440);
#9320=PLANE('',#12441);
#9321=PLANE('',#12445);
#9322=PLANE('',#12446);
#9323=PLANE('',#12450);
#9324=PLANE('',#12454);
#9325=PLANE('',#12458);
#9326=PLANE('',#12459);
#9327=PLANE('',#12468);
#9328=PLANE('',#12469);
#9329=PLANE('',#12470);
#9330=PLANE('',#12471);
#9331=PLANE('',#12472);
#9332=PLANE('',#12473);
#9333=PLANE('',#12474);
#9334=PLANE('',#12475);
#9335=PLANE('',#12477);
#9336=PLANE('',#12484);
#9337=PLANE('',#12485);
#9338=PLANE('',#12486);
#9339=PLANE('',#12487);
#9340=PLANE('',#12488);
#9341=PLANE('',#12490);
#9342=PLANE('',#12493);
#9343=PLANE('',#12494);
#9344=PLANE('',#12495);
#9345=PLANE('',#12496);
#9346=PLANE('',#12497);
#9347=PLANE('',#12499);
#9348=PLANE('',#12500);
#9349=PLANE('',#12501);
#9350=PLANE('',#12502);
#9351=PLANE('',#12505);
#9352=PLANE('',#12506);
#9353=PLANE('',#12507);
#9354=PLANE('',#12508);
#9355=PLANE('',#12509);
#9356=PLANE('',#12510);
#9357=PLANE('',#12511);
#9358=PLANE('',#12517);
#9359=PLANE('',#12518);
#9360=PLANE('',#12519);
#9361=PLANE('',#12520);
#9362=PLANE('',#12523);
#9363=PLANE('',#12524);
#9364=PLANE('',#12525);
#9365=PLANE('',#12526);
#9366=PLANE('',#12527);
#9367=PLANE('',#12531);
#9368=PLANE('',#12532);
#9369=PLANE('',#12533);
#9370=PLANE('',#12536);
#9371=PLANE('',#12537);
#9372=PLANE('',#12538);
#9373=PLANE('',#12539);
#9374=PLANE('',#12540);
#9375=PLANE('',#12541);
#9376=PLANE('',#12542);
#9377=PLANE('',#12544);
#9378=PLANE('',#12548);
#9379=PLANE('',#12549);
#9380=PLANE('',#12550);
#9381=PLANE('',#12551);
#9382=PLANE('',#12552);
#9383=PLANE('',#12553);
#9384=PLANE('',#12555);
#9385=PLANE('',#12562);
#9386=PLANE('',#12563);
#9387=PLANE('',#12564);
#9388=PLANE('',#12565);
#9389=PLANE('',#12566);
#9390=PLANE('',#12569);
#9391=PLANE('',#12570);
#9392=PLANE('',#12573);
#9393=PLANE('',#12574);
#9394=PLANE('',#12575);
#9395=PLANE('',#12576);
#9396=PLANE('',#12577);
#9397=PLANE('',#12578);
#9398=PLANE('',#12581);
#9399=PLANE('',#12585);
#9400=PLANE('',#12586);
#9401=PLANE('',#12587);
#9402=PLANE('',#12588);
#9403=PLANE('',#12589);
#9404=PLANE('',#12590);
#9405=PLANE('',#12591);
#9406=PLANE('',#12592);
#9407=PLANE('',#12593);
#9408=PLANE('',#12596);
#9409=PLANE('',#12598);
#9410=PLANE('',#12599);
#9411=PLANE('',#12600);
#9412=PLANE('',#12601);
#9413=PLANE('',#12602);
#9414=PLANE('',#12603);
#9415=PLANE('',#12604);
#9416=PLANE('',#12605);
#9417=PLANE('',#12606);
#9418=PLANE('',#12607);
#9419=PLANE('',#12609);
#9420=PLANE('',#12610);
#9421=PLANE('',#12611);
#9422=PLANE('',#12612);
#9423=PLANE('',#12613);
#9424=PLANE('',#12614);
#9425=PLANE('',#12615);
#9426=PLANE('',#12616);
#9427=PLANE('',#12617);
#9428=PLANE('',#12618);
#9429=PLANE('',#12619);
#9430=PLANE('',#12620);
#9431=PLANE('',#12621);
#9432=PLANE('',#12622);
#9433=PLANE('',#12623);
#9434=PLANE('',#12625);
#9435=PLANE('',#12626);
#9436=PLANE('',#12630);
#9437=PLANE('',#12632);
#9438=PLANE('',#12633);
#9439=PLANE('',#12634);
#9440=PLANE('',#12635);
#9441=PLANE('',#12636);
#9442=PLANE('',#12637);
#9443=PLANE('',#12638);
#9444=PLANE('',#12639);
#9445=PLANE('',#12640);
#9446=PLANE('',#12646);
#9447=PLANE('',#12647);
#9448=PLANE('',#12648);
#9449=PLANE('',#12650);
#9450=PLANE('',#12656);
#9451=PLANE('',#12657);
#9452=PLANE('',#12658);
#9453=PLANE('',#12660);
#9454=PLANE('',#12661);
#9455=PLANE('',#12662);
#9456=PLANE('',#12663);
#9457=PLANE('',#12664);
#9458=PLANE('',#12665);
#9459=PLANE('',#12666);
#9460=PLANE('',#12667);
#9461=PLANE('',#12670);
#9462=PLANE('',#12671);
#9463=PLANE('',#12672);
#9464=PLANE('',#12673);
#9465=PLANE('',#12676);
#9466=PLANE('',#12677);
#9467=PLANE('',#12682);
#9468=PLANE('',#12683);
#9469=PLANE('',#12684);
#9470=PLANE('',#12685);
#9471=PLANE('',#12686);
#9472=PLANE('',#12688);
#9473=PLANE('',#12689);
#9474=PLANE('',#12690);
#9475=PLANE('',#12691);
#9476=PLANE('',#12693);
#9477=PLANE('',#12695);
#9478=PLANE('',#12697);
#9479=PLANE('',#12698);
#9480=PLANE('',#12699);
#9481=PLANE('',#12700);
#9482=PLANE('',#12701);
#9483=PLANE('',#12704);
#9484=PLANE('',#12705);
#9485=PLANE('',#12706);
#9486=PLANE('',#12707);
#9487=PLANE('',#12709);
#9488=PLANE('',#12710);
#9489=PLANE('',#12711);
#9490=PLANE('',#12712);
#9491=PLANE('',#12713);
#9492=PLANE('',#12714);
#9493=PLANE('',#12715);
#9494=PLANE('',#12716);
#9495=PLANE('',#12717);
#9496=PLANE('',#12719);
#9497=PLANE('',#12720);
#9498=PLANE('',#12721);
#9499=PLANE('',#12722);
#9500=PLANE('',#12723);
#9501=PLANE('',#12724);
#9502=PLANE('',#12725);
#9503=PLANE('',#12727);
#9504=PLANE('',#12728);
#9505=PLANE('',#12729);
#9506=PLANE('',#12730);
#9507=PLANE('',#12731);
#9508=PLANE('',#12732);
#9509=PLANE('',#12733);
#9510=PLANE('',#12734);
#9511=PLANE('',#12735);
#9512=PLANE('',#12736);
#9513=PLANE('',#12737);
#9514=PLANE('',#12738);
#9515=PLANE('',#12739);
#9516=PLANE('',#12740);
#9517=PLANE('',#12741);
#9518=PLANE('',#12742);
#9519=PLANE('',#12743);
#9520=PLANE('',#12744);
#9521=PLANE('',#12745);
#9522=PLANE('',#12746);
#9523=PLANE('',#12747);
#9524=PLANE('',#12748);
#9525=PLANE('',#12749);
#9526=PLANE('',#12750);
#9527=PLANE('',#12753);
#9528=PLANE('',#12756);
#9529=PLANE('',#12757);
#9530=PLANE('',#12758);
#9531=PLANE('',#12759);
#9532=PLANE('',#12761);
#9533=PLANE('',#12762);
#9534=PLANE('',#12764);
#9535=PLANE('',#12785);
#9536=PLANE('',#12790);
#9537=PLANE('',#12805);
#9538=PLANE('',#12812);
#9539=PLANE('',#12817);
#9540=PLANE('',#12821);
#9541=PLANE('',#12832);
#9542=PLANE('',#12840);
#9543=PLANE('',#12847);
#9544=PLANE('',#12850);
#9545=PLANE('',#12856);
#9546=PLANE('',#12857);
#9547=PLANE('',#12865);
#9548=PLANE('',#12877);
#9549=PLANE('',#12880);
#9550=PLANE('',#12885);
#9551=PLANE('',#12897);
#9552=PLANE('',#12898);
#9553=PLANE('',#12899);
#9554=PLANE('',#12904);
#9555=PLANE('',#12907);
#9556=PLANE('',#12909);
#9557=PLANE('',#12915);
#9558=PLANE('',#12928);
#9559=PLANE('',#12929);
#9560=PLANE('',#12930);
#9561=PLANE('',#12943);
#9562=PLANE('',#12949);
#9563=PLANE('',#12950);
#9564=PLANE('',#12952);
#9565=PLANE('',#12961);
#9566=PLANE('',#12967);
#9567=PLANE('',#12968);
#9568=PLANE('',#12972);
#9569=PLANE('',#12979);
#9570=PLANE('',#12980);
#9571=PLANE('',#12988);
#9572=PLANE('',#12989);
#9573=PLANE('',#12990);
#9574=PLANE('',#13003);
#9575=PLANE('',#13005);
#9576=PLANE('',#13006);
#9577=PLANE('',#13007);
#9578=PLANE('',#13008);
#9579=PLANE('',#13012);
#9580=PLANE('',#13013);
#9581=PLANE('',#13016);
#9582=PLANE('',#13017);
#9583=PLANE('',#13026);
#9584=PLANE('',#13030);
#9585=PLANE('',#13031);
#9586=PLANE('',#13032);
#9587=PLANE('',#13035);
#9588=PLANE('',#13036);
#9589=PLANE('',#13037);
#9590=PLANE('',#13044);
#9591=PLANE('',#13045);
#9592=PLANE('',#13047);
#9593=PLANE('',#13048);
#9594=PLANE('',#13051);
#9595=PLANE('',#13059);
#9596=PLANE('',#13060);
#9597=PLANE('',#13065);
#9598=PLANE('',#13068);
#9599=PLANE('',#13075);
#9600=PLANE('',#13076);
#9601=PLANE('',#13077);
#9602=PLANE('',#13078);
#9603=PLANE('',#13079);
#9604=PLANE('',#13080);
#9605=PLANE('',#13082);
#9606=PLANE('',#13083);
#9607=PLANE('',#13091);
#9608=PLANE('',#13092);
#9609=PLANE('',#13095);
#9610=PLANE('',#13096);
#9611=PLANE('',#13098);
#9612=PLANE('',#13101);
#9613=PLANE('',#13103);
#9614=PLANE('',#13106);
#9615=PLANE('',#13107);
#9616=PLANE('',#13116);
#9617=PLANE('',#13117);
#9618=PLANE('',#13118);
#9619=PLANE('',#13119);
#9620=PLANE('',#13120);
#9621=PLANE('',#13124);
#9622=PLANE('',#13127);
#9623=PLANE('',#13131);
#9624=PLANE('',#13135);
#9625=PLANE('',#13137);
#9626=PLANE('',#13139);
#9627=PLANE('',#13141);
#9628=PLANE('',#13142);
#9629=PLANE('',#13143);
#9630=PLANE('',#13146);
#9631=PLANE('',#13147);
#9632=PLANE('',#13148);
#9633=PLANE('',#13153);
#9634=PLANE('',#13154);
#9635=PLANE('',#13156);
#9636=PLANE('',#13157);
#9637=PLANE('',#13161);
#9638=PLANE('',#13162);
#9639=PLANE('',#13164);
#9640=PLANE('',#13167);
#9641=PLANE('',#13168);
#9642=PLANE('',#13169);
#9643=PLANE('',#13171);
#9644=PLANE('',#13175);
#9645=PLANE('',#13176);
#9646=PLANE('',#13177);
#9647=PLANE('',#13178);
#9648=STYLED_ITEM('',(#9963),#11855);
#9649=STYLED_ITEM('',(#9964),#11856);
#9650=STYLED_ITEM('',(#9965),#11857);
#9651=STYLED_ITEM('',(#9966),#11858);
#9652=STYLED_ITEM('',(#9967),#11859);
#9653=STYLED_ITEM('',(#9968),#11860);
#9654=STYLED_ITEM('',(#9969),#11861);
#9655=STYLED_ITEM('',(#9970),#11862);
#9656=STYLED_ITEM('',(#9971),#11863);
#9657=STYLED_ITEM('',(#9972),#11864);
#9658=STYLED_ITEM('',(#9973),#11865);
#9659=STYLED_ITEM('',(#9974),#11866);
#9660=STYLED_ITEM('',(#9975),#11867);
#9661=STYLED_ITEM('',(#9976),#11868);
#9662=STYLED_ITEM('',(#9977),#11869);
#9663=STYLED_ITEM('',(#9978),#11870);
#9664=STYLED_ITEM('',(#9979),#11871);
#9665=STYLED_ITEM('',(#9980),#11872);
#9666=STYLED_ITEM('',(#9981),#11873);
#9667=STYLED_ITEM('',(#9982),#11874);
#9668=STYLED_ITEM('',(#9983),#11875);
#9669=STYLED_ITEM('',(#9984),#11876);
#9670=STYLED_ITEM('',(#9985),#11877);
#9671=STYLED_ITEM('',(#9986),#11878);
#9672=STYLED_ITEM('',(#9987),#11879);
#9673=STYLED_ITEM('',(#9988),#11880);
#9674=STYLED_ITEM('',(#9989),#11881);
#9675=STYLED_ITEM('',(#9990),#11882);
#9676=STYLED_ITEM('',(#9991),#11883);
#9677=STYLED_ITEM('',(#9992),#11884);
#9678=STYLED_ITEM('',(#9993),#11885);
#9679=STYLED_ITEM('',(#9994),#11886);
#9680=STYLED_ITEM('',(#9995),#11887);
#9681=STYLED_ITEM('',(#9996),#11888);
#9682=STYLED_ITEM('',(#9997),#11889);
#9683=STYLED_ITEM('',(#9998),#11890);
#9684=STYLED_ITEM('',(#9999),#11891);
#9685=STYLED_ITEM('',(#10000),#11892);
#9686=STYLED_ITEM('',(#10001),#11893);
#9687=STYLED_ITEM('',(#10002),#11894);
#9688=STYLED_ITEM('',(#10003),#11895);
#9689=STYLED_ITEM('',(#10004),#11896);
#9690=STYLED_ITEM('',(#10005),#11897);
#9691=STYLED_ITEM('',(#10006),#11898);
#9692=STYLED_ITEM('',(#10007),#11899);
#9693=STYLED_ITEM('',(#10008),#11900);
#9694=STYLED_ITEM('',(#10009),#11901);
#9695=STYLED_ITEM('',(#10010),#11902);
#9696=STYLED_ITEM('',(#10011),#11903);
#9697=STYLED_ITEM('',(#10012),#11904);
#9698=STYLED_ITEM('',(#10013),#11905);
#9699=STYLED_ITEM('',(#10014),#11906);
#9700=STYLED_ITEM('',(#10015),#11907);
#9701=STYLED_ITEM('',(#10016),#11908);
#9702=STYLED_ITEM('',(#10017),#11909);
#9703=STYLED_ITEM('',(#10018),#11910);
#9704=STYLED_ITEM('',(#10019),#11911);
#9705=STYLED_ITEM('',(#10020),#11912);
#9706=STYLED_ITEM('',(#10021),#11913);
#9707=STYLED_ITEM('',(#10022),#11914);
#9708=STYLED_ITEM('',(#10023),#11915);
#9709=STYLED_ITEM('',(#10024),#11916);
#9710=STYLED_ITEM('',(#10025),#11917);
#9711=STYLED_ITEM('',(#10026),#11918);
#9712=STYLED_ITEM('',(#10027),#11919);
#9713=STYLED_ITEM('',(#10028),#11920);
#9714=STYLED_ITEM('',(#10029),#11921);
#9715=STYLED_ITEM('',(#10030),#11922);
#9716=STYLED_ITEM('',(#10031),#11923);
#9717=STYLED_ITEM('',(#10032),#11924);
#9718=STYLED_ITEM('',(#10033),#11925);
#9719=STYLED_ITEM('',(#10034),#11926);
#9720=STYLED_ITEM('',(#10035),#11927);
#9721=STYLED_ITEM('',(#10036),#11928);
#9722=STYLED_ITEM('',(#10037),#11929);
#9723=STYLED_ITEM('',(#10038),#11930);
#9724=STYLED_ITEM('',(#10039),#11931);
#9725=STYLED_ITEM('',(#10040),#11932);
#9726=STYLED_ITEM('',(#10041),#11933);
#9727=STYLED_ITEM('',(#10042),#11934);
#9728=STYLED_ITEM('',(#10043),#11935);
#9729=STYLED_ITEM('',(#10044),#11936);
#9730=STYLED_ITEM('',(#10045),#11937);
#9731=STYLED_ITEM('',(#10046),#11938);
#9732=STYLED_ITEM('',(#10047),#11939);
#9733=STYLED_ITEM('',(#10048),#11940);
#9734=STYLED_ITEM('',(#10049),#11941);
#9735=STYLED_ITEM('',(#10050),#11942);
#9736=STYLED_ITEM('',(#10051),#11943);
#9737=STYLED_ITEM('',(#10052),#11944);
#9738=STYLED_ITEM('',(#10053),#11945);
#9739=STYLED_ITEM('',(#10054),#11946);
#9740=STYLED_ITEM('',(#10055),#11947);
#9741=STYLED_ITEM('',(#10056),#11948);
#9742=STYLED_ITEM('',(#10057),#11949);
#9743=STYLED_ITEM('',(#10058),#11950);
#9744=STYLED_ITEM('',(#10059),#11951);
#9745=STYLED_ITEM('',(#10060),#11952);
#9746=STYLED_ITEM('',(#10061),#11953);
#9747=STYLED_ITEM('',(#10062),#11954);
#9748=STYLED_ITEM('',(#10063),#11955);
#9749=STYLED_ITEM('',(#10064),#11956);
#9750=STYLED_ITEM('',(#10065),#11957);
#9751=STYLED_ITEM('',(#10066),#11958);
#9752=STYLED_ITEM('',(#10067),#11959);
#9753=STYLED_ITEM('',(#10068),#11960);
#9754=STYLED_ITEM('',(#10069),#11961);
#9755=STYLED_ITEM('',(#10070),#11962);
#9756=STYLED_ITEM('',(#10071),#11963);
#9757=STYLED_ITEM('',(#10072),#11964);
#9758=STYLED_ITEM('',(#10073),#11965);
#9759=STYLED_ITEM('',(#10074),#11966);
#9760=STYLED_ITEM('',(#10075),#11967);
#9761=STYLED_ITEM('',(#10076),#11968);
#9762=STYLED_ITEM('',(#10077),#11969);
#9763=STYLED_ITEM('',(#10078),#11970);
#9764=STYLED_ITEM('',(#10079),#11971);
#9765=STYLED_ITEM('',(#10080),#11972);
#9766=STYLED_ITEM('',(#10081),#11973);
#9767=STYLED_ITEM('',(#10082),#11974);
#9768=STYLED_ITEM('',(#10083),#11975);
#9769=STYLED_ITEM('',(#10084),#11976);
#9770=STYLED_ITEM('',(#10085),#11977);
#9771=STYLED_ITEM('',(#10086),#11978);
#9772=STYLED_ITEM('',(#10087),#11979);
#9773=STYLED_ITEM('',(#10088),#11980);
#9774=STYLED_ITEM('',(#10089),#11981);
#9775=STYLED_ITEM('',(#10090),#11982);
#9776=STYLED_ITEM('',(#10091),#11983);
#9777=STYLED_ITEM('',(#10092),#11984);
#9778=STYLED_ITEM('',(#10093),#11985);
#9779=STYLED_ITEM('',(#10094),#11986);
#9780=STYLED_ITEM('',(#10095),#11987);
#9781=STYLED_ITEM('',(#10096),#11988);
#9782=STYLED_ITEM('',(#10097),#11989);
#9783=STYLED_ITEM('',(#10098),#11990);
#9784=STYLED_ITEM('',(#10099),#11991);
#9785=STYLED_ITEM('',(#10100),#11992);
#9786=STYLED_ITEM('',(#10101),#11993);
#9787=STYLED_ITEM('',(#10102),#11994);
#9788=STYLED_ITEM('',(#10103),#11995);
#9789=STYLED_ITEM('',(#10104),#11996);
#9790=STYLED_ITEM('',(#10105),#11997);
#9791=STYLED_ITEM('',(#10106),#11998);
#9792=STYLED_ITEM('',(#10107),#11999);
#9793=STYLED_ITEM('',(#10108),#12000);
#9794=STYLED_ITEM('',(#10109),#12001);
#9795=STYLED_ITEM('',(#10110),#12002);
#9796=STYLED_ITEM('',(#10111),#12003);
#9797=STYLED_ITEM('',(#10112),#12004);
#9798=STYLED_ITEM('',(#10113),#12005);
#9799=STYLED_ITEM('',(#10114),#12006);
#9800=STYLED_ITEM('',(#10115),#12007);
#9801=STYLED_ITEM('',(#10116),#12008);
#9802=STYLED_ITEM('',(#10117),#12009);
#9803=STYLED_ITEM('',(#10118),#12010);
#9804=STYLED_ITEM('',(#10119),#12011);
#9805=STYLED_ITEM('',(#10120),#12012);
#9806=STYLED_ITEM('',(#10121),#12013);
#9807=STYLED_ITEM('',(#10122),#12014);
#9808=STYLED_ITEM('',(#10123),#12015);
#9809=STYLED_ITEM('',(#10124),#12016);
#9810=STYLED_ITEM('',(#10125),#12017);
#9811=STYLED_ITEM('',(#10126),#12018);
#9812=STYLED_ITEM('',(#10127),#12019);
#9813=STYLED_ITEM('',(#10128),#12020);
#9814=STYLED_ITEM('',(#10129),#12021);
#9815=STYLED_ITEM('',(#10130),#12022);
#9816=STYLED_ITEM('',(#10131),#12023);
#9817=STYLED_ITEM('',(#10132),#12024);
#9818=STYLED_ITEM('',(#10133),#12025);
#9819=STYLED_ITEM('',(#10134),#12026);
#9820=STYLED_ITEM('',(#10135),#12027);
#9821=STYLED_ITEM('',(#10136),#12028);
#9822=STYLED_ITEM('',(#10137),#12029);
#9823=STYLED_ITEM('',(#10138),#12030);
#9824=STYLED_ITEM('',(#10139),#12031);
#9825=STYLED_ITEM('',(#10140),#12032);
#9826=STYLED_ITEM('',(#10141),#12033);
#9827=STYLED_ITEM('',(#10142),#12034);
#9828=STYLED_ITEM('',(#10143),#12035);
#9829=STYLED_ITEM('',(#10144),#12036);
#9830=STYLED_ITEM('',(#10145),#12037);
#9831=STYLED_ITEM('',(#10146),#12038);
#9832=STYLED_ITEM('',(#10147),#12039);
#9833=STYLED_ITEM('',(#10148),#12040);
#9834=STYLED_ITEM('',(#10149),#12041);
#9835=STYLED_ITEM('',(#10150),#12042);
#9836=STYLED_ITEM('',(#10151),#12043);
#9837=STYLED_ITEM('',(#10152),#12044);
#9838=STYLED_ITEM('',(#10153),#12045);
#9839=STYLED_ITEM('',(#10154),#12046);
#9840=STYLED_ITEM('',(#10155),#12047);
#9841=STYLED_ITEM('',(#10156),#12048);
#9842=STYLED_ITEM('',(#10157),#12049);
#9843=STYLED_ITEM('',(#10158),#12050);
#9844=STYLED_ITEM('',(#10159),#12051);
#9845=STYLED_ITEM('',(#10160),#12052);
#9846=STYLED_ITEM('',(#10161),#12053);
#9847=STYLED_ITEM('',(#10162),#12054);
#9848=STYLED_ITEM('',(#10163),#12055);
#9849=STYLED_ITEM('',(#10164),#12056);
#9850=STYLED_ITEM('',(#10165),#12057);
#9851=STYLED_ITEM('',(#10166),#12058);
#9852=STYLED_ITEM('',(#10167),#12059);
#9853=STYLED_ITEM('',(#10168),#12060);
#9854=STYLED_ITEM('',(#10169),#12061);
#9855=STYLED_ITEM('',(#10170),#12062);
#9856=STYLED_ITEM('',(#10171),#12063);
#9857=STYLED_ITEM('',(#10172),#12064);
#9858=STYLED_ITEM('',(#10173),#12065);
#9859=STYLED_ITEM('',(#10174),#12066);
#9860=STYLED_ITEM('',(#10175),#12067);
#9861=STYLED_ITEM('',(#10176),#12068);
#9862=STYLED_ITEM('',(#10177),#12069);
#9863=STYLED_ITEM('',(#10178),#12070);
#9864=STYLED_ITEM('',(#10179),#12071);
#9865=STYLED_ITEM('',(#10180),#12072);
#9866=STYLED_ITEM('',(#10181),#12073);
#9867=STYLED_ITEM('',(#10182),#12074);
#9868=STYLED_ITEM('',(#10183),#12075);
#9869=STYLED_ITEM('',(#10184),#12076);
#9870=STYLED_ITEM('',(#10185),#12077);
#9871=STYLED_ITEM('',(#10186),#12078);
#9872=STYLED_ITEM('',(#10187),#12079);
#9873=STYLED_ITEM('',(#10188),#12080);
#9874=STYLED_ITEM('',(#10189),#12081);
#9875=STYLED_ITEM('',(#10190),#12082);
#9876=STYLED_ITEM('',(#10191),#12083);
#9877=STYLED_ITEM('',(#10192),#12084);
#9878=STYLED_ITEM('',(#10193),#12085);
#9879=STYLED_ITEM('',(#10194),#12086);
#9880=STYLED_ITEM('',(#10195),#12087);
#9881=STYLED_ITEM('',(#10196),#12088);
#9882=STYLED_ITEM('',(#10197),#12089);
#9883=STYLED_ITEM('',(#10198),#12090);
#9884=STYLED_ITEM('',(#10199),#12091);
#9885=STYLED_ITEM('',(#10200),#12092);
#9886=STYLED_ITEM('',(#10201),#12093);
#9887=STYLED_ITEM('',(#10202),#12094);
#9888=STYLED_ITEM('',(#10203),#12095);
#9889=STYLED_ITEM('',(#10204),#12096);
#9890=STYLED_ITEM('',(#10205),#12097);
#9891=STYLED_ITEM('',(#10206),#12098);
#9892=STYLED_ITEM('',(#10207),#12099);
#9893=STYLED_ITEM('',(#10208),#12100);
#9894=STYLED_ITEM('',(#10209),#12101);
#9895=STYLED_ITEM('',(#10210),#12102);
#9896=STYLED_ITEM('',(#10211),#12103);
#9897=STYLED_ITEM('',(#10212),#12104);
#9898=STYLED_ITEM('',(#10213),#12105);
#9899=STYLED_ITEM('',(#10214),#12106);
#9900=STYLED_ITEM('',(#10215),#12107);
#9901=STYLED_ITEM('',(#10216),#12108);
#9902=STYLED_ITEM('',(#10217),#12109);
#9903=STYLED_ITEM('',(#10218),#12110);
#9904=STYLED_ITEM('',(#10219),#12111);
#9905=STYLED_ITEM('',(#10220),#12112);
#9906=STYLED_ITEM('',(#10221),#12113);
#9907=STYLED_ITEM('',(#10222),#12114);
#9908=STYLED_ITEM('',(#10223),#12115);
#9909=STYLED_ITEM('',(#10224),#12116);
#9910=STYLED_ITEM('',(#10225),#12117);
#9911=STYLED_ITEM('',(#10226),#12118);
#9912=STYLED_ITEM('',(#10227),#12119);
#9913=STYLED_ITEM('',(#10228),#12120);
#9914=STYLED_ITEM('',(#10229),#12121);
#9915=STYLED_ITEM('',(#10230),#12122);
#9916=STYLED_ITEM('',(#10231),#12123);
#9917=STYLED_ITEM('',(#10232),#12124);
#9918=STYLED_ITEM('',(#10233),#12125);
#9919=STYLED_ITEM('',(#10234),#12126);
#9920=STYLED_ITEM('',(#10235),#12127);
#9921=STYLED_ITEM('',(#10236),#12128);
#9922=STYLED_ITEM('',(#10237),#12129);
#9923=STYLED_ITEM('',(#10238),#12130);
#9924=STYLED_ITEM('',(#10239),#12131);
#9925=STYLED_ITEM('',(#10240),#12132);
#9926=STYLED_ITEM('',(#10241),#12133);
#9927=STYLED_ITEM('',(#10242),#12134);
#9928=STYLED_ITEM('',(#10243),#12135);
#9929=STYLED_ITEM('',(#10244),#12136);
#9930=STYLED_ITEM('',(#10245),#12137);
#9931=STYLED_ITEM('',(#10246),#12138);
#9932=STYLED_ITEM('',(#10247),#12139);
#9933=STYLED_ITEM('',(#10248),#12140);
#9934=STYLED_ITEM('',(#10249),#12141);
#9935=STYLED_ITEM('',(#10250),#12142);
#9936=STYLED_ITEM('',(#10251),#12143);
#9937=STYLED_ITEM('',(#10252),#12144);
#9938=STYLED_ITEM('',(#10253),#12145);
#9939=STYLED_ITEM('',(#10254),#12146);
#9940=STYLED_ITEM('',(#10255),#12147);
#9941=STYLED_ITEM('',(#10256),#12148);
#9942=STYLED_ITEM('',(#10257),#12149);
#9943=STYLED_ITEM('',(#10258),#12150);
#9944=STYLED_ITEM('',(#10259),#12151);
#9945=STYLED_ITEM('',(#10260),#12152);
#9946=STYLED_ITEM('',(#10261),#12153);
#9947=STYLED_ITEM('',(#10262),#12154);
#9948=STYLED_ITEM('',(#10263),#12155);
#9949=STYLED_ITEM('',(#10264),#12156);
#9950=STYLED_ITEM('',(#10265),#12157);
#9951=STYLED_ITEM('',(#10266),#12158);
#9952=STYLED_ITEM('',(#10267),#12159);
#9953=STYLED_ITEM('',(#10268),#12160);
#9954=STYLED_ITEM('',(#10269),#12161);
#9955=STYLED_ITEM('',(#10270),#12162);
#9956=STYLED_ITEM('',(#10271),#12163);
#9957=STYLED_ITEM('',(#10272),#12164);
#9958=STYLED_ITEM('',(#10273),#12165);
#9959=STYLED_ITEM('',(#10274),#12166);
#9960=STYLED_ITEM('',(#10275),#12167);
#9961=STYLED_ITEM('',(#10276),#12168);
#9962=STYLED_ITEM('',(#10277),#12388);
#9963=PRESENTATION_STYLE_ASSIGNMENT((#10278));
#9964=PRESENTATION_STYLE_ASSIGNMENT((#10279));
#9965=PRESENTATION_STYLE_ASSIGNMENT((#10280));
#9966=PRESENTATION_STYLE_ASSIGNMENT((#10281));
#9967=PRESENTATION_STYLE_ASSIGNMENT((#10282));
#9968=PRESENTATION_STYLE_ASSIGNMENT((#10283));
#9969=PRESENTATION_STYLE_ASSIGNMENT((#10284));
#9970=PRESENTATION_STYLE_ASSIGNMENT((#10285));
#9971=PRESENTATION_STYLE_ASSIGNMENT((#10286));
#9972=PRESENTATION_STYLE_ASSIGNMENT((#10287));
#9973=PRESENTATION_STYLE_ASSIGNMENT((#10288));
#9974=PRESENTATION_STYLE_ASSIGNMENT((#10289));
#9975=PRESENTATION_STYLE_ASSIGNMENT((#10290));
#9976=PRESENTATION_STYLE_ASSIGNMENT((#10291));
#9977=PRESENTATION_STYLE_ASSIGNMENT((#10292));
#9978=PRESENTATION_STYLE_ASSIGNMENT((#10293));
#9979=PRESENTATION_STYLE_ASSIGNMENT((#10294));
#9980=PRESENTATION_STYLE_ASSIGNMENT((#10295));
#9981=PRESENTATION_STYLE_ASSIGNMENT((#10296));
#9982=PRESENTATION_STYLE_ASSIGNMENT((#10297));
#9983=PRESENTATION_STYLE_ASSIGNMENT((#10298));
#9984=PRESENTATION_STYLE_ASSIGNMENT((#10299));
#9985=PRESENTATION_STYLE_ASSIGNMENT((#10300));
#9986=PRESENTATION_STYLE_ASSIGNMENT((#10301));
#9987=PRESENTATION_STYLE_ASSIGNMENT((#10302));
#9988=PRESENTATION_STYLE_ASSIGNMENT((#10303));
#9989=PRESENTATION_STYLE_ASSIGNMENT((#10304));
#9990=PRESENTATION_STYLE_ASSIGNMENT((#10305));
#9991=PRESENTATION_STYLE_ASSIGNMENT((#10306));
#9992=PRESENTATION_STYLE_ASSIGNMENT((#10307));
#9993=PRESENTATION_STYLE_ASSIGNMENT((#10308));
#9994=PRESENTATION_STYLE_ASSIGNMENT((#10309));
#9995=PRESENTATION_STYLE_ASSIGNMENT((#10310));
#9996=PRESENTATION_STYLE_ASSIGNMENT((#10311));
#9997=PRESENTATION_STYLE_ASSIGNMENT((#10312));
#9998=PRESENTATION_STYLE_ASSIGNMENT((#10313));
#9999=PRESENTATION_STYLE_ASSIGNMENT((#10314));
#10000=PRESENTATION_STYLE_ASSIGNMENT((#10315));
#10001=PRESENTATION_STYLE_ASSIGNMENT((#10316));
#10002=PRESENTATION_STYLE_ASSIGNMENT((#10317));
#10003=PRESENTATION_STYLE_ASSIGNMENT((#10318));
#10004=PRESENTATION_STYLE_ASSIGNMENT((#10319));
#10005=PRESENTATION_STYLE_ASSIGNMENT((#10320));
#10006=PRESENTATION_STYLE_ASSIGNMENT((#10321));
#10007=PRESENTATION_STYLE_ASSIGNMENT((#10322));
#10008=PRESENTATION_STYLE_ASSIGNMENT((#10323));
#10009=PRESENTATION_STYLE_ASSIGNMENT((#10324));
#10010=PRESENTATION_STYLE_ASSIGNMENT((#10325));
#10011=PRESENTATION_STYLE_ASSIGNMENT((#10326));
#10012=PRESENTATION_STYLE_ASSIGNMENT((#10327));
#10013=PRESENTATION_STYLE_ASSIGNMENT((#10328));
#10014=PRESENTATION_STYLE_ASSIGNMENT((#10329));
#10015=PRESENTATION_STYLE_ASSIGNMENT((#10330));
#10016=PRESENTATION_STYLE_ASSIGNMENT((#10331));
#10017=PRESENTATION_STYLE_ASSIGNMENT((#10332));
#10018=PRESENTATION_STYLE_ASSIGNMENT((#10333));
#10019=PRESENTATION_STYLE_ASSIGNMENT((#10334));
#10020=PRESENTATION_STYLE_ASSIGNMENT((#10335));
#10021=PRESENTATION_STYLE_ASSIGNMENT((#10336));
#10022=PRESENTATION_STYLE_ASSIGNMENT((#10337));
#10023=PRESENTATION_STYLE_ASSIGNMENT((#10338));
#10024=PRESENTATION_STYLE_ASSIGNMENT((#10339));
#10025=PRESENTATION_STYLE_ASSIGNMENT((#10340));
#10026=PRESENTATION_STYLE_ASSIGNMENT((#10341));
#10027=PRESENTATION_STYLE_ASSIGNMENT((#10342));
#10028=PRESENTATION_STYLE_ASSIGNMENT((#10343));
#10029=PRESENTATION_STYLE_ASSIGNMENT((#10344));
#10030=PRESENTATION_STYLE_ASSIGNMENT((#10345));
#10031=PRESENTATION_STYLE_ASSIGNMENT((#10346));
#10032=PRESENTATION_STYLE_ASSIGNMENT((#10347));
#10033=PRESENTATION_STYLE_ASSIGNMENT((#10348));
#10034=PRESENTATION_STYLE_ASSIGNMENT((#10349));
#10035=PRESENTATION_STYLE_ASSIGNMENT((#10350));
#10036=PRESENTATION_STYLE_ASSIGNMENT((#10351));
#10037=PRESENTATION_STYLE_ASSIGNMENT((#10352));
#10038=PRESENTATION_STYLE_ASSIGNMENT((#10353));
#10039=PRESENTATION_STYLE_ASSIGNMENT((#10354));
#10040=PRESENTATION_STYLE_ASSIGNMENT((#10355));
#10041=PRESENTATION_STYLE_ASSIGNMENT((#10356));
#10042=PRESENTATION_STYLE_ASSIGNMENT((#10357));
#10043=PRESENTATION_STYLE_ASSIGNMENT((#10358));
#10044=PRESENTATION_STYLE_ASSIGNMENT((#10359));
#10045=PRESENTATION_STYLE_ASSIGNMENT((#10360));
#10046=PRESENTATION_STYLE_ASSIGNMENT((#10361));
#10047=PRESENTATION_STYLE_ASSIGNMENT((#10362));
#10048=PRESENTATION_STYLE_ASSIGNMENT((#10363));
#10049=PRESENTATION_STYLE_ASSIGNMENT((#10364));
#10050=PRESENTATION_STYLE_ASSIGNMENT((#10365));
#10051=PRESENTATION_STYLE_ASSIGNMENT((#10366));
#10052=PRESENTATION_STYLE_ASSIGNMENT((#10367));
#10053=PRESENTATION_STYLE_ASSIGNMENT((#10368));
#10054=PRESENTATION_STYLE_ASSIGNMENT((#10369));
#10055=PRESENTATION_STYLE_ASSIGNMENT((#10370));
#10056=PRESENTATION_STYLE_ASSIGNMENT((#10371));
#10057=PRESENTATION_STYLE_ASSIGNMENT((#10372));
#10058=PRESENTATION_STYLE_ASSIGNMENT((#10373));
#10059=PRESENTATION_STYLE_ASSIGNMENT((#10374));
#10060=PRESENTATION_STYLE_ASSIGNMENT((#10375));
#10061=PRESENTATION_STYLE_ASSIGNMENT((#10376));
#10062=PRESENTATION_STYLE_ASSIGNMENT((#10377));
#10063=PRESENTATION_STYLE_ASSIGNMENT((#10378));
#10064=PRESENTATION_STYLE_ASSIGNMENT((#10379));
#10065=PRESENTATION_STYLE_ASSIGNMENT((#10380));
#10066=PRESENTATION_STYLE_ASSIGNMENT((#10381));
#10067=PRESENTATION_STYLE_ASSIGNMENT((#10382));
#10068=PRESENTATION_STYLE_ASSIGNMENT((#10383));
#10069=PRESENTATION_STYLE_ASSIGNMENT((#10384));
#10070=PRESENTATION_STYLE_ASSIGNMENT((#10385));
#10071=PRESENTATION_STYLE_ASSIGNMENT((#10386));
#10072=PRESENTATION_STYLE_ASSIGNMENT((#10387));
#10073=PRESENTATION_STYLE_ASSIGNMENT((#10388));
#10074=PRESENTATION_STYLE_ASSIGNMENT((#10389));
#10075=PRESENTATION_STYLE_ASSIGNMENT((#10390));
#10076=PRESENTATION_STYLE_ASSIGNMENT((#10391));
#10077=PRESENTATION_STYLE_ASSIGNMENT((#10392));
#10078=PRESENTATION_STYLE_ASSIGNMENT((#10393));
#10079=PRESENTATION_STYLE_ASSIGNMENT((#10394));
#10080=PRESENTATION_STYLE_ASSIGNMENT((#10395));
#10081=PRESENTATION_STYLE_ASSIGNMENT((#10396));
#10082=PRESENTATION_STYLE_ASSIGNMENT((#10397));
#10083=PRESENTATION_STYLE_ASSIGNMENT((#10398));
#10084=PRESENTATION_STYLE_ASSIGNMENT((#10399));
#10085=PRESENTATION_STYLE_ASSIGNMENT((#10400));
#10086=PRESENTATION_STYLE_ASSIGNMENT((#10401));
#10087=PRESENTATION_STYLE_ASSIGNMENT((#10402));
#10088=PRESENTATION_STYLE_ASSIGNMENT((#10403));
#10089=PRESENTATION_STYLE_ASSIGNMENT((#10404));
#10090=PRESENTATION_STYLE_ASSIGNMENT((#10405));
#10091=PRESENTATION_STYLE_ASSIGNMENT((#10406));
#10092=PRESENTATION_STYLE_ASSIGNMENT((#10407));
#10093=PRESENTATION_STYLE_ASSIGNMENT((#10408));
#10094=PRESENTATION_STYLE_ASSIGNMENT((#10409));
#10095=PRESENTATION_STYLE_ASSIGNMENT((#10410));
#10096=PRESENTATION_STYLE_ASSIGNMENT((#10411));
#10097=PRESENTATION_STYLE_ASSIGNMENT((#10412));
#10098=PRESENTATION_STYLE_ASSIGNMENT((#10413));
#10099=PRESENTATION_STYLE_ASSIGNMENT((#10414));
#10100=PRESENTATION_STYLE_ASSIGNMENT((#10415));
#10101=PRESENTATION_STYLE_ASSIGNMENT((#10416));
#10102=PRESENTATION_STYLE_ASSIGNMENT((#10417));
#10103=PRESENTATION_STYLE_ASSIGNMENT((#10418));
#10104=PRESENTATION_STYLE_ASSIGNMENT((#10419));
#10105=PRESENTATION_STYLE_ASSIGNMENT((#10420));
#10106=PRESENTATION_STYLE_ASSIGNMENT((#10421));
#10107=PRESENTATION_STYLE_ASSIGNMENT((#10422));
#10108=PRESENTATION_STYLE_ASSIGNMENT((#10423));
#10109=PRESENTATION_STYLE_ASSIGNMENT((#10424));
#10110=PRESENTATION_STYLE_ASSIGNMENT((#10425));
#10111=PRESENTATION_STYLE_ASSIGNMENT((#10426));
#10112=PRESENTATION_STYLE_ASSIGNMENT((#10427));
#10113=PRESENTATION_STYLE_ASSIGNMENT((#10428));
#10114=PRESENTATION_STYLE_ASSIGNMENT((#10429));
#10115=PRESENTATION_STYLE_ASSIGNMENT((#10430));
#10116=PRESENTATION_STYLE_ASSIGNMENT((#10431));
#10117=PRESENTATION_STYLE_ASSIGNMENT((#10432));
#10118=PRESENTATION_STYLE_ASSIGNMENT((#10433));
#10119=PRESENTATION_STYLE_ASSIGNMENT((#10434));
#10120=PRESENTATION_STYLE_ASSIGNMENT((#10435));
#10121=PRESENTATION_STYLE_ASSIGNMENT((#10436));
#10122=PRESENTATION_STYLE_ASSIGNMENT((#10437));
#10123=PRESENTATION_STYLE_ASSIGNMENT((#10438));
#10124=PRESENTATION_STYLE_ASSIGNMENT((#10439));
#10125=PRESENTATION_STYLE_ASSIGNMENT((#10440));
#10126=PRESENTATION_STYLE_ASSIGNMENT((#10441));
#10127=PRESENTATION_STYLE_ASSIGNMENT((#10442));
#10128=PRESENTATION_STYLE_ASSIGNMENT((#10443));
#10129=PRESENTATION_STYLE_ASSIGNMENT((#10444));
#10130=PRESENTATION_STYLE_ASSIGNMENT((#10445));
#10131=PRESENTATION_STYLE_ASSIGNMENT((#10446));
#10132=PRESENTATION_STYLE_ASSIGNMENT((#10447));
#10133=PRESENTATION_STYLE_ASSIGNMENT((#10448));
#10134=PRESENTATION_STYLE_ASSIGNMENT((#10449));
#10135=PRESENTATION_STYLE_ASSIGNMENT((#10450));
#10136=PRESENTATION_STYLE_ASSIGNMENT((#10451));
#10137=PRESENTATION_STYLE_ASSIGNMENT((#10452));
#10138=PRESENTATION_STYLE_ASSIGNMENT((#10453));
#10139=PRESENTATION_STYLE_ASSIGNMENT((#10454));
#10140=PRESENTATION_STYLE_ASSIGNMENT((#10455));
#10141=PRESENTATION_STYLE_ASSIGNMENT((#10456));
#10142=PRESENTATION_STYLE_ASSIGNMENT((#10457));
#10143=PRESENTATION_STYLE_ASSIGNMENT((#10458));
#10144=PRESENTATION_STYLE_ASSIGNMENT((#10459));
#10145=PRESENTATION_STYLE_ASSIGNMENT((#10460));
#10146=PRESENTATION_STYLE_ASSIGNMENT((#10461));
#10147=PRESENTATION_STYLE_ASSIGNMENT((#10462));
#10148=PRESENTATION_STYLE_ASSIGNMENT((#10463));
#10149=PRESENTATION_STYLE_ASSIGNMENT((#10464));
#10150=PRESENTATION_STYLE_ASSIGNMENT((#10465));
#10151=PRESENTATION_STYLE_ASSIGNMENT((#10466));
#10152=PRESENTATION_STYLE_ASSIGNMENT((#10467));
#10153=PRESENTATION_STYLE_ASSIGNMENT((#10468));
#10154=PRESENTATION_STYLE_ASSIGNMENT((#10469));
#10155=PRESENTATION_STYLE_ASSIGNMENT((#10470));
#10156=PRESENTATION_STYLE_ASSIGNMENT((#10471));
#10157=PRESENTATION_STYLE_ASSIGNMENT((#10472));
#10158=PRESENTATION_STYLE_ASSIGNMENT((#10473));
#10159=PRESENTATION_STYLE_ASSIGNMENT((#10474));
#10160=PRESENTATION_STYLE_ASSIGNMENT((#10475));
#10161=PRESENTATION_STYLE_ASSIGNMENT((#10476));
#10162=PRESENTATION_STYLE_ASSIGNMENT((#10477));
#10163=PRESENTATION_STYLE_ASSIGNMENT((#10478));
#10164=PRESENTATION_STYLE_ASSIGNMENT((#10479));
#10165=PRESENTATION_STYLE_ASSIGNMENT((#10480));
#10166=PRESENTATION_STYLE_ASSIGNMENT((#10481));
#10167=PRESENTATION_STYLE_ASSIGNMENT((#10482));
#10168=PRESENTATION_STYLE_ASSIGNMENT((#10483));
#10169=PRESENTATION_STYLE_ASSIGNMENT((#10484));
#10170=PRESENTATION_STYLE_ASSIGNMENT((#10485));
#10171=PRESENTATION_STYLE_ASSIGNMENT((#10486));
#10172=PRESENTATION_STYLE_ASSIGNMENT((#10487));
#10173=PRESENTATION_STYLE_ASSIGNMENT((#10488));
#10174=PRESENTATION_STYLE_ASSIGNMENT((#10489));
#10175=PRESENTATION_STYLE_ASSIGNMENT((#10490));
#10176=PRESENTATION_STYLE_ASSIGNMENT((#10491));
#10177=PRESENTATION_STYLE_ASSIGNMENT((#10492));
#10178=PRESENTATION_STYLE_ASSIGNMENT((#10493));
#10179=PRESENTATION_STYLE_ASSIGNMENT((#10494));
#10180=PRESENTATION_STYLE_ASSIGNMENT((#10495));
#10181=PRESENTATION_STYLE_ASSIGNMENT((#10496));
#10182=PRESENTATION_STYLE_ASSIGNMENT((#10497));
#10183=PRESENTATION_STYLE_ASSIGNMENT((#10498));
#10184=PRESENTATION_STYLE_ASSIGNMENT((#10499));
#10185=PRESENTATION_STYLE_ASSIGNMENT((#10500));
#10186=PRESENTATION_STYLE_ASSIGNMENT((#10501));
#10187=PRESENTATION_STYLE_ASSIGNMENT((#10502));
#10188=PRESENTATION_STYLE_ASSIGNMENT((#10503));
#10189=PRESENTATION_STYLE_ASSIGNMENT((#10504));
#10190=PRESENTATION_STYLE_ASSIGNMENT((#10505));
#10191=PRESENTATION_STYLE_ASSIGNMENT((#10506));
#10192=PRESENTATION_STYLE_ASSIGNMENT((#10507));
#10193=PRESENTATION_STYLE_ASSIGNMENT((#10508));
#10194=PRESENTATION_STYLE_ASSIGNMENT((#10509));
#10195=PRESENTATION_STYLE_ASSIGNMENT((#10510));
#10196=PRESENTATION_STYLE_ASSIGNMENT((#10511));
#10197=PRESENTATION_STYLE_ASSIGNMENT((#10512));
#10198=PRESENTATION_STYLE_ASSIGNMENT((#10513));
#10199=PRESENTATION_STYLE_ASSIGNMENT((#10514));
#10200=PRESENTATION_STYLE_ASSIGNMENT((#10515));
#10201=PRESENTATION_STYLE_ASSIGNMENT((#10516));
#10202=PRESENTATION_STYLE_ASSIGNMENT((#10517));
#10203=PRESENTATION_STYLE_ASSIGNMENT((#10518));
#10204=PRESENTATION_STYLE_ASSIGNMENT((#10519));
#10205=PRESENTATION_STYLE_ASSIGNMENT((#10520));
#10206=PRESENTATION_STYLE_ASSIGNMENT((#10521));
#10207=PRESENTATION_STYLE_ASSIGNMENT((#10522));
#10208=PRESENTATION_STYLE_ASSIGNMENT((#10523));
#10209=PRESENTATION_STYLE_ASSIGNMENT((#10524));
#10210=PRESENTATION_STYLE_ASSIGNMENT((#10525));
#10211=PRESENTATION_STYLE_ASSIGNMENT((#10526));
#10212=PRESENTATION_STYLE_ASSIGNMENT((#10527));
#10213=PRESENTATION_STYLE_ASSIGNMENT((#10528));
#10214=PRESENTATION_STYLE_ASSIGNMENT((#10529));
#10215=PRESENTATION_STYLE_ASSIGNMENT((#10530));
#10216=PRESENTATION_STYLE_ASSIGNMENT((#10531));
#10217=PRESENTATION_STYLE_ASSIGNMENT((#10532));
#10218=PRESENTATION_STYLE_ASSIGNMENT((#10533));
#10219=PRESENTATION_STYLE_ASSIGNMENT((#10534));
#10220=PRESENTATION_STYLE_ASSIGNMENT((#10535));
#10221=PRESENTATION_STYLE_ASSIGNMENT((#10536));
#10222=PRESENTATION_STYLE_ASSIGNMENT((#10537));
#10223=PRESENTATION_STYLE_ASSIGNMENT((#10538));
#10224=PRESENTATION_STYLE_ASSIGNMENT((#10539));
#10225=PRESENTATION_STYLE_ASSIGNMENT((#10540));
#10226=PRESENTATION_STYLE_ASSIGNMENT((#10541));
#10227=PRESENTATION_STYLE_ASSIGNMENT((#10542));
#10228=PRESENTATION_STYLE_ASSIGNMENT((#10543));
#10229=PRESENTATION_STYLE_ASSIGNMENT((#10544));
#10230=PRESENTATION_STYLE_ASSIGNMENT((#10545));
#10231=PRESENTATION_STYLE_ASSIGNMENT((#10546));
#10232=PRESENTATION_STYLE_ASSIGNMENT((#10547));
#10233=PRESENTATION_STYLE_ASSIGNMENT((#10548));
#10234=PRESENTATION_STYLE_ASSIGNMENT((#10549));
#10235=PRESENTATION_STYLE_ASSIGNMENT((#10550));
#10236=PRESENTATION_STYLE_ASSIGNMENT((#10551));
#10237=PRESENTATION_STYLE_ASSIGNMENT((#10552));
#10238=PRESENTATION_STYLE_ASSIGNMENT((#10553));
#10239=PRESENTATION_STYLE_ASSIGNMENT((#10554));
#10240=PRESENTATION_STYLE_ASSIGNMENT((#10555));
#10241=PRESENTATION_STYLE_ASSIGNMENT((#10556));
#10242=PRESENTATION_STYLE_ASSIGNMENT((#10557));
#10243=PRESENTATION_STYLE_ASSIGNMENT((#10558));
#10244=PRESENTATION_STYLE_ASSIGNMENT((#10559));
#10245=PRESENTATION_STYLE_ASSIGNMENT((#10560));
#10246=PRESENTATION_STYLE_ASSIGNMENT((#10561));
#10247=PRESENTATION_STYLE_ASSIGNMENT((#10562));
#10248=PRESENTATION_STYLE_ASSIGNMENT((#10563));
#10249=PRESENTATION_STYLE_ASSIGNMENT((#10564));
#10250=PRESENTATION_STYLE_ASSIGNMENT((#10565));
#10251=PRESENTATION_STYLE_ASSIGNMENT((#10566));
#10252=PRESENTATION_STYLE_ASSIGNMENT((#10567));
#10253=PRESENTATION_STYLE_ASSIGNMENT((#10568));
#10254=PRESENTATION_STYLE_ASSIGNMENT((#10569));
#10255=PRESENTATION_STYLE_ASSIGNMENT((#10570));
#10256=PRESENTATION_STYLE_ASSIGNMENT((#10571));
#10257=PRESENTATION_STYLE_ASSIGNMENT((#10572));
#10258=PRESENTATION_STYLE_ASSIGNMENT((#10573));
#10259=PRESENTATION_STYLE_ASSIGNMENT((#10574));
#10260=PRESENTATION_STYLE_ASSIGNMENT((#10575));
#10261=PRESENTATION_STYLE_ASSIGNMENT((#10576));
#10262=PRESENTATION_STYLE_ASSIGNMENT((#10577));
#10263=PRESENTATION_STYLE_ASSIGNMENT((#10578));
#10264=PRESENTATION_STYLE_ASSIGNMENT((#10579));
#10265=PRESENTATION_STYLE_ASSIGNMENT((#10580));
#10266=PRESENTATION_STYLE_ASSIGNMENT((#10581));
#10267=PRESENTATION_STYLE_ASSIGNMENT((#10582));
#10268=PRESENTATION_STYLE_ASSIGNMENT((#10583));
#10269=PRESENTATION_STYLE_ASSIGNMENT((#10584));
#10270=PRESENTATION_STYLE_ASSIGNMENT((#10585));
#10271=PRESENTATION_STYLE_ASSIGNMENT((#10586));
#10272=PRESENTATION_STYLE_ASSIGNMENT((#10587));
#10273=PRESENTATION_STYLE_ASSIGNMENT((#10588));
#10274=PRESENTATION_STYLE_ASSIGNMENT((#10589));
#10275=PRESENTATION_STYLE_ASSIGNMENT((#10590));
#10276=PRESENTATION_STYLE_ASSIGNMENT((#10591));
#10277=PRESENTATION_STYLE_ASSIGNMENT((#10592));
#10278=SURFACE_STYLE_USAGE(.BOTH.,#10593);
#10279=SURFACE_STYLE_USAGE(.BOTH.,#10594);
#10280=SURFACE_STYLE_USAGE(.BOTH.,#10595);
#10281=SURFACE_STYLE_USAGE(.BOTH.,#10596);
#10282=SURFACE_STYLE_USAGE(.BOTH.,#10597);
#10283=SURFACE_STYLE_USAGE(.BOTH.,#10598);
#10284=SURFACE_STYLE_USAGE(.BOTH.,#10599);
#10285=SURFACE_STYLE_USAGE(.BOTH.,#10600);
#10286=SURFACE_STYLE_USAGE(.BOTH.,#10601);
#10287=SURFACE_STYLE_USAGE(.BOTH.,#10602);
#10288=SURFACE_STYLE_USAGE(.BOTH.,#10603);
#10289=SURFACE_STYLE_USAGE(.BOTH.,#10604);
#10290=SURFACE_STYLE_USAGE(.BOTH.,#10605);
#10291=SURFACE_STYLE_USAGE(.BOTH.,#10606);
#10292=SURFACE_STYLE_USAGE(.BOTH.,#10607);
#10293=SURFACE_STYLE_USAGE(.BOTH.,#10608);
#10294=SURFACE_STYLE_USAGE(.BOTH.,#10609);
#10295=SURFACE_STYLE_USAGE(.BOTH.,#10610);
#10296=SURFACE_STYLE_USAGE(.BOTH.,#10611);
#10297=SURFACE_STYLE_USAGE(.BOTH.,#10612);
#10298=SURFACE_STYLE_USAGE(.BOTH.,#10613);
#10299=SURFACE_STYLE_USAGE(.BOTH.,#10614);
#10300=SURFACE_STYLE_USAGE(.BOTH.,#10615);
#10301=SURFACE_STYLE_USAGE(.BOTH.,#10616);
#10302=SURFACE_STYLE_USAGE(.BOTH.,#10617);
#10303=SURFACE_STYLE_USAGE(.BOTH.,#10618);
#10304=SURFACE_STYLE_USAGE(.BOTH.,#10619);
#10305=SURFACE_STYLE_USAGE(.BOTH.,#10620);
#10306=SURFACE_STYLE_USAGE(.BOTH.,#10621);
#10307=SURFACE_STYLE_USAGE(.BOTH.,#10622);
#10308=SURFACE_STYLE_USAGE(.BOTH.,#10623);
#10309=SURFACE_STYLE_USAGE(.BOTH.,#10624);
#10310=SURFACE_STYLE_USAGE(.BOTH.,#10625);
#10311=SURFACE_STYLE_USAGE(.BOTH.,#10626);
#10312=SURFACE_STYLE_USAGE(.BOTH.,#10627);
#10313=SURFACE_STYLE_USAGE(.BOTH.,#10628);
#10314=SURFACE_STYLE_USAGE(.BOTH.,#10629);
#10315=SURFACE_STYLE_USAGE(.BOTH.,#10630);
#10316=SURFACE_STYLE_USAGE(.BOTH.,#10631);
#10317=SURFACE_STYLE_USAGE(.BOTH.,#10632);
#10318=SURFACE_STYLE_USAGE(.BOTH.,#10633);
#10319=SURFACE_STYLE_USAGE(.BOTH.,#10634);
#10320=SURFACE_STYLE_USAGE(.BOTH.,#10635);
#10321=SURFACE_STYLE_USAGE(.BOTH.,#10636);
#10322=SURFACE_STYLE_USAGE(.BOTH.,#10637);
#10323=SURFACE_STYLE_USAGE(.BOTH.,#10638);
#10324=SURFACE_STYLE_USAGE(.BOTH.,#10639);
#10325=SURFACE_STYLE_USAGE(.BOTH.,#10640);
#10326=SURFACE_STYLE_USAGE(.BOTH.,#10641);
#10327=SURFACE_STYLE_USAGE(.BOTH.,#10642);
#10328=SURFACE_STYLE_USAGE(.BOTH.,#10643);
#10329=SURFACE_STYLE_USAGE(.BOTH.,#10644);
#10330=SURFACE_STYLE_USAGE(.BOTH.,#10645);
#10331=SURFACE_STYLE_USAGE(.BOTH.,#10646);
#10332=SURFACE_STYLE_USAGE(.BOTH.,#10647);
#10333=SURFACE_STYLE_USAGE(.BOTH.,#10648);
#10334=SURFACE_STYLE_USAGE(.BOTH.,#10649);
#10335=SURFACE_STYLE_USAGE(.BOTH.,#10650);
#10336=SURFACE_STYLE_USAGE(.BOTH.,#10651);
#10337=SURFACE_STYLE_USAGE(.BOTH.,#10652);
#10338=SURFACE_STYLE_USAGE(.BOTH.,#10653);
#10339=SURFACE_STYLE_USAGE(.BOTH.,#10654);
#10340=SURFACE_STYLE_USAGE(.BOTH.,#10655);
#10341=SURFACE_STYLE_USAGE(.BOTH.,#10656);
#10342=SURFACE_STYLE_USAGE(.BOTH.,#10657);
#10343=SURFACE_STYLE_USAGE(.BOTH.,#10658);
#10344=SURFACE_STYLE_USAGE(.BOTH.,#10659);
#10345=SURFACE_STYLE_USAGE(.BOTH.,#10660);
#10346=SURFACE_STYLE_USAGE(.BOTH.,#10661);
#10347=SURFACE_STYLE_USAGE(.BOTH.,#10662);
#10348=SURFACE_STYLE_USAGE(.BOTH.,#10663);
#10349=SURFACE_STYLE_USAGE(.BOTH.,#10664);
#10350=SURFACE_STYLE_USAGE(.BOTH.,#10665);
#10351=SURFACE_STYLE_USAGE(.BOTH.,#10666);
#10352=SURFACE_STYLE_USAGE(.BOTH.,#10667);
#10353=SURFACE_STYLE_USAGE(.BOTH.,#10668);
#10354=SURFACE_STYLE_USAGE(.BOTH.,#10669);
#10355=SURFACE_STYLE_USAGE(.BOTH.,#10670);
#10356=SURFACE_STYLE_USAGE(.BOTH.,#10671);
#10357=SURFACE_STYLE_USAGE(.BOTH.,#10672);
#10358=SURFACE_STYLE_USAGE(.BOTH.,#10673);
#10359=SURFACE_STYLE_USAGE(.BOTH.,#10674);
#10360=SURFACE_STYLE_USAGE(.BOTH.,#10675);
#10361=SURFACE_STYLE_USAGE(.BOTH.,#10676);
#10362=SURFACE_STYLE_USAGE(.BOTH.,#10677);
#10363=SURFACE_STYLE_USAGE(.BOTH.,#10678);
#10364=SURFACE_STYLE_USAGE(.BOTH.,#10679);
#10365=SURFACE_STYLE_USAGE(.BOTH.,#10680);
#10366=SURFACE_STYLE_USAGE(.BOTH.,#10681);
#10367=SURFACE_STYLE_USAGE(.BOTH.,#10682);
#10368=SURFACE_STYLE_USAGE(.BOTH.,#10683);
#10369=SURFACE_STYLE_USAGE(.BOTH.,#10684);
#10370=SURFACE_STYLE_USAGE(.BOTH.,#10685);
#10371=SURFACE_STYLE_USAGE(.BOTH.,#10686);
#10372=SURFACE_STYLE_USAGE(.BOTH.,#10687);
#10373=SURFACE_STYLE_USAGE(.BOTH.,#10688);
#10374=SURFACE_STYLE_USAGE(.BOTH.,#10689);
#10375=SURFACE_STYLE_USAGE(.BOTH.,#10690);
#10376=SURFACE_STYLE_USAGE(.BOTH.,#10691);
#10377=SURFACE_STYLE_USAGE(.BOTH.,#10692);
#10378=SURFACE_STYLE_USAGE(.BOTH.,#10693);
#10379=SURFACE_STYLE_USAGE(.BOTH.,#10694);
#10380=SURFACE_STYLE_USAGE(.BOTH.,#10695);
#10381=SURFACE_STYLE_USAGE(.BOTH.,#10696);
#10382=SURFACE_STYLE_USAGE(.BOTH.,#10697);
#10383=SURFACE_STYLE_USAGE(.BOTH.,#10698);
#10384=SURFACE_STYLE_USAGE(.BOTH.,#10699);
#10385=SURFACE_STYLE_USAGE(.BOTH.,#10700);
#10386=SURFACE_STYLE_USAGE(.BOTH.,#10701);
#10387=SURFACE_STYLE_USAGE(.BOTH.,#10702);
#10388=SURFACE_STYLE_USAGE(.BOTH.,#10703);
#10389=SURFACE_STYLE_USAGE(.BOTH.,#10704);
#10390=SURFACE_STYLE_USAGE(.BOTH.,#10705);
#10391=SURFACE_STYLE_USAGE(.BOTH.,#10706);
#10392=SURFACE_STYLE_USAGE(.BOTH.,#10707);
#10393=SURFACE_STYLE_USAGE(.BOTH.,#10708);
#10394=SURFACE_STYLE_USAGE(.BOTH.,#10709);
#10395=SURFACE_STYLE_USAGE(.BOTH.,#10710);
#10396=SURFACE_STYLE_USAGE(.BOTH.,#10711);
#10397=SURFACE_STYLE_USAGE(.BOTH.,#10712);
#10398=SURFACE_STYLE_USAGE(.BOTH.,#10713);
#10399=SURFACE_STYLE_USAGE(.BOTH.,#10714);
#10400=SURFACE_STYLE_USAGE(.BOTH.,#10715);
#10401=SURFACE_STYLE_USAGE(.BOTH.,#10716);
#10402=SURFACE_STYLE_USAGE(.BOTH.,#10717);
#10403=SURFACE_STYLE_USAGE(.BOTH.,#10718);
#10404=SURFACE_STYLE_USAGE(.BOTH.,#10719);
#10405=SURFACE_STYLE_USAGE(.BOTH.,#10720);
#10406=SURFACE_STYLE_USAGE(.BOTH.,#10721);
#10407=SURFACE_STYLE_USAGE(.BOTH.,#10722);
#10408=SURFACE_STYLE_USAGE(.BOTH.,#10723);
#10409=SURFACE_STYLE_USAGE(.BOTH.,#10724);
#10410=SURFACE_STYLE_USAGE(.BOTH.,#10725);
#10411=SURFACE_STYLE_USAGE(.BOTH.,#10726);
#10412=SURFACE_STYLE_USAGE(.BOTH.,#10727);
#10413=SURFACE_STYLE_USAGE(.BOTH.,#10728);
#10414=SURFACE_STYLE_USAGE(.BOTH.,#10729);
#10415=SURFACE_STYLE_USAGE(.BOTH.,#10730);
#10416=SURFACE_STYLE_USAGE(.BOTH.,#10731);
#10417=SURFACE_STYLE_USAGE(.BOTH.,#10732);
#10418=SURFACE_STYLE_USAGE(.BOTH.,#10733);
#10419=SURFACE_STYLE_USAGE(.BOTH.,#10734);
#10420=SURFACE_STYLE_USAGE(.BOTH.,#10735);
#10421=SURFACE_STYLE_USAGE(.BOTH.,#10736);
#10422=SURFACE_STYLE_USAGE(.BOTH.,#10737);
#10423=SURFACE_STYLE_USAGE(.BOTH.,#10738);
#10424=SURFACE_STYLE_USAGE(.BOTH.,#10739);
#10425=SURFACE_STYLE_USAGE(.BOTH.,#10740);
#10426=SURFACE_STYLE_USAGE(.BOTH.,#10741);
#10427=SURFACE_STYLE_USAGE(.BOTH.,#10742);
#10428=SURFACE_STYLE_USAGE(.BOTH.,#10743);
#10429=SURFACE_STYLE_USAGE(.BOTH.,#10744);
#10430=SURFACE_STYLE_USAGE(.BOTH.,#10745);
#10431=SURFACE_STYLE_USAGE(.BOTH.,#10746);
#10432=SURFACE_STYLE_USAGE(.BOTH.,#10747);
#10433=SURFACE_STYLE_USAGE(.BOTH.,#10748);
#10434=SURFACE_STYLE_USAGE(.BOTH.,#10749);
#10435=SURFACE_STYLE_USAGE(.BOTH.,#10750);
#10436=SURFACE_STYLE_USAGE(.BOTH.,#10751);
#10437=SURFACE_STYLE_USAGE(.BOTH.,#10752);
#10438=SURFACE_STYLE_USAGE(.BOTH.,#10753);
#10439=SURFACE_STYLE_USAGE(.BOTH.,#10754);
#10440=SURFACE_STYLE_USAGE(.BOTH.,#10755);
#10441=SURFACE_STYLE_USAGE(.BOTH.,#10756);
#10442=SURFACE_STYLE_USAGE(.BOTH.,#10757);
#10443=SURFACE_STYLE_USAGE(.BOTH.,#10758);
#10444=SURFACE_STYLE_USAGE(.BOTH.,#10759);
#10445=SURFACE_STYLE_USAGE(.BOTH.,#10760);
#10446=SURFACE_STYLE_USAGE(.BOTH.,#10761);
#10447=SURFACE_STYLE_USAGE(.BOTH.,#10762);
#10448=SURFACE_STYLE_USAGE(.BOTH.,#10763);
#10449=SURFACE_STYLE_USAGE(.BOTH.,#10764);
#10450=SURFACE_STYLE_USAGE(.BOTH.,#10765);
#10451=SURFACE_STYLE_USAGE(.BOTH.,#10766);
#10452=SURFACE_STYLE_USAGE(.BOTH.,#10767);
#10453=SURFACE_STYLE_USAGE(.BOTH.,#10768);
#10454=SURFACE_STYLE_USAGE(.BOTH.,#10769);
#10455=SURFACE_STYLE_USAGE(.BOTH.,#10770);
#10456=SURFACE_STYLE_USAGE(.BOTH.,#10771);
#10457=SURFACE_STYLE_USAGE(.BOTH.,#10772);
#10458=SURFACE_STYLE_USAGE(.BOTH.,#10773);
#10459=SURFACE_STYLE_USAGE(.BOTH.,#10774);
#10460=SURFACE_STYLE_USAGE(.BOTH.,#10775);
#10461=SURFACE_STYLE_USAGE(.BOTH.,#10776);
#10462=SURFACE_STYLE_USAGE(.BOTH.,#10777);
#10463=SURFACE_STYLE_USAGE(.BOTH.,#10778);
#10464=SURFACE_STYLE_USAGE(.BOTH.,#10779);
#10465=SURFACE_STYLE_USAGE(.BOTH.,#10780);
#10466=SURFACE_STYLE_USAGE(.BOTH.,#10781);
#10467=SURFACE_STYLE_USAGE(.BOTH.,#10782);
#10468=SURFACE_STYLE_USAGE(.BOTH.,#10783);
#10469=SURFACE_STYLE_USAGE(.BOTH.,#10784);
#10470=SURFACE_STYLE_USAGE(.BOTH.,#10785);
#10471=SURFACE_STYLE_USAGE(.BOTH.,#10786);
#10472=SURFACE_STYLE_USAGE(.BOTH.,#10787);
#10473=SURFACE_STYLE_USAGE(.BOTH.,#10788);
#10474=SURFACE_STYLE_USAGE(.BOTH.,#10789);
#10475=SURFACE_STYLE_USAGE(.BOTH.,#10790);
#10476=SURFACE_STYLE_USAGE(.BOTH.,#10791);
#10477=SURFACE_STYLE_USAGE(.BOTH.,#10792);
#10478=SURFACE_STYLE_USAGE(.BOTH.,#10793);
#10479=SURFACE_STYLE_USAGE(.BOTH.,#10794);
#10480=SURFACE_STYLE_USAGE(.BOTH.,#10795);
#10481=SURFACE_STYLE_USAGE(.BOTH.,#10796);
#10482=SURFACE_STYLE_USAGE(.BOTH.,#10797);
#10483=SURFACE_STYLE_USAGE(.BOTH.,#10798);
#10484=SURFACE_STYLE_USAGE(.BOTH.,#10799);
#10485=SURFACE_STYLE_USAGE(.BOTH.,#10800);
#10486=SURFACE_STYLE_USAGE(.BOTH.,#10801);
#10487=SURFACE_STYLE_USAGE(.BOTH.,#10802);
#10488=SURFACE_STYLE_USAGE(.BOTH.,#10803);
#10489=SURFACE_STYLE_USAGE(.BOTH.,#10804);
#10490=SURFACE_STYLE_USAGE(.BOTH.,#10805);
#10491=SURFACE_STYLE_USAGE(.BOTH.,#10806);
#10492=SURFACE_STYLE_USAGE(.BOTH.,#10807);
#10493=SURFACE_STYLE_USAGE(.BOTH.,#10808);
#10494=SURFACE_STYLE_USAGE(.BOTH.,#10809);
#10495=SURFACE_STYLE_USAGE(.BOTH.,#10810);
#10496=SURFACE_STYLE_USAGE(.BOTH.,#10811);
#10497=SURFACE_STYLE_USAGE(.BOTH.,#10812);
#10498=SURFACE_STYLE_USAGE(.BOTH.,#10813);
#10499=SURFACE_STYLE_USAGE(.BOTH.,#10814);
#10500=SURFACE_STYLE_USAGE(.BOTH.,#10815);
#10501=SURFACE_STYLE_USAGE(.BOTH.,#10816);
#10502=SURFACE_STYLE_USAGE(.BOTH.,#10817);
#10503=SURFACE_STYLE_USAGE(.BOTH.,#10818);
#10504=SURFACE_STYLE_USAGE(.BOTH.,#10819);
#10505=SURFACE_STYLE_USAGE(.BOTH.,#10820);
#10506=SURFACE_STYLE_USAGE(.BOTH.,#10821);
#10507=SURFACE_STYLE_USAGE(.BOTH.,#10822);
#10508=SURFACE_STYLE_USAGE(.BOTH.,#10823);
#10509=SURFACE_STYLE_USAGE(.BOTH.,#10824);
#10510=SURFACE_STYLE_USAGE(.BOTH.,#10825);
#10511=SURFACE_STYLE_USAGE(.BOTH.,#10826);
#10512=SURFACE_STYLE_USAGE(.BOTH.,#10827);
#10513=SURFACE_STYLE_USAGE(.BOTH.,#10828);
#10514=SURFACE_STYLE_USAGE(.BOTH.,#10829);
#10515=SURFACE_STYLE_USAGE(.BOTH.,#10830);
#10516=SURFACE_STYLE_USAGE(.BOTH.,#10831);
#10517=SURFACE_STYLE_USAGE(.BOTH.,#10832);
#10518=SURFACE_STYLE_USAGE(.BOTH.,#10833);
#10519=SURFACE_STYLE_USAGE(.BOTH.,#10834);
#10520=SURFACE_STYLE_USAGE(.BOTH.,#10835);
#10521=SURFACE_STYLE_USAGE(.BOTH.,#10836);
#10522=SURFACE_STYLE_USAGE(.BOTH.,#10837);
#10523=SURFACE_STYLE_USAGE(.BOTH.,#10838);
#10524=SURFACE_STYLE_USAGE(.BOTH.,#10839);
#10525=SURFACE_STYLE_USAGE(.BOTH.,#10840);
#10526=SURFACE_STYLE_USAGE(.BOTH.,#10841);
#10527=SURFACE_STYLE_USAGE(.BOTH.,#10842);
#10528=SURFACE_STYLE_USAGE(.BOTH.,#10843);
#10529=SURFACE_STYLE_USAGE(.BOTH.,#10844);
#10530=SURFACE_STYLE_USAGE(.BOTH.,#10845);
#10531=SURFACE_STYLE_USAGE(.BOTH.,#10846);
#10532=SURFACE_STYLE_USAGE(.BOTH.,#10847);
#10533=SURFACE_STYLE_USAGE(.BOTH.,#10848);
#10534=SURFACE_STYLE_USAGE(.BOTH.,#10849);
#10535=SURFACE_STYLE_USAGE(.BOTH.,#10850);
#10536=SURFACE_STYLE_USAGE(.BOTH.,#10851);
#10537=SURFACE_STYLE_USAGE(.BOTH.,#10852);
#10538=SURFACE_STYLE_USAGE(.BOTH.,#10853);
#10539=SURFACE_STYLE_USAGE(.BOTH.,#10854);
#10540=SURFACE_STYLE_USAGE(.BOTH.,#10855);
#10541=SURFACE_STYLE_USAGE(.BOTH.,#10856);
#10542=SURFACE_STYLE_USAGE(.BOTH.,#10857);
#10543=SURFACE_STYLE_USAGE(.BOTH.,#10858);
#10544=SURFACE_STYLE_USAGE(.BOTH.,#10859);
#10545=SURFACE_STYLE_USAGE(.BOTH.,#10860);
#10546=SURFACE_STYLE_USAGE(.BOTH.,#10861);
#10547=SURFACE_STYLE_USAGE(.BOTH.,#10862);
#10548=SURFACE_STYLE_USAGE(.BOTH.,#10863);
#10549=SURFACE_STYLE_USAGE(.BOTH.,#10864);
#10550=SURFACE_STYLE_USAGE(.BOTH.,#10865);
#10551=SURFACE_STYLE_USAGE(.BOTH.,#10866);
#10552=SURFACE_STYLE_USAGE(.BOTH.,#10867);
#10553=SURFACE_STYLE_USAGE(.BOTH.,#10868);
#10554=SURFACE_STYLE_USAGE(.BOTH.,#10869);
#10555=SURFACE_STYLE_USAGE(.BOTH.,#10870);
#10556=SURFACE_STYLE_USAGE(.BOTH.,#10871);
#10557=SURFACE_STYLE_USAGE(.BOTH.,#10872);
#10558=SURFACE_STYLE_USAGE(.BOTH.,#10873);
#10559=SURFACE_STYLE_USAGE(.BOTH.,#10874);
#10560=SURFACE_STYLE_USAGE(.BOTH.,#10875);
#10561=SURFACE_STYLE_USAGE(.BOTH.,#10876);
#10562=SURFACE_STYLE_USAGE(.BOTH.,#10877);
#10563=SURFACE_STYLE_USAGE(.BOTH.,#10878);
#10564=SURFACE_STYLE_USAGE(.BOTH.,#10879);
#10565=SURFACE_STYLE_USAGE(.BOTH.,#10880);
#10566=SURFACE_STYLE_USAGE(.BOTH.,#10881);
#10567=SURFACE_STYLE_USAGE(.BOTH.,#10882);
#10568=SURFACE_STYLE_USAGE(.BOTH.,#10883);
#10569=SURFACE_STYLE_USAGE(.BOTH.,#10884);
#10570=SURFACE_STYLE_USAGE(.BOTH.,#10885);
#10571=SURFACE_STYLE_USAGE(.BOTH.,#10886);
#10572=SURFACE_STYLE_USAGE(.BOTH.,#10887);
#10573=SURFACE_STYLE_USAGE(.BOTH.,#10888);
#10574=SURFACE_STYLE_USAGE(.BOTH.,#10889);
#10575=SURFACE_STYLE_USAGE(.BOTH.,#10890);
#10576=SURFACE_STYLE_USAGE(.BOTH.,#10891);
#10577=SURFACE_STYLE_USAGE(.BOTH.,#10892);
#10578=SURFACE_STYLE_USAGE(.BOTH.,#10893);
#10579=SURFACE_STYLE_USAGE(.BOTH.,#10894);
#10580=SURFACE_STYLE_USAGE(.BOTH.,#10895);
#10581=SURFACE_STYLE_USAGE(.BOTH.,#10896);
#10582=SURFACE_STYLE_USAGE(.BOTH.,#10897);
#10583=SURFACE_STYLE_USAGE(.BOTH.,#10898);
#10584=SURFACE_STYLE_USAGE(.BOTH.,#10899);
#10585=SURFACE_STYLE_USAGE(.BOTH.,#10900);
#10586=SURFACE_STYLE_USAGE(.BOTH.,#10901);
#10587=SURFACE_STYLE_USAGE(.BOTH.,#10902);
#10588=SURFACE_STYLE_USAGE(.BOTH.,#10903);
#10589=SURFACE_STYLE_USAGE(.BOTH.,#10904);
#10590=SURFACE_STYLE_USAGE(.BOTH.,#10905);
#10591=SURFACE_STYLE_USAGE(.BOTH.,#10906);
#10592=SURFACE_STYLE_USAGE(.BOTH.,#10907);
#10593=SURFACE_SIDE_STYLE('',(#10908));
#10594=SURFACE_SIDE_STYLE('',(#10909));
#10595=SURFACE_SIDE_STYLE('',(#10910));
#10596=SURFACE_SIDE_STYLE('',(#10911));
#10597=SURFACE_SIDE_STYLE('',(#10912));
#10598=SURFACE_SIDE_STYLE('',(#10913));
#10599=SURFACE_SIDE_STYLE('',(#10914));
#10600=SURFACE_SIDE_STYLE('',(#10915));
#10601=SURFACE_SIDE_STYLE('',(#10916));
#10602=SURFACE_SIDE_STYLE('',(#10917));
#10603=SURFACE_SIDE_STYLE('',(#10918));
#10604=SURFACE_SIDE_STYLE('',(#10919));
#10605=SURFACE_SIDE_STYLE('',(#10920));
#10606=SURFACE_SIDE_STYLE('',(#10921));
#10607=SURFACE_SIDE_STYLE('',(#10922));
#10608=SURFACE_SIDE_STYLE('',(#10923));
#10609=SURFACE_SIDE_STYLE('',(#10924));
#10610=SURFACE_SIDE_STYLE('',(#10925));
#10611=SURFACE_SIDE_STYLE('',(#10926));
#10612=SURFACE_SIDE_STYLE('',(#10927));
#10613=SURFACE_SIDE_STYLE('',(#10928));
#10614=SURFACE_SIDE_STYLE('',(#10929));
#10615=SURFACE_SIDE_STYLE('',(#10930));
#10616=SURFACE_SIDE_STYLE('',(#10931));
#10617=SURFACE_SIDE_STYLE('',(#10932));
#10618=SURFACE_SIDE_STYLE('',(#10933));
#10619=SURFACE_SIDE_STYLE('',(#10934));
#10620=SURFACE_SIDE_STYLE('',(#10935));
#10621=SURFACE_SIDE_STYLE('',(#10936));
#10622=SURFACE_SIDE_STYLE('',(#10937));
#10623=SURFACE_SIDE_STYLE('',(#10938));
#10624=SURFACE_SIDE_STYLE('',(#10939));
#10625=SURFACE_SIDE_STYLE('',(#10940));
#10626=SURFACE_SIDE_STYLE('',(#10941));
#10627=SURFACE_SIDE_STYLE('',(#10942));
#10628=SURFACE_SIDE_STYLE('',(#10943));
#10629=SURFACE_SIDE_STYLE('',(#10944));
#10630=SURFACE_SIDE_STYLE('',(#10945));
#10631=SURFACE_SIDE_STYLE('',(#10946));
#10632=SURFACE_SIDE_STYLE('',(#10947));
#10633=SURFACE_SIDE_STYLE('',(#10948));
#10634=SURFACE_SIDE_STYLE('',(#10949));
#10635=SURFACE_SIDE_STYLE('',(#10950));
#10636=SURFACE_SIDE_STYLE('',(#10951));
#10637=SURFACE_SIDE_STYLE('',(#10952));
#10638=SURFACE_SIDE_STYLE('',(#10953));
#10639=SURFACE_SIDE_STYLE('',(#10954));
#10640=SURFACE_SIDE_STYLE('',(#10955));
#10641=SURFACE_SIDE_STYLE('',(#10956));
#10642=SURFACE_SIDE_STYLE('',(#10957));
#10643=SURFACE_SIDE_STYLE('',(#10958));
#10644=SURFACE_SIDE_STYLE('',(#10959));
#10645=SURFACE_SIDE_STYLE('',(#10960));
#10646=SURFACE_SIDE_STYLE('',(#10961));
#10647=SURFACE_SIDE_STYLE('',(#10962));
#10648=SURFACE_SIDE_STYLE('',(#10963));
#10649=SURFACE_SIDE_STYLE('',(#10964));
#10650=SURFACE_SIDE_STYLE('',(#10965));
#10651=SURFACE_SIDE_STYLE('',(#10966));
#10652=SURFACE_SIDE_STYLE('',(#10967));
#10653=SURFACE_SIDE_STYLE('',(#10968));
#10654=SURFACE_SIDE_STYLE('',(#10969));
#10655=SURFACE_SIDE_STYLE('',(#10970));
#10656=SURFACE_SIDE_STYLE('',(#10971));
#10657=SURFACE_SIDE_STYLE('',(#10972));
#10658=SURFACE_SIDE_STYLE('',(#10973));
#10659=SURFACE_SIDE_STYLE('',(#10974));
#10660=SURFACE_SIDE_STYLE('',(#10975));
#10661=SURFACE_SIDE_STYLE('',(#10976));
#10662=SURFACE_SIDE_STYLE('',(#10977));
#10663=SURFACE_SIDE_STYLE('',(#10978));
#10664=SURFACE_SIDE_STYLE('',(#10979));
#10665=SURFACE_SIDE_STYLE('',(#10980));
#10666=SURFACE_SIDE_STYLE('',(#10981));
#10667=SURFACE_SIDE_STYLE('',(#10982));
#10668=SURFACE_SIDE_STYLE('',(#10983));
#10669=SURFACE_SIDE_STYLE('',(#10984));
#10670=SURFACE_SIDE_STYLE('',(#10985));
#10671=SURFACE_SIDE_STYLE('',(#10986));
#10672=SURFACE_SIDE_STYLE('',(#10987));
#10673=SURFACE_SIDE_STYLE('',(#10988));
#10674=SURFACE_SIDE_STYLE('',(#10989));
#10675=SURFACE_SIDE_STYLE('',(#10990));
#10676=SURFACE_SIDE_STYLE('',(#10991));
#10677=SURFACE_SIDE_STYLE('',(#10992));
#10678=SURFACE_SIDE_STYLE('',(#10993));
#10679=SURFACE_SIDE_STYLE('',(#10994));
#10680=SURFACE_SIDE_STYLE('',(#10995));
#10681=SURFACE_SIDE_STYLE('',(#10996));
#10682=SURFACE_SIDE_STYLE('',(#10997));
#10683=SURFACE_SIDE_STYLE('',(#10998));
#10684=SURFACE_SIDE_STYLE('',(#10999));
#10685=SURFACE_SIDE_STYLE('',(#11000));
#10686=SURFACE_SIDE_STYLE('',(#11001));
#10687=SURFACE_SIDE_STYLE('',(#11002));
#10688=SURFACE_SIDE_STYLE('',(#11003));
#10689=SURFACE_SIDE_STYLE('',(#11004));
#10690=SURFACE_SIDE_STYLE('',(#11005));
#10691=SURFACE_SIDE_STYLE('',(#11006));
#10692=SURFACE_SIDE_STYLE('',(#11007));
#10693=SURFACE_SIDE_STYLE('',(#11008));
#10694=SURFACE_SIDE_STYLE('',(#11009));
#10695=SURFACE_SIDE_STYLE('',(#11010));
#10696=SURFACE_SIDE_STYLE('',(#11011));
#10697=SURFACE_SIDE_STYLE('',(#11012));
#10698=SURFACE_SIDE_STYLE('',(#11013));
#10699=SURFACE_SIDE_STYLE('',(#11014));
#10700=SURFACE_SIDE_STYLE('',(#11015));
#10701=SURFACE_SIDE_STYLE('',(#11016));
#10702=SURFACE_SIDE_STYLE('',(#11017));
#10703=SURFACE_SIDE_STYLE('',(#11018));
#10704=SURFACE_SIDE_STYLE('',(#11019));
#10705=SURFACE_SIDE_STYLE('',(#11020));
#10706=SURFACE_SIDE_STYLE('',(#11021));
#10707=SURFACE_SIDE_STYLE('',(#11022));
#10708=SURFACE_SIDE_STYLE('',(#11023));
#10709=SURFACE_SIDE_STYLE('',(#11024));
#10710=SURFACE_SIDE_STYLE('',(#11025));
#10711=SURFACE_SIDE_STYLE('',(#11026));
#10712=SURFACE_SIDE_STYLE('',(#11027));
#10713=SURFACE_SIDE_STYLE('',(#11028));
#10714=SURFACE_SIDE_STYLE('',(#11029));
#10715=SURFACE_SIDE_STYLE('',(#11030));
#10716=SURFACE_SIDE_STYLE('',(#11031));
#10717=SURFACE_SIDE_STYLE('',(#11032));
#10718=SURFACE_SIDE_STYLE('',(#11033));
#10719=SURFACE_SIDE_STYLE('',(#11034));
#10720=SURFACE_SIDE_STYLE('',(#11035));
#10721=SURFACE_SIDE_STYLE('',(#11036));
#10722=SURFACE_SIDE_STYLE('',(#11037));
#10723=SURFACE_SIDE_STYLE('',(#11038));
#10724=SURFACE_SIDE_STYLE('',(#11039));
#10725=SURFACE_SIDE_STYLE('',(#11040));
#10726=SURFACE_SIDE_STYLE('',(#11041));
#10727=SURFACE_SIDE_STYLE('',(#11042));
#10728=SURFACE_SIDE_STYLE('',(#11043));
#10729=SURFACE_SIDE_STYLE('',(#11044));
#10730=SURFACE_SIDE_STYLE('',(#11045));
#10731=SURFACE_SIDE_STYLE('',(#11046));
#10732=SURFACE_SIDE_STYLE('',(#11047));
#10733=SURFACE_SIDE_STYLE('',(#11048));
#10734=SURFACE_SIDE_STYLE('',(#11049));
#10735=SURFACE_SIDE_STYLE('',(#11050));
#10736=SURFACE_SIDE_STYLE('',(#11051));
#10737=SURFACE_SIDE_STYLE('',(#11052));
#10738=SURFACE_SIDE_STYLE('',(#11053));
#10739=SURFACE_SIDE_STYLE('',(#11054));
#10740=SURFACE_SIDE_STYLE('',(#11055));
#10741=SURFACE_SIDE_STYLE('',(#11056));
#10742=SURFACE_SIDE_STYLE('',(#11057));
#10743=SURFACE_SIDE_STYLE('',(#11058));
#10744=SURFACE_SIDE_STYLE('',(#11059));
#10745=SURFACE_SIDE_STYLE('',(#11060));
#10746=SURFACE_SIDE_STYLE('',(#11061));
#10747=SURFACE_SIDE_STYLE('',(#11062));
#10748=SURFACE_SIDE_STYLE('',(#11063));
#10749=SURFACE_SIDE_STYLE('',(#11064));
#10750=SURFACE_SIDE_STYLE('',(#11065));
#10751=SURFACE_SIDE_STYLE('',(#11066));
#10752=SURFACE_SIDE_STYLE('',(#11067));
#10753=SURFACE_SIDE_STYLE('',(#11068));
#10754=SURFACE_SIDE_STYLE('',(#11069));
#10755=SURFACE_SIDE_STYLE('',(#11070));
#10756=SURFACE_SIDE_STYLE('',(#11071));
#10757=SURFACE_SIDE_STYLE('',(#11072));
#10758=SURFACE_SIDE_STYLE('',(#11073));
#10759=SURFACE_SIDE_STYLE('',(#11074));
#10760=SURFACE_SIDE_STYLE('',(#11075));
#10761=SURFACE_SIDE_STYLE('',(#11076));
#10762=SURFACE_SIDE_STYLE('',(#11077));
#10763=SURFACE_SIDE_STYLE('',(#11078));
#10764=SURFACE_SIDE_STYLE('',(#11079));
#10765=SURFACE_SIDE_STYLE('',(#11080));
#10766=SURFACE_SIDE_STYLE('',(#11081));
#10767=SURFACE_SIDE_STYLE('',(#11082));
#10768=SURFACE_SIDE_STYLE('',(#11083));
#10769=SURFACE_SIDE_STYLE('',(#11084));
#10770=SURFACE_SIDE_STYLE('',(#11085));
#10771=SURFACE_SIDE_STYLE('',(#11086));
#10772=SURFACE_SIDE_STYLE('',(#11087));
#10773=SURFACE_SIDE_STYLE('',(#11088));
#10774=SURFACE_SIDE_STYLE('',(#11089));
#10775=SURFACE_SIDE_STYLE('',(#11090));
#10776=SURFACE_SIDE_STYLE('',(#11091));
#10777=SURFACE_SIDE_STYLE('',(#11092));
#10778=SURFACE_SIDE_STYLE('',(#11093));
#10779=SURFACE_SIDE_STYLE('',(#11094));
#10780=SURFACE_SIDE_STYLE('',(#11095));
#10781=SURFACE_SIDE_STYLE('',(#11096));
#10782=SURFACE_SIDE_STYLE('',(#11097));
#10783=SURFACE_SIDE_STYLE('',(#11098));
#10784=SURFACE_SIDE_STYLE('',(#11099));
#10785=SURFACE_SIDE_STYLE('',(#11100));
#10786=SURFACE_SIDE_STYLE('',(#11101));
#10787=SURFACE_SIDE_STYLE('',(#11102));
#10788=SURFACE_SIDE_STYLE('',(#11103));
#10789=SURFACE_SIDE_STYLE('',(#11104));
#10790=SURFACE_SIDE_STYLE('',(#11105));
#10791=SURFACE_SIDE_STYLE('',(#11106));
#10792=SURFACE_SIDE_STYLE('',(#11107));
#10793=SURFACE_SIDE_STYLE('',(#11108));
#10794=SURFACE_SIDE_STYLE('',(#11109));
#10795=SURFACE_SIDE_STYLE('',(#11110));
#10796=SURFACE_SIDE_STYLE('',(#11111));
#10797=SURFACE_SIDE_STYLE('',(#11112));
#10798=SURFACE_SIDE_STYLE('',(#11113));
#10799=SURFACE_SIDE_STYLE('',(#11114));
#10800=SURFACE_SIDE_STYLE('',(#11115));
#10801=SURFACE_SIDE_STYLE('',(#11116));
#10802=SURFACE_SIDE_STYLE('',(#11117));
#10803=SURFACE_SIDE_STYLE('',(#11118));
#10804=SURFACE_SIDE_STYLE('',(#11119));
#10805=SURFACE_SIDE_STYLE('',(#11120));
#10806=SURFACE_SIDE_STYLE('',(#11121));
#10807=SURFACE_SIDE_STYLE('',(#11122));
#10808=SURFACE_SIDE_STYLE('',(#11123));
#10809=SURFACE_SIDE_STYLE('',(#11124));
#10810=SURFACE_SIDE_STYLE('',(#11125));
#10811=SURFACE_SIDE_STYLE('',(#11126));
#10812=SURFACE_SIDE_STYLE('',(#11127));
#10813=SURFACE_SIDE_STYLE('',(#11128));
#10814=SURFACE_SIDE_STYLE('',(#11129));
#10815=SURFACE_SIDE_STYLE('',(#11130));
#10816=SURFACE_SIDE_STYLE('',(#11131));
#10817=SURFACE_SIDE_STYLE('',(#11132));
#10818=SURFACE_SIDE_STYLE('',(#11133));
#10819=SURFACE_SIDE_STYLE('',(#11134));
#10820=SURFACE_SIDE_STYLE('',(#11135));
#10821=SURFACE_SIDE_STYLE('',(#11136));
#10822=SURFACE_SIDE_STYLE('',(#11137));
#10823=SURFACE_SIDE_STYLE('',(#11138));
#10824=SURFACE_SIDE_STYLE('',(#11139));
#10825=SURFACE_SIDE_STYLE('',(#11140));
#10826=SURFACE_SIDE_STYLE('',(#11141));
#10827=SURFACE_SIDE_STYLE('',(#11142));
#10828=SURFACE_SIDE_STYLE('',(#11143));
#10829=SURFACE_SIDE_STYLE('',(#11144));
#10830=SURFACE_SIDE_STYLE('',(#11145));
#10831=SURFACE_SIDE_STYLE('',(#11146));
#10832=SURFACE_SIDE_STYLE('',(#11147));
#10833=SURFACE_SIDE_STYLE('',(#11148));
#10834=SURFACE_SIDE_STYLE('',(#11149));
#10835=SURFACE_SIDE_STYLE('',(#11150));
#10836=SURFACE_SIDE_STYLE('',(#11151));
#10837=SURFACE_SIDE_STYLE('',(#11152));
#10838=SURFACE_SIDE_STYLE('',(#11153));
#10839=SURFACE_SIDE_STYLE('',(#11154));
#10840=SURFACE_SIDE_STYLE('',(#11155));
#10841=SURFACE_SIDE_STYLE('',(#11156));
#10842=SURFACE_SIDE_STYLE('',(#11157));
#10843=SURFACE_SIDE_STYLE('',(#11158));
#10844=SURFACE_SIDE_STYLE('',(#11159));
#10845=SURFACE_SIDE_STYLE('',(#11160));
#10846=SURFACE_SIDE_STYLE('',(#11161));
#10847=SURFACE_SIDE_STYLE('',(#11162));
#10848=SURFACE_SIDE_STYLE('',(#11163));
#10849=SURFACE_SIDE_STYLE('',(#11164));
#10850=SURFACE_SIDE_STYLE('',(#11165));
#10851=SURFACE_SIDE_STYLE('',(#11166));
#10852=SURFACE_SIDE_STYLE('',(#11167));
#10853=SURFACE_SIDE_STYLE('',(#11168));
#10854=SURFACE_SIDE_STYLE('',(#11169));
#10855=SURFACE_SIDE_STYLE('',(#11170));
#10856=SURFACE_SIDE_STYLE('',(#11171));
#10857=SURFACE_SIDE_STYLE('',(#11172));
#10858=SURFACE_SIDE_STYLE('',(#11173));
#10859=SURFACE_SIDE_STYLE('',(#11174));
#10860=SURFACE_SIDE_STYLE('',(#11175));
#10861=SURFACE_SIDE_STYLE('',(#11176));
#10862=SURFACE_SIDE_STYLE('',(#11177));
#10863=SURFACE_SIDE_STYLE('',(#11178));
#10864=SURFACE_SIDE_STYLE('',(#11179));
#10865=SURFACE_SIDE_STYLE('',(#11180));
#10866=SURFACE_SIDE_STYLE('',(#11181));
#10867=SURFACE_SIDE_STYLE('',(#11182));
#10868=SURFACE_SIDE_STYLE('',(#11183));
#10869=SURFACE_SIDE_STYLE('',(#11184));
#10870=SURFACE_SIDE_STYLE('',(#11185));
#10871=SURFACE_SIDE_STYLE('',(#11186));
#10872=SURFACE_SIDE_STYLE('',(#11187));
#10873=SURFACE_SIDE_STYLE('',(#11188));
#10874=SURFACE_SIDE_STYLE('',(#11189));
#10875=SURFACE_SIDE_STYLE('',(#11190));
#10876=SURFACE_SIDE_STYLE('',(#11191));
#10877=SURFACE_SIDE_STYLE('',(#11192));
#10878=SURFACE_SIDE_STYLE('',(#11193));
#10879=SURFACE_SIDE_STYLE('',(#11194));
#10880=SURFACE_SIDE_STYLE('',(#11195));
#10881=SURFACE_SIDE_STYLE('',(#11196));
#10882=SURFACE_SIDE_STYLE('',(#11197));
#10883=SURFACE_SIDE_STYLE('',(#11198));
#10884=SURFACE_SIDE_STYLE('',(#11199));
#10885=SURFACE_SIDE_STYLE('',(#11200));
#10886=SURFACE_SIDE_STYLE('',(#11201));
#10887=SURFACE_SIDE_STYLE('',(#11202));
#10888=SURFACE_SIDE_STYLE('',(#11203));
#10889=SURFACE_SIDE_STYLE('',(#11204));
#10890=SURFACE_SIDE_STYLE('',(#11205));
#10891=SURFACE_SIDE_STYLE('',(#11206));
#10892=SURFACE_SIDE_STYLE('',(#11207));
#10893=SURFACE_SIDE_STYLE('',(#11208));
#10894=SURFACE_SIDE_STYLE('',(#11209));
#10895=SURFACE_SIDE_STYLE('',(#11210));
#10896=SURFACE_SIDE_STYLE('',(#11211));
#10897=SURFACE_SIDE_STYLE('',(#11212));
#10898=SURFACE_SIDE_STYLE('',(#11213));
#10899=SURFACE_SIDE_STYLE('',(#11214));
#10900=SURFACE_SIDE_STYLE('',(#11215));
#10901=SURFACE_SIDE_STYLE('',(#11216));
#10902=SURFACE_SIDE_STYLE('',(#11217));
#10903=SURFACE_SIDE_STYLE('',(#11218));
#10904=SURFACE_SIDE_STYLE('',(#11219));
#10905=SURFACE_SIDE_STYLE('',(#11220));
#10906=SURFACE_SIDE_STYLE('',(#11221));
#10907=SURFACE_SIDE_STYLE('',(#11222));
#10908=SURFACE_STYLE_FILL_AREA(#11223);
#10909=SURFACE_STYLE_FILL_AREA(#11224);
#10910=SURFACE_STYLE_FILL_AREA(#11225);
#10911=SURFACE_STYLE_FILL_AREA(#11226);
#10912=SURFACE_STYLE_FILL_AREA(#11227);
#10913=SURFACE_STYLE_FILL_AREA(#11228);
#10914=SURFACE_STYLE_FILL_AREA(#11229);
#10915=SURFACE_STYLE_FILL_AREA(#11230);
#10916=SURFACE_STYLE_FILL_AREA(#11231);
#10917=SURFACE_STYLE_FILL_AREA(#11232);
#10918=SURFACE_STYLE_FILL_AREA(#11233);
#10919=SURFACE_STYLE_FILL_AREA(#11234);
#10920=SURFACE_STYLE_FILL_AREA(#11235);
#10921=SURFACE_STYLE_FILL_AREA(#11236);
#10922=SURFACE_STYLE_FILL_AREA(#11237);
#10923=SURFACE_STYLE_FILL_AREA(#11238);
#10924=SURFACE_STYLE_FILL_AREA(#11239);
#10925=SURFACE_STYLE_FILL_AREA(#11240);
#10926=SURFACE_STYLE_FILL_AREA(#11241);
#10927=SURFACE_STYLE_FILL_AREA(#11242);
#10928=SURFACE_STYLE_FILL_AREA(#11243);
#10929=SURFACE_STYLE_FILL_AREA(#11244);
#10930=SURFACE_STYLE_FILL_AREA(#11245);
#10931=SURFACE_STYLE_FILL_AREA(#11246);
#10932=SURFACE_STYLE_FILL_AREA(#11247);
#10933=SURFACE_STYLE_FILL_AREA(#11248);
#10934=SURFACE_STYLE_FILL_AREA(#11249);
#10935=SURFACE_STYLE_FILL_AREA(#11250);
#10936=SURFACE_STYLE_FILL_AREA(#11251);
#10937=SURFACE_STYLE_FILL_AREA(#11252);
#10938=SURFACE_STYLE_FILL_AREA(#11253);
#10939=SURFACE_STYLE_FILL_AREA(#11254);
#10940=SURFACE_STYLE_FILL_AREA(#11255);
#10941=SURFACE_STYLE_FILL_AREA(#11256);
#10942=SURFACE_STYLE_FILL_AREA(#11257);
#10943=SURFACE_STYLE_FILL_AREA(#11258);
#10944=SURFACE_STYLE_FILL_AREA(#11259);
#10945=SURFACE_STYLE_FILL_AREA(#11260);
#10946=SURFACE_STYLE_FILL_AREA(#11261);
#10947=SURFACE_STYLE_FILL_AREA(#11262);
#10948=SURFACE_STYLE_FILL_AREA(#11263);
#10949=SURFACE_STYLE_FILL_AREA(#11264);
#10950=SURFACE_STYLE_FILL_AREA(#11265);
#10951=SURFACE_STYLE_FILL_AREA(#11266);
#10952=SURFACE_STYLE_FILL_AREA(#11267);
#10953=SURFACE_STYLE_FILL_AREA(#11268);
#10954=SURFACE_STYLE_FILL_AREA(#11269);
#10955=SURFACE_STYLE_FILL_AREA(#11270);
#10956=SURFACE_STYLE_FILL_AREA(#11271);
#10957=SURFACE_STYLE_FILL_AREA(#11272);
#10958=SURFACE_STYLE_FILL_AREA(#11273);
#10959=SURFACE_STYLE_FILL_AREA(#11274);
#10960=SURFACE_STYLE_FILL_AREA(#11275);
#10961=SURFACE_STYLE_FILL_AREA(#11276);
#10962=SURFACE_STYLE_FILL_AREA(#11277);
#10963=SURFACE_STYLE_FILL_AREA(#11278);
#10964=SURFACE_STYLE_FILL_AREA(#11279);
#10965=SURFACE_STYLE_FILL_AREA(#11280);
#10966=SURFACE_STYLE_FILL_AREA(#11281);
#10967=SURFACE_STYLE_FILL_AREA(#11282);
#10968=SURFACE_STYLE_FILL_AREA(#11283);
#10969=SURFACE_STYLE_FILL_AREA(#11284);
#10970=SURFACE_STYLE_FILL_AREA(#11285);
#10971=SURFACE_STYLE_FILL_AREA(#11286);
#10972=SURFACE_STYLE_FILL_AREA(#11287);
#10973=SURFACE_STYLE_FILL_AREA(#11288);
#10974=SURFACE_STYLE_FILL_AREA(#11289);
#10975=SURFACE_STYLE_FILL_AREA(#11290);
#10976=SURFACE_STYLE_FILL_AREA(#11291);
#10977=SURFACE_STYLE_FILL_AREA(#11292);
#10978=SURFACE_STYLE_FILL_AREA(#11293);
#10979=SURFACE_STYLE_FILL_AREA(#11294);
#10980=SURFACE_STYLE_FILL_AREA(#11295);
#10981=SURFACE_STYLE_FILL_AREA(#11296);
#10982=SURFACE_STYLE_FILL_AREA(#11297);
#10983=SURFACE_STYLE_FILL_AREA(#11298);
#10984=SURFACE_STYLE_FILL_AREA(#11299);
#10985=SURFACE_STYLE_FILL_AREA(#11300);
#10986=SURFACE_STYLE_FILL_AREA(#11301);
#10987=SURFACE_STYLE_FILL_AREA(#11302);
#10988=SURFACE_STYLE_FILL_AREA(#11303);
#10989=SURFACE_STYLE_FILL_AREA(#11304);
#10990=SURFACE_STYLE_FILL_AREA(#11305);
#10991=SURFACE_STYLE_FILL_AREA(#11306);
#10992=SURFACE_STYLE_FILL_AREA(#11307);
#10993=SURFACE_STYLE_FILL_AREA(#11308);
#10994=SURFACE_STYLE_FILL_AREA(#11309);
#10995=SURFACE_STYLE_FILL_AREA(#11310);
#10996=SURFACE_STYLE_FILL_AREA(#11311);
#10997=SURFACE_STYLE_FILL_AREA(#11312);
#10998=SURFACE_STYLE_FILL_AREA(#11313);
#10999=SURFACE_STYLE_FILL_AREA(#11314);
#11000=SURFACE_STYLE_FILL_AREA(#11315);
#11001=SURFACE_STYLE_FILL_AREA(#11316);
#11002=SURFACE_STYLE_FILL_AREA(#11317);
#11003=SURFACE_STYLE_FILL_AREA(#11318);
#11004=SURFACE_STYLE_FILL_AREA(#11319);
#11005=SURFACE_STYLE_FILL_AREA(#11320);
#11006=SURFACE_STYLE_FILL_AREA(#11321);
#11007=SURFACE_STYLE_FILL_AREA(#11322);
#11008=SURFACE_STYLE_FILL_AREA(#11323);
#11009=SURFACE_STYLE_FILL_AREA(#11324);
#11010=SURFACE_STYLE_FILL_AREA(#11325);
#11011=SURFACE_STYLE_FILL_AREA(#11326);
#11012=SURFACE_STYLE_FILL_AREA(#11327);
#11013=SURFACE_STYLE_FILL_AREA(#11328);
#11014=SURFACE_STYLE_FILL_AREA(#11329);
#11015=SURFACE_STYLE_FILL_AREA(#11330);
#11016=SURFACE_STYLE_FILL_AREA(#11331);
#11017=SURFACE_STYLE_FILL_AREA(#11332);
#11018=SURFACE_STYLE_FILL_AREA(#11333);
#11019=SURFACE_STYLE_FILL_AREA(#11334);
#11020=SURFACE_STYLE_FILL_AREA(#11335);
#11021=SURFACE_STYLE_FILL_AREA(#11336);
#11022=SURFACE_STYLE_FILL_AREA(#11337);
#11023=SURFACE_STYLE_FILL_AREA(#11338);
#11024=SURFACE_STYLE_FILL_AREA(#11339);
#11025=SURFACE_STYLE_FILL_AREA(#11340);
#11026=SURFACE_STYLE_FILL_AREA(#11341);
#11027=SURFACE_STYLE_FILL_AREA(#11342);
#11028=SURFACE_STYLE_FILL_AREA(#11343);
#11029=SURFACE_STYLE_FILL_AREA(#11344);
#11030=SURFACE_STYLE_FILL_AREA(#11345);
#11031=SURFACE_STYLE_FILL_AREA(#11346);
#11032=SURFACE_STYLE_FILL_AREA(#11347);
#11033=SURFACE_STYLE_FILL_AREA(#11348);
#11034=SURFACE_STYLE_FILL_AREA(#11349);
#11035=SURFACE_STYLE_FILL_AREA(#11350);
#11036=SURFACE_STYLE_FILL_AREA(#11351);
#11037=SURFACE_STYLE_FILL_AREA(#11352);
#11038=SURFACE_STYLE_FILL_AREA(#11353);
#11039=SURFACE_STYLE_FILL_AREA(#11354);
#11040=SURFACE_STYLE_FILL_AREA(#11355);
#11041=SURFACE_STYLE_FILL_AREA(#11356);
#11042=SURFACE_STYLE_FILL_AREA(#11357);
#11043=SURFACE_STYLE_FILL_AREA(#11358);
#11044=SURFACE_STYLE_FILL_AREA(#11359);
#11045=SURFACE_STYLE_FILL_AREA(#11360);
#11046=SURFACE_STYLE_FILL_AREA(#11361);
#11047=SURFACE_STYLE_FILL_AREA(#11362);
#11048=SURFACE_STYLE_FILL_AREA(#11363);
#11049=SURFACE_STYLE_FILL_AREA(#11364);
#11050=SURFACE_STYLE_FILL_AREA(#11365);
#11051=SURFACE_STYLE_FILL_AREA(#11366);
#11052=SURFACE_STYLE_FILL_AREA(#11367);
#11053=SURFACE_STYLE_FILL_AREA(#11368);
#11054=SURFACE_STYLE_FILL_AREA(#11369);
#11055=SURFACE_STYLE_FILL_AREA(#11370);
#11056=SURFACE_STYLE_FILL_AREA(#11371);
#11057=SURFACE_STYLE_FILL_AREA(#11372);
#11058=SURFACE_STYLE_FILL_AREA(#11373);
#11059=SURFACE_STYLE_FILL_AREA(#11374);
#11060=SURFACE_STYLE_FILL_AREA(#11375);
#11061=SURFACE_STYLE_FILL_AREA(#11376);
#11062=SURFACE_STYLE_FILL_AREA(#11377);
#11063=SURFACE_STYLE_FILL_AREA(#11378);
#11064=SURFACE_STYLE_FILL_AREA(#11379);
#11065=SURFACE_STYLE_FILL_AREA(#11380);
#11066=SURFACE_STYLE_FILL_AREA(#11381);
#11067=SURFACE_STYLE_FILL_AREA(#11382);
#11068=SURFACE_STYLE_FILL_AREA(#11383);
#11069=SURFACE_STYLE_FILL_AREA(#11384);
#11070=SURFACE_STYLE_FILL_AREA(#11385);
#11071=SURFACE_STYLE_FILL_AREA(#11386);
#11072=SURFACE_STYLE_FILL_AREA(#11387);
#11073=SURFACE_STYLE_FILL_AREA(#11388);
#11074=SURFACE_STYLE_FILL_AREA(#11389);
#11075=SURFACE_STYLE_FILL_AREA(#11390);
#11076=SURFACE_STYLE_FILL_AREA(#11391);
#11077=SURFACE_STYLE_FILL_AREA(#11392);
#11078=SURFACE_STYLE_FILL_AREA(#11393);
#11079=SURFACE_STYLE_FILL_AREA(#11394);
#11080=SURFACE_STYLE_FILL_AREA(#11395);
#11081=SURFACE_STYLE_FILL_AREA(#11396);
#11082=SURFACE_STYLE_FILL_AREA(#11397);
#11083=SURFACE_STYLE_FILL_AREA(#11398);
#11084=SURFACE_STYLE_FILL_AREA(#11399);
#11085=SURFACE_STYLE_FILL_AREA(#11400);
#11086=SURFACE_STYLE_FILL_AREA(#11401);
#11087=SURFACE_STYLE_FILL_AREA(#11402);
#11088=SURFACE_STYLE_FILL_AREA(#11403);
#11089=SURFACE_STYLE_FILL_AREA(#11404);
#11090=SURFACE_STYLE_FILL_AREA(#11405);
#11091=SURFACE_STYLE_FILL_AREA(#11406);
#11092=SURFACE_STYLE_FILL_AREA(#11407);
#11093=SURFACE_STYLE_FILL_AREA(#11408);
#11094=SURFACE_STYLE_FILL_AREA(#11409);
#11095=SURFACE_STYLE_FILL_AREA(#11410);
#11096=SURFACE_STYLE_FILL_AREA(#11411);
#11097=SURFACE_STYLE_FILL_AREA(#11412);
#11098=SURFACE_STYLE_FILL_AREA(#11413);
#11099=SURFACE_STYLE_FILL_AREA(#11414);
#11100=SURFACE_STYLE_FILL_AREA(#11415);
#11101=SURFACE_STYLE_FILL_AREA(#11416);
#11102=SURFACE_STYLE_FILL_AREA(#11417);
#11103=SURFACE_STYLE_FILL_AREA(#11418);
#11104=SURFACE_STYLE_FILL_AREA(#11419);
#11105=SURFACE_STYLE_FILL_AREA(#11420);
#11106=SURFACE_STYLE_FILL_AREA(#11421);
#11107=SURFACE_STYLE_FILL_AREA(#11422);
#11108=SURFACE_STYLE_FILL_AREA(#11423);
#11109=SURFACE_STYLE_FILL_AREA(#11424);
#11110=SURFACE_STYLE_FILL_AREA(#11425);
#11111=SURFACE_STYLE_FILL_AREA(#11426);
#11112=SURFACE_STYLE_FILL_AREA(#11427);
#11113=SURFACE_STYLE_FILL_AREA(#11428);
#11114=SURFACE_STYLE_FILL_AREA(#11429);
#11115=SURFACE_STYLE_FILL_AREA(#11430);
#11116=SURFACE_STYLE_FILL_AREA(#11431);
#11117=SURFACE_STYLE_FILL_AREA(#11432);
#11118=SURFACE_STYLE_FILL_AREA(#11433);
#11119=SURFACE_STYLE_FILL_AREA(#11434);
#11120=SURFACE_STYLE_FILL_AREA(#11435);
#11121=SURFACE_STYLE_FILL_AREA(#11436);
#11122=SURFACE_STYLE_FILL_AREA(#11437);
#11123=SURFACE_STYLE_FILL_AREA(#11438);
#11124=SURFACE_STYLE_FILL_AREA(#11439);
#11125=SURFACE_STYLE_FILL_AREA(#11440);
#11126=SURFACE_STYLE_FILL_AREA(#11441);
#11127=SURFACE_STYLE_FILL_AREA(#11442);
#11128=SURFACE_STYLE_FILL_AREA(#11443);
#11129=SURFACE_STYLE_FILL_AREA(#11444);
#11130=SURFACE_STYLE_FILL_AREA(#11445);
#11131=SURFACE_STYLE_FILL_AREA(#11446);
#11132=SURFACE_STYLE_FILL_AREA(#11447);
#11133=SURFACE_STYLE_FILL_AREA(#11448);
#11134=SURFACE_STYLE_FILL_AREA(#11449);
#11135=SURFACE_STYLE_FILL_AREA(#11450);
#11136=SURFACE_STYLE_FILL_AREA(#11451);
#11137=SURFACE_STYLE_FILL_AREA(#11452);
#11138=SURFACE_STYLE_FILL_AREA(#11453);
#11139=SURFACE_STYLE_FILL_AREA(#11454);
#11140=SURFACE_STYLE_FILL_AREA(#11455);
#11141=SURFACE_STYLE_FILL_AREA(#11456);
#11142=SURFACE_STYLE_FILL_AREA(#11457);
#11143=SURFACE_STYLE_FILL_AREA(#11458);
#11144=SURFACE_STYLE_FILL_AREA(#11459);
#11145=SURFACE_STYLE_FILL_AREA(#11460);
#11146=SURFACE_STYLE_FILL_AREA(#11461);
#11147=SURFACE_STYLE_FILL_AREA(#11462);
#11148=SURFACE_STYLE_FILL_AREA(#11463);
#11149=SURFACE_STYLE_FILL_AREA(#11464);
#11150=SURFACE_STYLE_FILL_AREA(#11465);
#11151=SURFACE_STYLE_FILL_AREA(#11466);
#11152=SURFACE_STYLE_FILL_AREA(#11467);
#11153=SURFACE_STYLE_FILL_AREA(#11468);
#11154=SURFACE_STYLE_FILL_AREA(#11469);
#11155=SURFACE_STYLE_FILL_AREA(#11470);
#11156=SURFACE_STYLE_FILL_AREA(#11471);
#11157=SURFACE_STYLE_FILL_AREA(#11472);
#11158=SURFACE_STYLE_FILL_AREA(#11473);
#11159=SURFACE_STYLE_FILL_AREA(#11474);
#11160=SURFACE_STYLE_FILL_AREA(#11475);
#11161=SURFACE_STYLE_FILL_AREA(#11476);
#11162=SURFACE_STYLE_FILL_AREA(#11477);
#11163=SURFACE_STYLE_FILL_AREA(#11478);
#11164=SURFACE_STYLE_FILL_AREA(#11479);
#11165=SURFACE_STYLE_FILL_AREA(#11480);
#11166=SURFACE_STYLE_FILL_AREA(#11481);
#11167=SURFACE_STYLE_FILL_AREA(#11482);
#11168=SURFACE_STYLE_FILL_AREA(#11483);
#11169=SURFACE_STYLE_FILL_AREA(#11484);
#11170=SURFACE_STYLE_FILL_AREA(#11485);
#11171=SURFACE_STYLE_FILL_AREA(#11486);
#11172=SURFACE_STYLE_FILL_AREA(#11487);
#11173=SURFACE_STYLE_FILL_AREA(#11488);
#11174=SURFACE_STYLE_FILL_AREA(#11489);
#11175=SURFACE_STYLE_FILL_AREA(#11490);
#11176=SURFACE_STYLE_FILL_AREA(#11491);
#11177=SURFACE_STYLE_FILL_AREA(#11492);
#11178=SURFACE_STYLE_FILL_AREA(#11493);
#11179=SURFACE_STYLE_FILL_AREA(#11494);
#11180=SURFACE_STYLE_FILL_AREA(#11495);
#11181=SURFACE_STYLE_FILL_AREA(#11496);
#11182=SURFACE_STYLE_FILL_AREA(#11497);
#11183=SURFACE_STYLE_FILL_AREA(#11498);
#11184=SURFACE_STYLE_FILL_AREA(#11499);
#11185=SURFACE_STYLE_FILL_AREA(#11500);
#11186=SURFACE_STYLE_FILL_AREA(#11501);
#11187=SURFACE_STYLE_FILL_AREA(#11502);
#11188=SURFACE_STYLE_FILL_AREA(#11503);
#11189=SURFACE_STYLE_FILL_AREA(#11504);
#11190=SURFACE_STYLE_FILL_AREA(#11505);
#11191=SURFACE_STYLE_FILL_AREA(#11506);
#11192=SURFACE_STYLE_FILL_AREA(#11507);
#11193=SURFACE_STYLE_FILL_AREA(#11508);
#11194=SURFACE_STYLE_FILL_AREA(#11509);
#11195=SURFACE_STYLE_FILL_AREA(#11510);
#11196=SURFACE_STYLE_FILL_AREA(#11511);
#11197=SURFACE_STYLE_FILL_AREA(#11512);
#11198=SURFACE_STYLE_FILL_AREA(#11513);
#11199=SURFACE_STYLE_FILL_AREA(#11514);
#11200=SURFACE_STYLE_FILL_AREA(#11515);
#11201=SURFACE_STYLE_FILL_AREA(#11516);
#11202=SURFACE_STYLE_FILL_AREA(#11517);
#11203=SURFACE_STYLE_FILL_AREA(#11518);
#11204=SURFACE_STYLE_FILL_AREA(#11519);
#11205=SURFACE_STYLE_FILL_AREA(#11520);
#11206=SURFACE_STYLE_FILL_AREA(#11521);
#11207=SURFACE_STYLE_FILL_AREA(#11522);
#11208=SURFACE_STYLE_FILL_AREA(#11523);
#11209=SURFACE_STYLE_FILL_AREA(#11524);
#11210=SURFACE_STYLE_FILL_AREA(#11525);
#11211=SURFACE_STYLE_FILL_AREA(#11526);
#11212=SURFACE_STYLE_FILL_AREA(#11527);
#11213=SURFACE_STYLE_FILL_AREA(#11528);
#11214=SURFACE_STYLE_FILL_AREA(#11529);
#11215=SURFACE_STYLE_FILL_AREA(#11530);
#11216=SURFACE_STYLE_FILL_AREA(#11531);
#11217=SURFACE_STYLE_FILL_AREA(#11532);
#11218=SURFACE_STYLE_FILL_AREA(#11533);
#11219=SURFACE_STYLE_FILL_AREA(#11534);
#11220=SURFACE_STYLE_FILL_AREA(#11535);
#11221=SURFACE_STYLE_FILL_AREA(#11536);
#11222=SURFACE_STYLE_FILL_AREA(#11537);
#11223=FILL_AREA_STYLE('',(#11538));
#11224=FILL_AREA_STYLE('',(#11539));
#11225=FILL_AREA_STYLE('',(#11540));
#11226=FILL_AREA_STYLE('',(#11541));
#11227=FILL_AREA_STYLE('',(#11542));
#11228=FILL_AREA_STYLE('',(#11543));
#11229=FILL_AREA_STYLE('',(#11544));
#11230=FILL_AREA_STYLE('',(#11545));
#11231=FILL_AREA_STYLE('',(#11546));
#11232=FILL_AREA_STYLE('',(#11547));
#11233=FILL_AREA_STYLE('',(#11548));
#11234=FILL_AREA_STYLE('',(#11549));
#11235=FILL_AREA_STYLE('',(#11550));
#11236=FILL_AREA_STYLE('',(#11551));
#11237=FILL_AREA_STYLE('',(#11552));
#11238=FILL_AREA_STYLE('',(#11553));
#11239=FILL_AREA_STYLE('',(#11554));
#11240=FILL_AREA_STYLE('',(#11555));
#11241=FILL_AREA_STYLE('',(#11556));
#11242=FILL_AREA_STYLE('',(#11557));
#11243=FILL_AREA_STYLE('',(#11558));
#11244=FILL_AREA_STYLE('',(#11559));
#11245=FILL_AREA_STYLE('',(#11560));
#11246=FILL_AREA_STYLE('',(#11561));
#11247=FILL_AREA_STYLE('',(#11562));
#11248=FILL_AREA_STYLE('',(#11563));
#11249=FILL_AREA_STYLE('',(#11564));
#11250=FILL_AREA_STYLE('',(#11565));
#11251=FILL_AREA_STYLE('',(#11566));
#11252=FILL_AREA_STYLE('',(#11567));
#11253=FILL_AREA_STYLE('',(#11568));
#11254=FILL_AREA_STYLE('',(#11569));
#11255=FILL_AREA_STYLE('',(#11570));
#11256=FILL_AREA_STYLE('',(#11571));
#11257=FILL_AREA_STYLE('',(#11572));
#11258=FILL_AREA_STYLE('',(#11573));
#11259=FILL_AREA_STYLE('',(#11574));
#11260=FILL_AREA_STYLE('',(#11575));
#11261=FILL_AREA_STYLE('',(#11576));
#11262=FILL_AREA_STYLE('',(#11577));
#11263=FILL_AREA_STYLE('',(#11578));
#11264=FILL_AREA_STYLE('',(#11579));
#11265=FILL_AREA_STYLE('',(#11580));
#11266=FILL_AREA_STYLE('',(#11581));
#11267=FILL_AREA_STYLE('',(#11582));
#11268=FILL_AREA_STYLE('',(#11583));
#11269=FILL_AREA_STYLE('',(#11584));
#11270=FILL_AREA_STYLE('',(#11585));
#11271=FILL_AREA_STYLE('',(#11586));
#11272=FILL_AREA_STYLE('',(#11587));
#11273=FILL_AREA_STYLE('',(#11588));
#11274=FILL_AREA_STYLE('',(#11589));
#11275=FILL_AREA_STYLE('',(#11590));
#11276=FILL_AREA_STYLE('',(#11591));
#11277=FILL_AREA_STYLE('',(#11592));
#11278=FILL_AREA_STYLE('',(#11593));
#11279=FILL_AREA_STYLE('',(#11594));
#11280=FILL_AREA_STYLE('',(#11595));
#11281=FILL_AREA_STYLE('',(#11596));
#11282=FILL_AREA_STYLE('',(#11597));
#11283=FILL_AREA_STYLE('',(#11598));
#11284=FILL_AREA_STYLE('',(#11599));
#11285=FILL_AREA_STYLE('',(#11600));
#11286=FILL_AREA_STYLE('',(#11601));
#11287=FILL_AREA_STYLE('',(#11602));
#11288=FILL_AREA_STYLE('',(#11603));
#11289=FILL_AREA_STYLE('',(#11604));
#11290=FILL_AREA_STYLE('',(#11605));
#11291=FILL_AREA_STYLE('',(#11606));
#11292=FILL_AREA_STYLE('',(#11607));
#11293=FILL_AREA_STYLE('',(#11608));
#11294=FILL_AREA_STYLE('',(#11609));
#11295=FILL_AREA_STYLE('',(#11610));
#11296=FILL_AREA_STYLE('',(#11611));
#11297=FILL_AREA_STYLE('',(#11612));
#11298=FILL_AREA_STYLE('',(#11613));
#11299=FILL_AREA_STYLE('',(#11614));
#11300=FILL_AREA_STYLE('',(#11615));
#11301=FILL_AREA_STYLE('',(#11616));
#11302=FILL_AREA_STYLE('',(#11617));
#11303=FILL_AREA_STYLE('',(#11618));
#11304=FILL_AREA_STYLE('',(#11619));
#11305=FILL_AREA_STYLE('',(#11620));
#11306=FILL_AREA_STYLE('',(#11621));
#11307=FILL_AREA_STYLE('',(#11622));
#11308=FILL_AREA_STYLE('',(#11623));
#11309=FILL_AREA_STYLE('',(#11624));
#11310=FILL_AREA_STYLE('',(#11625));
#11311=FILL_AREA_STYLE('',(#11626));
#11312=FILL_AREA_STYLE('',(#11627));
#11313=FILL_AREA_STYLE('',(#11628));
#11314=FILL_AREA_STYLE('',(#11629));
#11315=FILL_AREA_STYLE('',(#11630));
#11316=FILL_AREA_STYLE('',(#11631));
#11317=FILL_AREA_STYLE('',(#11632));
#11318=FILL_AREA_STYLE('',(#11633));
#11319=FILL_AREA_STYLE('',(#11634));
#11320=FILL_AREA_STYLE('',(#11635));
#11321=FILL_AREA_STYLE('',(#11636));
#11322=FILL_AREA_STYLE('',(#11637));
#11323=FILL_AREA_STYLE('',(#11638));
#11324=FILL_AREA_STYLE('',(#11639));
#11325=FILL_AREA_STYLE('',(#11640));
#11326=FILL_AREA_STYLE('',(#11641));
#11327=FILL_AREA_STYLE('',(#11642));
#11328=FILL_AREA_STYLE('',(#11643));
#11329=FILL_AREA_STYLE('',(#11644));
#11330=FILL_AREA_STYLE('',(#11645));
#11331=FILL_AREA_STYLE('',(#11646));
#11332=FILL_AREA_STYLE('',(#11647));
#11333=FILL_AREA_STYLE('',(#11648));
#11334=FILL_AREA_STYLE('',(#11649));
#11335=FILL_AREA_STYLE('',(#11650));
#11336=FILL_AREA_STYLE('',(#11651));
#11337=FILL_AREA_STYLE('',(#11652));
#11338=FILL_AREA_STYLE('',(#11653));
#11339=FILL_AREA_STYLE('',(#11654));
#11340=FILL_AREA_STYLE('',(#11655));
#11341=FILL_AREA_STYLE('',(#11656));
#11342=FILL_AREA_STYLE('',(#11657));
#11343=FILL_AREA_STYLE('',(#11658));
#11344=FILL_AREA_STYLE('',(#11659));
#11345=FILL_AREA_STYLE('',(#11660));
#11346=FILL_AREA_STYLE('',(#11661));
#11347=FILL_AREA_STYLE('',(#11662));
#11348=FILL_AREA_STYLE('',(#11663));
#11349=FILL_AREA_STYLE('',(#11664));
#11350=FILL_AREA_STYLE('',(#11665));
#11351=FILL_AREA_STYLE('',(#11666));
#11352=FILL_AREA_STYLE('',(#11667));
#11353=FILL_AREA_STYLE('',(#11668));
#11354=FILL_AREA_STYLE('',(#11669));
#11355=FILL_AREA_STYLE('',(#11670));
#11356=FILL_AREA_STYLE('',(#11671));
#11357=FILL_AREA_STYLE('',(#11672));
#11358=FILL_AREA_STYLE('',(#11673));
#11359=FILL_AREA_STYLE('',(#11674));
#11360=FILL_AREA_STYLE('',(#11675));
#11361=FILL_AREA_STYLE('',(#11676));
#11362=FILL_AREA_STYLE('',(#11677));
#11363=FILL_AREA_STYLE('',(#11678));
#11364=FILL_AREA_STYLE('',(#11679));
#11365=FILL_AREA_STYLE('',(#11680));
#11366=FILL_AREA_STYLE('',(#11681));
#11367=FILL_AREA_STYLE('',(#11682));
#11368=FILL_AREA_STYLE('',(#11683));
#11369=FILL_AREA_STYLE('',(#11684));
#11370=FILL_AREA_STYLE('',(#11685));
#11371=FILL_AREA_STYLE('',(#11686));
#11372=FILL_AREA_STYLE('',(#11687));
#11373=FILL_AREA_STYLE('',(#11688));
#11374=FILL_AREA_STYLE('',(#11689));
#11375=FILL_AREA_STYLE('',(#11690));
#11376=FILL_AREA_STYLE('',(#11691));
#11377=FILL_AREA_STYLE('',(#11692));
#11378=FILL_AREA_STYLE('',(#11693));
#11379=FILL_AREA_STYLE('',(#11694));
#11380=FILL_AREA_STYLE('',(#11695));
#11381=FILL_AREA_STYLE('',(#11696));
#11382=FILL_AREA_STYLE('',(#11697));
#11383=FILL_AREA_STYLE('',(#11698));
#11384=FILL_AREA_STYLE('',(#11699));
#11385=FILL_AREA_STYLE('',(#11700));
#11386=FILL_AREA_STYLE('',(#11701));
#11387=FILL_AREA_STYLE('',(#11702));
#11388=FILL_AREA_STYLE('',(#11703));
#11389=FILL_AREA_STYLE('',(#11704));
#11390=FILL_AREA_STYLE('',(#11705));
#11391=FILL_AREA_STYLE('',(#11706));
#11392=FILL_AREA_STYLE('',(#11707));
#11393=FILL_AREA_STYLE('',(#11708));
#11394=FILL_AREA_STYLE('',(#11709));
#11395=FILL_AREA_STYLE('',(#11710));
#11396=FILL_AREA_STYLE('',(#11711));
#11397=FILL_AREA_STYLE('',(#11712));
#11398=FILL_AREA_STYLE('',(#11713));
#11399=FILL_AREA_STYLE('',(#11714));
#11400=FILL_AREA_STYLE('',(#11715));
#11401=FILL_AREA_STYLE('',(#11716));
#11402=FILL_AREA_STYLE('',(#11717));
#11403=FILL_AREA_STYLE('',(#11718));
#11404=FILL_AREA_STYLE('',(#11719));
#11405=FILL_AREA_STYLE('',(#11720));
#11406=FILL_AREA_STYLE('',(#11721));
#11407=FILL_AREA_STYLE('',(#11722));
#11408=FILL_AREA_STYLE('',(#11723));
#11409=FILL_AREA_STYLE('',(#11724));
#11410=FILL_AREA_STYLE('',(#11725));
#11411=FILL_AREA_STYLE('',(#11726));
#11412=FILL_AREA_STYLE('',(#11727));
#11413=FILL_AREA_STYLE('',(#11728));
#11414=FILL_AREA_STYLE('',(#11729));
#11415=FILL_AREA_STYLE('',(#11730));
#11416=FILL_AREA_STYLE('',(#11731));
#11417=FILL_AREA_STYLE('',(#11732));
#11418=FILL_AREA_STYLE('',(#11733));
#11419=FILL_AREA_STYLE('',(#11734));
#11420=FILL_AREA_STYLE('',(#11735));
#11421=FILL_AREA_STYLE('',(#11736));
#11422=FILL_AREA_STYLE('',(#11737));
#11423=FILL_AREA_STYLE('',(#11738));
#11424=FILL_AREA_STYLE('',(#11739));
#11425=FILL_AREA_STYLE('',(#11740));
#11426=FILL_AREA_STYLE('',(#11741));
#11427=FILL_AREA_STYLE('',(#11742));
#11428=FILL_AREA_STYLE('',(#11743));
#11429=FILL_AREA_STYLE('',(#11744));
#11430=FILL_AREA_STYLE('',(#11745));
#11431=FILL_AREA_STYLE('',(#11746));
#11432=FILL_AREA_STYLE('',(#11747));
#11433=FILL_AREA_STYLE('',(#11748));
#11434=FILL_AREA_STYLE('',(#11749));
#11435=FILL_AREA_STYLE('',(#11750));
#11436=FILL_AREA_STYLE('',(#11751));
#11437=FILL_AREA_STYLE('',(#11752));
#11438=FILL_AREA_STYLE('',(#11753));
#11439=FILL_AREA_STYLE('',(#11754));
#11440=FILL_AREA_STYLE('',(#11755));
#11441=FILL_AREA_STYLE('',(#11756));
#11442=FILL_AREA_STYLE('',(#11757));
#11443=FILL_AREA_STYLE('',(#11758));
#11444=FILL_AREA_STYLE('',(#11759));
#11445=FILL_AREA_STYLE('',(#11760));
#11446=FILL_AREA_STYLE('',(#11761));
#11447=FILL_AREA_STYLE('',(#11762));
#11448=FILL_AREA_STYLE('',(#11763));
#11449=FILL_AREA_STYLE('',(#11764));
#11450=FILL_AREA_STYLE('',(#11765));
#11451=FILL_AREA_STYLE('',(#11766));
#11452=FILL_AREA_STYLE('',(#11767));
#11453=FILL_AREA_STYLE('',(#11768));
#11454=FILL_AREA_STYLE('',(#11769));
#11455=FILL_AREA_STYLE('',(#11770));
#11456=FILL_AREA_STYLE('',(#11771));
#11457=FILL_AREA_STYLE('',(#11772));
#11458=FILL_AREA_STYLE('',(#11773));
#11459=FILL_AREA_STYLE('',(#11774));
#11460=FILL_AREA_STYLE('',(#11775));
#11461=FILL_AREA_STYLE('',(#11776));
#11462=FILL_AREA_STYLE('',(#11777));
#11463=FILL_AREA_STYLE('',(#11778));
#11464=FILL_AREA_STYLE('',(#11779));
#11465=FILL_AREA_STYLE('',(#11780));
#11466=FILL_AREA_STYLE('',(#11781));
#11467=FILL_AREA_STYLE('',(#11782));
#11468=FILL_AREA_STYLE('',(#11783));
#11469=FILL_AREA_STYLE('',(#11784));
#11470=FILL_AREA_STYLE('',(#11785));
#11471=FILL_AREA_STYLE('',(#11786));
#11472=FILL_AREA_STYLE('',(#11787));
#11473=FILL_AREA_STYLE('',(#11788));
#11474=FILL_AREA_STYLE('',(#11789));
#11475=FILL_AREA_STYLE('',(#11790));
#11476=FILL_AREA_STYLE('',(#11791));
#11477=FILL_AREA_STYLE('',(#11792));
#11478=FILL_AREA_STYLE('',(#11793));
#11479=FILL_AREA_STYLE('',(#11794));
#11480=FILL_AREA_STYLE('',(#11795));
#11481=FILL_AREA_STYLE('',(#11796));
#11482=FILL_AREA_STYLE('',(#11797));
#11483=FILL_AREA_STYLE('',(#11798));
#11484=FILL_AREA_STYLE('',(#11799));
#11485=FILL_AREA_STYLE('',(#11800));
#11486=FILL_AREA_STYLE('',(#11801));
#11487=FILL_AREA_STYLE('',(#11802));
#11488=FILL_AREA_STYLE('',(#11803));
#11489=FILL_AREA_STYLE('',(#11804));
#11490=FILL_AREA_STYLE('',(#11805));
#11491=FILL_AREA_STYLE('',(#11806));
#11492=FILL_AREA_STYLE('',(#11807));
#11493=FILL_AREA_STYLE('',(#11808));
#11494=FILL_AREA_STYLE('',(#11809));
#11495=FILL_AREA_STYLE('',(#11810));
#11496=FILL_AREA_STYLE('',(#11811));
#11497=FILL_AREA_STYLE('',(#11812));
#11498=FILL_AREA_STYLE('',(#11813));
#11499=FILL_AREA_STYLE('',(#11814));
#11500=FILL_AREA_STYLE('',(#11815));
#11501=FILL_AREA_STYLE('',(#11816));
#11502=FILL_AREA_STYLE('',(#11817));
#11503=FILL_AREA_STYLE('',(#11818));
#11504=FILL_AREA_STYLE('',(#11819));
#11505=FILL_AREA_STYLE('',(#11820));
#11506=FILL_AREA_STYLE('',(#11821));
#11507=FILL_AREA_STYLE('',(#11822));
#11508=FILL_AREA_STYLE('',(#11823));
#11509=FILL_AREA_STYLE('',(#11824));
#11510=FILL_AREA_STYLE('',(#11825));
#11511=FILL_AREA_STYLE('',(#11826));
#11512=FILL_AREA_STYLE('',(#11827));
#11513=FILL_AREA_STYLE('',(#11828));
#11514=FILL_AREA_STYLE('',(#11829));
#11515=FILL_AREA_STYLE('',(#11830));
#11516=FILL_AREA_STYLE('',(#11831));
#11517=FILL_AREA_STYLE('',(#11832));
#11518=FILL_AREA_STYLE('',(#11833));
#11519=FILL_AREA_STYLE('',(#11834));
#11520=FILL_AREA_STYLE('',(#11835));
#11521=FILL_AREA_STYLE('',(#11836));
#11522=FILL_AREA_STYLE('',(#11837));
#11523=FILL_AREA_STYLE('',(#11838));
#11524=FILL_AREA_STYLE('',(#11839));
#11525=FILL_AREA_STYLE('',(#11840));
#11526=FILL_AREA_STYLE('',(#11841));
#11527=FILL_AREA_STYLE('',(#11842));
#11528=FILL_AREA_STYLE('',(#11843));
#11529=FILL_AREA_STYLE('',(#11844));
#11530=FILL_AREA_STYLE('',(#11845));
#11531=FILL_AREA_STYLE('',(#11846));
#11532=FILL_AREA_STYLE('',(#11847));
#11533=FILL_AREA_STYLE('',(#11848));
#11534=FILL_AREA_STYLE('',(#11849));
#11535=FILL_AREA_STYLE('',(#11850));
#11536=FILL_AREA_STYLE('',(#11851));
#11537=FILL_AREA_STYLE('',(#11852));
#11538=FILL_AREA_STYLE_COLOUR('',#11853);
#11539=FILL_AREA_STYLE_COLOUR('',#11854);
#11540=FILL_AREA_STYLE_COLOUR('',#11853);
#11541=FILL_AREA_STYLE_COLOUR('',#11853);
#11542=FILL_AREA_STYLE_COLOUR('',#11853);
#11543=FILL_AREA_STYLE_COLOUR('',#11853);
#11544=FILL_AREA_STYLE_COLOUR('',#11853);
#11545=FILL_AREA_STYLE_COLOUR('',#11853);
#11546=FILL_AREA_STYLE_COLOUR('',#11853);
#11547=FILL_AREA_STYLE_COLOUR('',#11853);
#11548=FILL_AREA_STYLE_COLOUR('',#11853);
#11549=FILL_AREA_STYLE_COLOUR('',#11853);
#11550=FILL_AREA_STYLE_COLOUR('',#11853);
#11551=FILL_AREA_STYLE_COLOUR('',#11853);
#11552=FILL_AREA_STYLE_COLOUR('',#11853);
#11553=FILL_AREA_STYLE_COLOUR('',#11854);
#11554=FILL_AREA_STYLE_COLOUR('',#11854);
#11555=FILL_AREA_STYLE_COLOUR('',#11853);
#11556=FILL_AREA_STYLE_COLOUR('',#11853);
#11557=FILL_AREA_STYLE_COLOUR('',#11854);
#11558=FILL_AREA_STYLE_COLOUR('',#11853);
#11559=FILL_AREA_STYLE_COLOUR('',#11854);
#11560=FILL_AREA_STYLE_COLOUR('',#11854);
#11561=FILL_AREA_STYLE_COLOUR('',#11854);
#11562=FILL_AREA_STYLE_COLOUR('',#11854);
#11563=FILL_AREA_STYLE_COLOUR('',#11853);
#11564=FILL_AREA_STYLE_COLOUR('',#11854);
#11565=FILL_AREA_STYLE_COLOUR('',#11853);
#11566=FILL_AREA_STYLE_COLOUR('',#11854);
#11567=FILL_AREA_STYLE_COLOUR('',#11853);
#11568=FILL_AREA_STYLE_COLOUR('',#11853);
#11569=FILL_AREA_STYLE_COLOUR('',#11854);
#11570=FILL_AREA_STYLE_COLOUR('',#11853);
#11571=FILL_AREA_STYLE_COLOUR('',#11853);
#11572=FILL_AREA_STYLE_COLOUR('',#11853);
#11573=FILL_AREA_STYLE_COLOUR('',#11854);
#11574=FILL_AREA_STYLE_COLOUR('',#11853);
#11575=FILL_AREA_STYLE_COLOUR('',#11854);
#11576=FILL_AREA_STYLE_COLOUR('',#11853);
#11577=FILL_AREA_STYLE_COLOUR('',#11853);
#11578=FILL_AREA_STYLE_COLOUR('',#11853);
#11579=FILL_AREA_STYLE_COLOUR('',#11853);
#11580=FILL_AREA_STYLE_COLOUR('',#11853);
#11581=FILL_AREA_STYLE_COLOUR('',#11854);
#11582=FILL_AREA_STYLE_COLOUR('',#11854);
#11583=FILL_AREA_STYLE_COLOUR('',#11854);
#11584=FILL_AREA_STYLE_COLOUR('',#11853);
#11585=FILL_AREA_STYLE_COLOUR('',#11853);
#11586=FILL_AREA_STYLE_COLOUR('',#11853);
#11587=FILL_AREA_STYLE_COLOUR('',#11854);
#11588=FILL_AREA_STYLE_COLOUR('',#11854);
#11589=FILL_AREA_STYLE_COLOUR('',#11853);
#11590=FILL_AREA_STYLE_COLOUR('',#11853);
#11591=FILL_AREA_STYLE_COLOUR('',#11853);
#11592=FILL_AREA_STYLE_COLOUR('',#11853);
#11593=FILL_AREA_STYLE_COLOUR('',#11854);
#11594=FILL_AREA_STYLE_COLOUR('',#11853);
#11595=FILL_AREA_STYLE_COLOUR('',#11854);
#11596=FILL_AREA_STYLE_COLOUR('',#11853);
#11597=FILL_AREA_STYLE_COLOUR('',#11853);
#11598=FILL_AREA_STYLE_COLOUR('',#11853);
#11599=FILL_AREA_STYLE_COLOUR('',#11853);
#11600=FILL_AREA_STYLE_COLOUR('',#11854);
#11601=FILL_AREA_STYLE_COLOUR('',#11853);
#11602=FILL_AREA_STYLE_COLOUR('',#11854);
#11603=FILL_AREA_STYLE_COLOUR('',#11853);
#11604=FILL_AREA_STYLE_COLOUR('',#11854);
#11605=FILL_AREA_STYLE_COLOUR('',#11853);
#11606=FILL_AREA_STYLE_COLOUR('',#11853);
#11607=FILL_AREA_STYLE_COLOUR('',#11854);
#11608=FILL_AREA_STYLE_COLOUR('',#11853);
#11609=FILL_AREA_STYLE_COLOUR('',#11854);
#11610=FILL_AREA_STYLE_COLOUR('',#11853);
#11611=FILL_AREA_STYLE_COLOUR('',#11854);
#11612=FILL_AREA_STYLE_COLOUR('',#11853);
#11613=FILL_AREA_STYLE_COLOUR('',#11853);
#11614=FILL_AREA_STYLE_COLOUR('',#11853);
#11615=FILL_AREA_STYLE_COLOUR('',#11853);
#11616=FILL_AREA_STYLE_COLOUR('',#11853);
#11617=FILL_AREA_STYLE_COLOUR('',#11853);
#11618=FILL_AREA_STYLE_COLOUR('',#11854);
#11619=FILL_AREA_STYLE_COLOUR('',#11854);
#11620=FILL_AREA_STYLE_COLOUR('',#11853);
#11621=FILL_AREA_STYLE_COLOUR('',#11853);
#11622=FILL_AREA_STYLE_COLOUR('',#11853);
#11623=FILL_AREA_STYLE_COLOUR('',#11854);
#11624=FILL_AREA_STYLE_COLOUR('',#11854);
#11625=FILL_AREA_STYLE_COLOUR('',#11854);
#11626=FILL_AREA_STYLE_COLOUR('',#11853);
#11627=FILL_AREA_STYLE_COLOUR('',#11853);
#11628=FILL_AREA_STYLE_COLOUR('',#11853);
#11629=FILL_AREA_STYLE_COLOUR('',#11854);
#11630=FILL_AREA_STYLE_COLOUR('',#11853);
#11631=FILL_AREA_STYLE_COLOUR('',#11853);
#11632=FILL_AREA_STYLE_COLOUR('',#11853);
#11633=FILL_AREA_STYLE_COLOUR('',#11853);
#11634=FILL_AREA_STYLE_COLOUR('',#11853);
#11635=FILL_AREA_STYLE_COLOUR('',#11853);
#11636=FILL_AREA_STYLE_COLOUR('',#11853);
#11637=FILL_AREA_STYLE_COLOUR('',#11854);
#11638=FILL_AREA_STYLE_COLOUR('',#11853);
#11639=FILL_AREA_STYLE_COLOUR('',#11853);
#11640=FILL_AREA_STYLE_COLOUR('',#11853);
#11641=FILL_AREA_STYLE_COLOUR('',#11854);
#11642=FILL_AREA_STYLE_COLOUR('',#11853);
#11643=FILL_AREA_STYLE_COLOUR('',#11854);
#11644=FILL_AREA_STYLE_COLOUR('',#11853);
#11645=FILL_AREA_STYLE_COLOUR('',#11854);
#11646=FILL_AREA_STYLE_COLOUR('',#11854);
#11647=FILL_AREA_STYLE_COLOUR('',#11853);
#11648=FILL_AREA_STYLE_COLOUR('',#11853);
#11649=FILL_AREA_STYLE_COLOUR('',#11853);
#11650=FILL_AREA_STYLE_COLOUR('',#11853);
#11651=FILL_AREA_STYLE_COLOUR('',#11853);
#11652=FILL_AREA_STYLE_COLOUR('',#11853);
#11653=FILL_AREA_STYLE_COLOUR('',#11854);
#11654=FILL_AREA_STYLE_COLOUR('',#11853);
#11655=FILL_AREA_STYLE_COLOUR('',#11854);
#11656=FILL_AREA_STYLE_COLOUR('',#11854);
#11657=FILL_AREA_STYLE_COLOUR('',#11853);
#11658=FILL_AREA_STYLE_COLOUR('',#11853);
#11659=FILL_AREA_STYLE_COLOUR('',#11853);
#11660=FILL_AREA_STYLE_COLOUR('',#11854);
#11661=FILL_AREA_STYLE_COLOUR('',#11854);
#11662=FILL_AREA_STYLE_COLOUR('',#11854);
#11663=FILL_AREA_STYLE_COLOUR('',#11853);
#11664=FILL_AREA_STYLE_COLOUR('',#11853);
#11665=FILL_AREA_STYLE_COLOUR('',#11854);
#11666=FILL_AREA_STYLE_COLOUR('',#11854);
#11667=FILL_AREA_STYLE_COLOUR('',#11853);
#11668=FILL_AREA_STYLE_COLOUR('',#11853);
#11669=FILL_AREA_STYLE_COLOUR('',#11853);
#11670=FILL_AREA_STYLE_COLOUR('',#11853);
#11671=FILL_AREA_STYLE_COLOUR('',#11853);
#11672=FILL_AREA_STYLE_COLOUR('',#11853);
#11673=FILL_AREA_STYLE_COLOUR('',#11854);
#11674=FILL_AREA_STYLE_COLOUR('',#11854);
#11675=FILL_AREA_STYLE_COLOUR('',#11853);
#11676=FILL_AREA_STYLE_COLOUR('',#11853);
#11677=FILL_AREA_STYLE_COLOUR('',#11853);
#11678=FILL_AREA_STYLE_COLOUR('',#11853);
#11679=FILL_AREA_STYLE_COLOUR('',#11853);
#11680=FILL_AREA_STYLE_COLOUR('',#11853);
#11681=FILL_AREA_STYLE_COLOUR('',#11853);
#11682=FILL_AREA_STYLE_COLOUR('',#11853);
#11683=FILL_AREA_STYLE_COLOUR('',#11854);
#11684=FILL_AREA_STYLE_COLOUR('',#11853);
#11685=FILL_AREA_STYLE_COLOUR('',#11854);
#11686=FILL_AREA_STYLE_COLOUR('',#11853);
#11687=FILL_AREA_STYLE_COLOUR('',#11853);
#11688=FILL_AREA_STYLE_COLOUR('',#11853);
#11689=FILL_AREA_STYLE_COLOUR('',#11853);
#11690=FILL_AREA_STYLE_COLOUR('',#11853);
#11691=FILL_AREA_STYLE_COLOUR('',#11853);
#11692=FILL_AREA_STYLE_COLOUR('',#11853);
#11693=FILL_AREA_STYLE_COLOUR('',#11853);
#11694=FILL_AREA_STYLE_COLOUR('',#11854);
#11695=FILL_AREA_STYLE_COLOUR('',#11853);
#11696=FILL_AREA_STYLE_COLOUR('',#11854);
#11697=FILL_AREA_STYLE_COLOUR('',#11853);
#11698=FILL_AREA_STYLE_COLOUR('',#11853);
#11699=FILL_AREA_STYLE_COLOUR('',#11853);
#11700=FILL_AREA_STYLE_COLOUR('',#11853);
#11701=FILL_AREA_STYLE_COLOUR('',#11853);
#11702=FILL_AREA_STYLE_COLOUR('',#11854);
#11703=FILL_AREA_STYLE_COLOUR('',#11854);
#11704=FILL_AREA_STYLE_COLOUR('',#11853);
#11705=FILL_AREA_STYLE_COLOUR('',#11854);
#11706=FILL_AREA_STYLE_COLOUR('',#11853);
#11707=FILL_AREA_STYLE_COLOUR('',#11853);
#11708=FILL_AREA_STYLE_COLOUR('',#11853);
#11709=FILL_AREA_STYLE_COLOUR('',#11853);
#11710=FILL_AREA_STYLE_COLOUR('',#11853);
#11711=FILL_AREA_STYLE_COLOUR('',#11854);
#11712=FILL_AREA_STYLE_COLOUR('',#11854);
#11713=FILL_AREA_STYLE_COLOUR('',#11854);
#11714=FILL_AREA_STYLE_COLOUR('',#11853);
#11715=FILL_AREA_STYLE_COLOUR('',#11854);
#11716=FILL_AREA_STYLE_COLOUR('',#11854);
#11717=FILL_AREA_STYLE_COLOUR('',#11853);
#11718=FILL_AREA_STYLE_COLOUR('',#11853);
#11719=FILL_AREA_STYLE_COLOUR('',#11853);
#11720=FILL_AREA_STYLE_COLOUR('',#11853);
#11721=FILL_AREA_STYLE_COLOUR('',#11853);
#11722=FILL_AREA_STYLE_COLOUR('',#11853);
#11723=FILL_AREA_STYLE_COLOUR('',#11853);
#11724=FILL_AREA_STYLE_COLOUR('',#11854);
#11725=FILL_AREA_STYLE_COLOUR('',#11853);
#11726=FILL_AREA_STYLE_COLOUR('',#11853);
#11727=FILL_AREA_STYLE_COLOUR('',#11854);
#11728=FILL_AREA_STYLE_COLOUR('',#11854);
#11729=FILL_AREA_STYLE_COLOUR('',#11853);
#11730=FILL_AREA_STYLE_COLOUR('',#11853);
#11731=FILL_AREA_STYLE_COLOUR('',#11853);
#11732=FILL_AREA_STYLE_COLOUR('',#11853);
#11733=FILL_AREA_STYLE_COLOUR('',#11854);
#11734=FILL_AREA_STYLE_COLOUR('',#11853);
#11735=FILL_AREA_STYLE_COLOUR('',#11853);
#11736=FILL_AREA_STYLE_COLOUR('',#11854);
#11737=FILL_AREA_STYLE_COLOUR('',#11853);
#11738=FILL_AREA_STYLE_COLOUR('',#11853);
#11739=FILL_AREA_STYLE_COLOUR('',#11853);
#11740=FILL_AREA_STYLE_COLOUR('',#11853);
#11741=FILL_AREA_STYLE_COLOUR('',#11853);
#11742=FILL_AREA_STYLE_COLOUR('',#11853);
#11743=FILL_AREA_STYLE_COLOUR('',#11853);
#11744=FILL_AREA_STYLE_COLOUR('',#11853);
#11745=FILL_AREA_STYLE_COLOUR('',#11854);
#11746=FILL_AREA_STYLE_COLOUR('',#11853);
#11747=FILL_AREA_STYLE_COLOUR('',#11854);
#11748=FILL_AREA_STYLE_COLOUR('',#11853);
#11749=FILL_AREA_STYLE_COLOUR('',#11853);
#11750=FILL_AREA_STYLE_COLOUR('',#11854);
#11751=FILL_AREA_STYLE_COLOUR('',#11853);
#11752=FILL_AREA_STYLE_COLOUR('',#11853);
#11753=FILL_AREA_STYLE_COLOUR('',#11853);
#11754=FILL_AREA_STYLE_COLOUR('',#11853);
#11755=FILL_AREA_STYLE_COLOUR('',#11853);
#11756=FILL_AREA_STYLE_COLOUR('',#11853);
#11757=FILL_AREA_STYLE_COLOUR('',#11853);
#11758=FILL_AREA_STYLE_COLOUR('',#11854);
#11759=FILL_AREA_STYLE_COLOUR('',#11853);
#11760=FILL_AREA_STYLE_COLOUR('',#11853);
#11761=FILL_AREA_STYLE_COLOUR('',#11853);
#11762=FILL_AREA_STYLE_COLOUR('',#11853);
#11763=FILL_AREA_STYLE_COLOUR('',#11853);
#11764=FILL_AREA_STYLE_COLOUR('',#11853);
#11765=FILL_AREA_STYLE_COLOUR('',#11854);
#11766=FILL_AREA_STYLE_COLOUR('',#11854);
#11767=FILL_AREA_STYLE_COLOUR('',#11853);
#11768=FILL_AREA_STYLE_COLOUR('',#11853);
#11769=FILL_AREA_STYLE_COLOUR('',#11853);
#11770=FILL_AREA_STYLE_COLOUR('',#11853);
#11771=FILL_AREA_STYLE_COLOUR('',#11853);
#11772=FILL_AREA_STYLE_COLOUR('',#11853);
#11773=FILL_AREA_STYLE_COLOUR('',#11853);
#11774=FILL_AREA_STYLE_COLOUR('',#11853);
#11775=FILL_AREA_STYLE_COLOUR('',#11853);
#11776=FILL_AREA_STYLE_COLOUR('',#11853);
#11777=FILL_AREA_STYLE_COLOUR('',#11853);
#11778=FILL_AREA_STYLE_COLOUR('',#11854);
#11779=FILL_AREA_STYLE_COLOUR('',#11854);
#11780=FILL_AREA_STYLE_COLOUR('',#11853);
#11781=FILL_AREA_STYLE_COLOUR('',#11853);
#11782=FILL_AREA_STYLE_COLOUR('',#11854);
#11783=FILL_AREA_STYLE_COLOUR('',#11853);
#11784=FILL_AREA_STYLE_COLOUR('',#11854);
#11785=FILL_AREA_STYLE_COLOUR('',#11853);
#11786=FILL_AREA_STYLE_COLOUR('',#11853);
#11787=FILL_AREA_STYLE_COLOUR('',#11853);
#11788=FILL_AREA_STYLE_COLOUR('',#11853);
#11789=FILL_AREA_STYLE_COLOUR('',#11853);
#11790=FILL_AREA_STYLE_COLOUR('',#11853);
#11791=FILL_AREA_STYLE_COLOUR('',#11853);
#11792=FILL_AREA_STYLE_COLOUR('',#11853);
#11793=FILL_AREA_STYLE_COLOUR('',#11853);
#11794=FILL_AREA_STYLE_COLOUR('',#11853);
#11795=FILL_AREA_STYLE_COLOUR('',#11853);
#11796=FILL_AREA_STYLE_COLOUR('',#11853);
#11797=FILL_AREA_STYLE_COLOUR('',#11853);
#11798=FILL_AREA_STYLE_COLOUR('',#11853);
#11799=FILL_AREA_STYLE_COLOUR('',#11854);
#11800=FILL_AREA_STYLE_COLOUR('',#11853);
#11801=FILL_AREA_STYLE_COLOUR('',#11853);
#11802=FILL_AREA_STYLE_COLOUR('',#11853);
#11803=FILL_AREA_STYLE_COLOUR('',#11853);
#11804=FILL_AREA_STYLE_COLOUR('',#11853);
#11805=FILL_AREA_STYLE_COLOUR('',#11853);
#11806=FILL_AREA_STYLE_COLOUR('',#11853);
#11807=FILL_AREA_STYLE_COLOUR('',#11853);
#11808=FILL_AREA_STYLE_COLOUR('',#11853);
#11809=FILL_AREA_STYLE_COLOUR('',#11853);
#11810=FILL_AREA_STYLE_COLOUR('',#11853);
#11811=FILL_AREA_STYLE_COLOUR('',#11853);
#11812=FILL_AREA_STYLE_COLOUR('',#11853);
#11813=FILL_AREA_STYLE_COLOUR('',#11854);
#11814=FILL_AREA_STYLE_COLOUR('',#11853);
#11815=FILL_AREA_STYLE_COLOUR('',#11854);
#11816=FILL_AREA_STYLE_COLOUR('',#11854);
#11817=FILL_AREA_STYLE_COLOUR('',#11853);
#11818=FILL_AREA_STYLE_COLOUR('',#11853);
#11819=FILL_AREA_STYLE_COLOUR('',#11853);
#11820=FILL_AREA_STYLE_COLOUR('',#11854);
#11821=FILL_AREA_STYLE_COLOUR('',#11853);
#11822=FILL_AREA_STYLE_COLOUR('',#11853);
#11823=FILL_AREA_STYLE_COLOUR('',#11853);
#11824=FILL_AREA_STYLE_COLOUR('',#11853);
#11825=FILL_AREA_STYLE_COLOUR('',#11853);
#11826=FILL_AREA_STYLE_COLOUR('',#11853);
#11827=FILL_AREA_STYLE_COLOUR('',#11853);
#11828=FILL_AREA_STYLE_COLOUR('',#11853);
#11829=FILL_AREA_STYLE_COLOUR('',#11854);
#11830=FILL_AREA_STYLE_COLOUR('',#11853);
#11831=FILL_AREA_STYLE_COLOUR('',#11853);
#11832=FILL_AREA_STYLE_COLOUR('',#11853);
#11833=FILL_AREA_STYLE_COLOUR('',#11854);
#11834=FILL_AREA_STYLE_COLOUR('',#11854);
#11835=FILL_AREA_STYLE_COLOUR('',#11854);
#11836=FILL_AREA_STYLE_COLOUR('',#11854);
#11837=FILL_AREA_STYLE_COLOUR('',#11853);
#11838=FILL_AREA_STYLE_COLOUR('',#11854);
#11839=FILL_AREA_STYLE_COLOUR('',#11853);
#11840=FILL_AREA_STYLE_COLOUR('',#11853);
#11841=FILL_AREA_STYLE_COLOUR('',#11853);
#11842=FILL_AREA_STYLE_COLOUR('',#11853);
#11843=FILL_AREA_STYLE_COLOUR('',#11853);
#11844=FILL_AREA_STYLE_COLOUR('',#11854);
#11845=FILL_AREA_STYLE_COLOUR('',#11853);
#11846=FILL_AREA_STYLE_COLOUR('',#11853);
#11847=FILL_AREA_STYLE_COLOUR('',#11854);
#11848=FILL_AREA_STYLE_COLOUR('',#11853);
#11849=FILL_AREA_STYLE_COLOUR('',#11854);
#11850=FILL_AREA_STYLE_COLOUR('',#11854);
#11851=FILL_AREA_STYLE_COLOUR('',#11854);
#11852=FILL_AREA_STYLE_COLOUR('',#18);
#11853=COLOUR_RGB('',0.4392156899,0.4392156899,0.4392156899);
#11854=COLOUR_RGB('',1.,0.8039215803,0.4941176474);
#11855=ADVANCED_FACE('',(#8750),#9296,.F.);
#11856=ADVANCED_FACE('',(#8751),#9297,.T.);
#11857=ADVANCED_FACE('',(#8752),#9298,.F.);
#11858=ADVANCED_FACE('',(#8753),#419,.T.);
#11859=ADVANCED_FACE('',(#8754),#9299,.T.);
#11860=ADVANCED_FACE('',(#8755),#9300,.F.);
#11861=ADVANCED_FACE('',(#8756),#420,.T.);
#11862=ADVANCED_FACE('',(#8757),#9301,.F.);
#11863=ADVANCED_FACE('',(#8758),#9302,.F.);
#11864=ADVANCED_FACE('',(#8759),#9303,.T.);
#11865=ADVANCED_FACE('',(#8760),#9304,.F.);
#11866=ADVANCED_FACE('',(#8761),#9305,.F.);
#11867=ADVANCED_FACE('',(#8762),#9306,.F.);
#11868=ADVANCED_FACE('',(#8763),#70,.T.);
#11869=ADVANCED_FACE('',(#8764),#66,.F.);
#11870=ADVANCED_FACE('',(#8765),#9307,.T.);
#11871=ADVANCED_FACE('',(#8766),#9308,.T.);
#11872=ADVANCED_FACE('',(#8767),#9309,.T.);
#11873=ADVANCED_FACE('',(#8768),#67,.F.);
#11874=ADVANCED_FACE('',(#8769),#9310,.T.);
#11875=ADVANCED_FACE('',(#8770),#37,.T.);
#11876=ADVANCED_FACE('',(#8771),#9311,.T.);
#11877=ADVANCED_FACE('',(#8772),#9312,.T.);
#11878=ADVANCED_FACE('',(#8773),#9313,.T.);
#11879=ADVANCED_FACE('',(#8774),#9314,.T.);
#11880=ADVANCED_FACE('',(#8775),#9315,.T.);
#11881=ADVANCED_FACE('',(#8776),#9316,.T.);
#11882=ADVANCED_FACE('',(#8777),#421,.T.);
#11883=ADVANCED_FACE('',(#8778),#9317,.T.);
#11884=ADVANCED_FACE('',(#8779),#9318,.F.);
#11885=ADVANCED_FACE('',(#8780),#422,.T.);
#11886=ADVANCED_FACE('',(#8781),#9319,.T.);
#11887=ADVANCED_FACE('',(#8782),#9320,.T.);
#11888=ADVANCED_FACE('',(#8783),#38,.T.);
#11889=ADVANCED_FACE('',(#8784),#71,.T.);
#11890=ADVANCED_FACE('',(#8785),#39,.T.);
#11891=ADVANCED_FACE('',(#8786),#9321,.T.);
#11892=ADVANCED_FACE('',(#8787),#9322,.T.);
#11893=ADVANCED_FACE('',(#8788),#423,.T.);
#11894=ADVANCED_FACE('',(#8789),#9323,.T.);
#11895=ADVANCED_FACE('',(#8790),#424,.T.);
#11896=ADVANCED_FACE('',(#8791),#9324,.F.);
#11897=ADVANCED_FACE('',(#8792),#425,.T.);
#11898=ADVANCED_FACE('',(#8793),#9325,.T.);
#11899=ADVANCED_FACE('',(#8794),#9326,.T.);
#11900=ADVANCED_FACE('',(#8795),#40,.T.);
#11901=ADVANCED_FACE('',(#8796),#426,.T.);
#11902=ADVANCED_FACE('',(#8797),#72,.T.);
#11903=ADVANCED_FACE('',(#8798),#73,.T.);
#11904=ADVANCED_FACE('',(#8799),#9327,.T.);
#11905=ADVANCED_FACE('',(#8800),#9328,.T.);
#11906=ADVANCED_FACE('',(#8801),#9329,.F.);
#11907=ADVANCED_FACE('',(#8802,#8803,#8804,#8805,#8806,#8807,#8808,#8809,
#8810,#8811,#8812),#9330,.T.);
#11908=ADVANCED_FACE('',(#8813),#9331,.F.);
#11909=ADVANCED_FACE('',(#8814),#9332,.T.);
#11910=ADVANCED_FACE('',(#8815),#9333,.T.);
#11911=ADVANCED_FACE('',(#8816),#9334,.T.);
#11912=ADVANCED_FACE('',(#8817),#9335,.T.);
#11913=ADVANCED_FACE('',(#8818),#427,.T.);
#11914=ADVANCED_FACE('',(#8819),#428,.T.);
#11915=ADVANCED_FACE('',(#8820),#9336,.T.);
#11916=ADVANCED_FACE('',(#8821),#9337,.F.);
#11917=ADVANCED_FACE('',(#8822),#9338,.T.);
#11918=ADVANCED_FACE('',(#8823),#41,.T.);
#11919=ADVANCED_FACE('',(#8824),#9339,.T.);
#11920=ADVANCED_FACE('',(#8825),#9340,.F.);
#11921=ADVANCED_FACE('',(#8826),#9341,.T.);
#11922=ADVANCED_FACE('',(#8827),#68,.F.);
#11923=ADVANCED_FACE('',(#8828),#42,.T.);
#11924=ADVANCED_FACE('',(#8829),#43,.T.);
#11925=ADVANCED_FACE('',(#8830),#9342,.F.);
#11926=ADVANCED_FACE('',(#8831),#9343,.T.);
#11927=ADVANCED_FACE('',(#8832),#9344,.T.);
#11928=ADVANCED_FACE('',(#8833),#9345,.T.);
#11929=ADVANCED_FACE('',(#8834),#9346,.F.);
#11930=ADVANCED_FACE('',(#8835),#9347,.F.);
#11931=ADVANCED_FACE('',(#8836),#9348,.F.);
#11932=ADVANCED_FACE('',(#8837),#9349,.F.);
#11933=ADVANCED_FACE('',(#8838),#9350,.T.);
#11934=ADVANCED_FACE('',(#8839),#74,.T.);
#11935=ADVANCED_FACE('',(#8840),#9351,.T.);
#11936=ADVANCED_FACE('',(#8841),#44,.T.);
#11937=ADVANCED_FACE('',(#8842),#9352,.F.);
#11938=ADVANCED_FACE('',(#8843),#9353,.T.);
#11939=ADVANCED_FACE('',(#8844),#9354,.T.);
#11940=ADVANCED_FACE('',(#8845),#9355,.T.);
#11941=ADVANCED_FACE('',(#8846),#9356,.T.);
#11942=ADVANCED_FACE('',(#8847),#9357,.T.);
#11943=ADVANCED_FACE('',(#8848),#429,.T.);
#11944=ADVANCED_FACE('',(#8849),#75,.T.);
#11945=ADVANCED_FACE('',(#8850),#9358,.T.);
#11946=ADVANCED_FACE('',(#8851),#9359,.T.);
#11947=ADVANCED_FACE('',(#8852),#9360,.F.);
#11948=ADVANCED_FACE('',(#8853),#9361,.T.);
#11949=ADVANCED_FACE('',(#8854),#9362,.T.);
#11950=ADVANCED_FACE('',(#8855),#9363,.T.);
#11951=ADVANCED_FACE('',(#8856),#9364,.T.);
#11952=ADVANCED_FACE('',(#8857),#9365,.T.);
#11953=ADVANCED_FACE('',(#8858),#9366,.T.);
#11954=ADVANCED_FACE('',(#8859),#9367,.T.);
#11955=ADVANCED_FACE('',(#8860),#9368,.F.);
#11956=ADVANCED_FACE('',(#8861),#9369,.F.);
#11957=ADVANCED_FACE('',(#8862),#430,.T.);
#11958=ADVANCED_FACE('',(#8863),#45,.T.);
#11959=ADVANCED_FACE('',(#8864),#9370,.F.);
#11960=ADVANCED_FACE('',(#8865),#9371,.T.);
#11961=ADVANCED_FACE('',(#8866),#9372,.T.);
#11962=ADVANCED_FACE('',(#8867),#9373,.T.);
#11963=ADVANCED_FACE('',(#8868),#9374,.T.);
#11964=ADVANCED_FACE('',(#8869),#9375,.F.);
#11965=ADVANCED_FACE('',(#8870),#9376,.T.);
#11966=ADVANCED_FACE('',(#8871),#9377,.F.);
#11967=ADVANCED_FACE('',(#8872),#431,.T.);
#11968=ADVANCED_FACE('',(#8873),#9378,.T.);
#11969=ADVANCED_FACE('',(#8874),#9379,.F.);
#11970=ADVANCED_FACE('',(#8875),#9380,.T.);
#11971=ADVANCED_FACE('',(#8876),#9381,.F.);
#11972=ADVANCED_FACE('',(#8877),#9382,.T.);
#11973=ADVANCED_FACE('',(#8878),#9383,.T.);
#11974=ADVANCED_FACE('',(#8879),#432,.T.);
#11975=ADVANCED_FACE('',(#8880,#8881),#9384,.T.);
#11976=ADVANCED_FACE('',(#8882),#9385,.F.);
#11977=ADVANCED_FACE('',(#8883),#9386,.T.);
#11978=ADVANCED_FACE('',(#8884),#9387,.T.);
#11979=ADVANCED_FACE('',(#8885),#9388,.T.);
#11980=ADVANCED_FACE('',(#8886),#9389,.T.);
#11981=ADVANCED_FACE('',(#8887),#69,.F.);
#11982=ADVANCED_FACE('',(#8888),#9390,.T.);
#11983=ADVANCED_FACE('',(#8889),#9391,.T.);
#11984=ADVANCED_FACE('',(#8890),#433,.T.);
#11985=ADVANCED_FACE('',(#8891),#434,.T.);
#11986=ADVANCED_FACE('',(#8892),#9392,.F.);
#11987=ADVANCED_FACE('',(#8893),#9393,.T.);
#11988=ADVANCED_FACE('',(#8894),#46,.T.);
#11989=ADVANCED_FACE('',(#8895),#9394,.T.);
#11990=ADVANCED_FACE('',(#8896),#9395,.T.);
#11991=ADVANCED_FACE('',(#8897),#9396,.T.);
#11992=ADVANCED_FACE('',(#8898),#9397,.T.);
#11993=ADVANCED_FACE('',(#8899),#76,.T.);
#11994=ADVANCED_FACE('',(#8900),#9398,.T.);
#11995=ADVANCED_FACE('',(#8901),#9399,.T.);
#11996=ADVANCED_FACE('',(#8902),#9400,.T.);
#11997=ADVANCED_FACE('',(#8903),#9401,.T.);
#11998=ADVANCED_FACE('',(#8904),#9402,.F.);
#11999=ADVANCED_FACE('',(#8905),#9403,.T.);
#12000=ADVANCED_FACE('',(#8906),#9404,.T.);
#12001=ADVANCED_FACE('',(#8907),#9405,.F.);
#12002=ADVANCED_FACE('',(#8908),#47,.T.);
#12003=ADVANCED_FACE('',(#8909),#9406,.F.);
#12004=ADVANCED_FACE('',(#8910),#9407,.T.);
#12005=ADVANCED_FACE('',(#8911),#435,.T.);
#12006=ADVANCED_FACE('',(#8912),#9408,.F.);
#12007=ADVANCED_FACE('',(#8913),#9409,.F.);
#12008=ADVANCED_FACE('',(#8914),#9410,.F.);
#12009=ADVANCED_FACE('',(#8915),#48,.T.);
#12010=ADVANCED_FACE('',(#8916),#9411,.T.);
#12011=ADVANCED_FACE('',(#8917),#9412,.T.);
#12012=ADVANCED_FACE('',(#8918),#9413,.F.);
#12013=ADVANCED_FACE('',(#8919),#9414,.T.);
#12014=ADVANCED_FACE('',(#8920),#9415,.T.);
#12015=ADVANCED_FACE('',(#8921),#9416,.F.);
#12016=ADVANCED_FACE('',(#8922),#9417,.T.);
#12017=ADVANCED_FACE('',(#8923),#9418,.T.);
#12018=ADVANCED_FACE('',(#8924),#9419,.T.);
#12019=ADVANCED_FACE('',(#8925),#9420,.F.);
#12020=ADVANCED_FACE('',(#8926),#49,.T.);
#12021=ADVANCED_FACE('',(#8927),#9421,.F.);
#12022=ADVANCED_FACE('',(#8928),#9422,.T.);
#12023=ADVANCED_FACE('',(#8929),#9423,.F.);
#12024=ADVANCED_FACE('',(#8930),#9424,.T.);
#12025=ADVANCED_FACE('',(#8931),#9425,.F.);
#12026=ADVANCED_FACE('',(#8932),#9426,.T.);
#12027=ADVANCED_FACE('',(#8933),#9427,.F.);
#12028=ADVANCED_FACE('',(#8934),#9428,.T.);
#12029=ADVANCED_FACE('',(#8935),#9429,.T.);
#12030=ADVANCED_FACE('',(#8936),#9430,.T.);
#12031=ADVANCED_FACE('',(#8937),#9431,.F.);
#12032=ADVANCED_FACE('',(#8938),#9432,.T.);
#12033=ADVANCED_FACE('',(#8939),#9433,.T.);
#12034=ADVANCED_FACE('',(#8940),#436,.T.);
#12035=ADVANCED_FACE('',(#8941),#9434,.F.);
#12036=ADVANCED_FACE('',(#8942),#9435,.T.);
#12037=ADVANCED_FACE('',(#8943),#9436,.F.);
#12038=ADVANCED_FACE('',(#8944),#9437,.T.);
#12039=ADVANCED_FACE('',(#8945),#9438,.T.);
#12040=ADVANCED_FACE('',(#8946),#9439,.T.);
#12041=ADVANCED_FACE('',(#8947),#9440,.T.);
#12042=ADVANCED_FACE('',(#8948),#9441,.T.);
#12043=ADVANCED_FACE('',(#8949),#9442,.T.);
#12044=ADVANCED_FACE('',(#8950),#9443,.T.);
#12045=ADVANCED_FACE('',(#8951),#9444,.T.);
#12046=ADVANCED_FACE('',(#8952),#9445,.T.);
#12047=ADVANCED_FACE('',(#8953),#437,.T.);
#12048=ADVANCED_FACE('',(#8954),#77,.T.);
#12049=ADVANCED_FACE('',(#8955),#9446,.T.);
#12050=ADVANCED_FACE('',(#8956),#9447,.T.);
#12051=ADVANCED_FACE('',(#8957),#9448,.T.);
#12052=ADVANCED_FACE('',(#8958),#438,.T.);
#12053=ADVANCED_FACE('',(#8959),#9449,.T.);
#12054=ADVANCED_FACE('',(#8960),#439,.T.);
#12055=ADVANCED_FACE('',(#8961),#440,.T.);
#12056=ADVANCED_FACE('',(#8962),#441,.T.);
#12057=ADVANCED_FACE('',(#8963),#9450,.F.);
#12058=ADVANCED_FACE('',(#8964),#9451,.F.);
#12059=ADVANCED_FACE('',(#8965),#9452,.T.);
#12060=ADVANCED_FACE('',(#8966),#442,.T.);
#12061=ADVANCED_FACE('',(#8967),#9453,.F.);
#12062=ADVANCED_FACE('',(#8968),#9454,.T.);
#12063=ADVANCED_FACE('',(#8969),#9455,.F.);
#12064=ADVANCED_FACE('',(#8970),#50,.F.);
#12065=ADVANCED_FACE('',(#8971),#9456,.F.);
#12066=ADVANCED_FACE('',(#8972),#9457,.F.);
#12067=ADVANCED_FACE('',(#8973),#51,.T.);
#12068=ADVANCED_FACE('',(#8974),#9458,.F.);
#12069=ADVANCED_FACE('',(#8975),#9459,.F.);
#12070=ADVANCED_FACE('',(#8976),#9460,.T.);
#12071=ADVANCED_FACE('',(#8977),#78,.T.);
#12072=ADVANCED_FACE('',(#8978),#9461,.F.);
#12073=ADVANCED_FACE('',(#8979),#9462,.T.);
#12074=ADVANCED_FACE('',(#8980),#9463,.T.);
#12075=ADVANCED_FACE('',(#8981),#9464,.T.);
#12076=ADVANCED_FACE('',(#8982),#443,.T.);
#12077=ADVANCED_FACE('',(#8983),#52,.T.);
#12078=ADVANCED_FACE('',(#8984),#9465,.T.);
#12079=ADVANCED_FACE('',(#8985),#9466,.F.);
#12080=ADVANCED_FACE('',(#8986),#444,.T.);
#12081=ADVANCED_FACE('',(#8987),#445,.T.);
#12082=ADVANCED_FACE('',(#8988),#9467,.T.);
#12083=ADVANCED_FACE('',(#8989),#9468,.F.);
#12084=ADVANCED_FACE('',(#8990),#9469,.T.);
#12085=ADVANCED_FACE('',(#8991),#9470,.T.);
#12086=ADVANCED_FACE('',(#8992),#9471,.F.);
#12087=ADVANCED_FACE('',(#8993),#9472,.F.);
#12088=ADVANCED_FACE('',(#8994),#9473,.F.);
#12089=ADVANCED_FACE('',(#8995),#9474,.F.);
#12090=ADVANCED_FACE('',(#8996),#9475,.F.);
#12091=ADVANCED_FACE('',(#8997),#53,.T.);
#12092=ADVANCED_FACE('',(#8998),#446,.T.);
#12093=ADVANCED_FACE('',(#8999),#9476,.F.);
#12094=ADVANCED_FACE('',(#9000),#447,.T.);
#12095=ADVANCED_FACE('',(#9001),#54,.F.);
#12096=ADVANCED_FACE('',(#9002),#9477,.T.);
#12097=ADVANCED_FACE('',(#9003),#448,.T.);
#12098=ADVANCED_FACE('',(#9004),#9478,.T.);
#12099=ADVANCED_FACE('',(#9005),#9479,.T.);
#12100=ADVANCED_FACE('',(#9006),#9480,.F.);
#12101=ADVANCED_FACE('',(#9007),#55,.F.);
#12102=ADVANCED_FACE('',(#9008),#9481,.F.);
#12103=ADVANCED_FACE('',(#9009),#9482,.T.);
#12104=ADVANCED_FACE('',(#9010),#449,.T.);
#12105=ADVANCED_FACE('',(#9011),#450,.T.);
#12106=ADVANCED_FACE('',(#9012),#9483,.T.);
#12107=ADVANCED_FACE('',(#9013),#9484,.T.);
#12108=ADVANCED_FACE('',(#9014),#9485,.T.);
#12109=ADVANCED_FACE('',(#9015),#9486,.F.);
#12110=ADVANCED_FACE('',(#9016),#79,.T.);
#12111=ADVANCED_FACE('',(#9017),#9487,.T.);
#12112=ADVANCED_FACE('',(#9018),#56,.T.);
#12113=ADVANCED_FACE('',(#9019),#9488,.T.);
#12114=ADVANCED_FACE('',(#9020),#9489,.F.);
#12115=ADVANCED_FACE('',(#9021),#9490,.F.);
#12116=ADVANCED_FACE('',(#9022),#9491,.T.);
#12117=ADVANCED_FACE('',(#9023),#9492,.F.);
#12118=ADVANCED_FACE('',(#9024),#9493,.T.);
#12119=ADVANCED_FACE('',(#9025),#9494,.T.);
#12120=ADVANCED_FACE('',(#9026),#9495,.T.);
#12121=ADVANCED_FACE('',(#9027),#451,.T.);
#12122=ADVANCED_FACE('',(#9028),#9496,.F.);
#12123=ADVANCED_FACE('',(#9029),#9497,.T.);
#12124=ADVANCED_FACE('',(#9030),#9498,.T.);
#12125=ADVANCED_FACE('',(#9031),#9499,.F.);
#12126=ADVANCED_FACE('',(#9032),#9500,.F.);
#12127=ADVANCED_FACE('',(#9033),#9501,.F.);
#12128=ADVANCED_FACE('',(#9034),#57,.T.);
#12129=ADVANCED_FACE('',(#9035),#9502,.F.);
#12130=ADVANCED_FACE('',(#9036),#58,.F.);
#12131=ADVANCED_FACE('',(#9037),#9503,.F.);
#12132=ADVANCED_FACE('',(#9038),#9504,.T.);
#12133=ADVANCED_FACE('',(#9039),#9505,.T.);
#12134=ADVANCED_FACE('',(#9040),#9506,.T.);
#12135=ADVANCED_FACE('',(#9041),#9507,.T.);
#12136=ADVANCED_FACE('',(#9042),#9508,.T.);
#12137=ADVANCED_FACE('',(#9043),#9509,.T.);
#12138=ADVANCED_FACE('',(#9044),#9510,.F.);
#12139=ADVANCED_FACE('',(#9045),#9511,.T.);
#12140=ADVANCED_FACE('',(#9046),#9512,.F.);
#12141=ADVANCED_FACE('',(#9047),#9513,.T.);
#12142=ADVANCED_FACE('',(#9048),#9514,.F.);
#12143=ADVANCED_FACE('',(#9049),#9515,.T.);
#12144=ADVANCED_FACE('',(#9050),#9516,.T.);
#12145=ADVANCED_FACE('',(#9051,#9052),#9517,.T.);
#12146=ADVANCED_FACE('',(#9053),#9518,.T.);
#12147=ADVANCED_FACE('',(#9054),#9519,.F.);
#12148=ADVANCED_FACE('',(#9055),#9520,.F.);
#12149=ADVANCED_FACE('',(#9056),#9521,.F.);
#12150=ADVANCED_FACE('',(#9057),#9522,.T.);
#12151=ADVANCED_FACE('',(#9058),#59,.T.);
#12152=ADVANCED_FACE('',(#9059),#9523,.F.);
#12153=ADVANCED_FACE('',(#9060),#9524,.T.);
#12154=ADVANCED_FACE('',(#9061),#9525,.T.);
#12155=ADVANCED_FACE('',(#9062),#9526,.T.);
#12156=ADVANCED_FACE('',(#9063),#452,.T.);
#12157=ADVANCED_FACE('',(#9064),#80,.T.);
#12158=ADVANCED_FACE('',(#9065),#9527,.T.);
#12159=ADVANCED_FACE('',(#9066),#81,.T.);
#12160=ADVANCED_FACE('',(#9067),#9528,.F.);
#12161=ADVANCED_FACE('',(#9068),#60,.F.);
#12162=ADVANCED_FACE('',(#9069),#9529,.F.);
#12163=ADVANCED_FACE('',(#9070),#9530,.T.);
#12164=ADVANCED_FACE('',(#9071),#9531,.T.);
#12165=ADVANCED_FACE('',(#9072),#453,.T.);
#12166=ADVANCED_FACE('',(#9073),#9532,.T.);
#12167=ADVANCED_FACE('',(#9074),#9533,.T.);
#12168=ADVANCED_FACE('',(#9075),#61,.T.);
#12169=ADVANCED_FACE('',(#9076),#9534,.F.);
#12170=ADVANCED_FACE('',(#9077),#454,.F.);
#12171=ADVANCED_FACE('',(#9078),#455,.T.);
#12172=ADVANCED_FACE('',(#9079),#82,.F.);
#12173=ADVANCED_FACE('',(#9080),#456,.T.);
#12174=ADVANCED_FACE('',(#9081),#457,.F.);
#12175=ADVANCED_FACE('',(#9082),#458,.F.);
#12176=ADVANCED_FACE('',(#9083),#9535,.T.);
#12177=ADVANCED_FACE('',(#9084),#9536,.F.);
#12178=ADVANCED_FACE('',(#9085),#459,.T.);
#12179=ADVANCED_FACE('',(#9086),#460,.F.);
#12180=ADVANCED_FACE('',(#9087),#461,.F.);
#12181=ADVANCED_FACE('',(#9088),#462,.T.);
#12182=ADVANCED_FACE('',(#9089),#463,.F.);
#12183=ADVANCED_FACE('',(#9090),#9537,.T.);
#12184=ADVANCED_FACE('',(#9091),#83,.F.);
#12185=ADVANCED_FACE('',(#9092),#464,.T.);
#12186=ADVANCED_FACE('',(#9093),#9538,.T.);
#12187=ADVANCED_FACE('',(#9094),#465,.F.);
#12188=ADVANCED_FACE('',(#9095),#9539,.T.);
#12189=ADVANCED_FACE('',(#9096),#466,.F.);
#12190=ADVANCED_FACE('',(#9097),#9540,.F.);
#12191=ADVANCED_FACE('',(#9098),#467,.F.);
#12192=ADVANCED_FACE('',(#9099),#468,.T.);
#12193=ADVANCED_FACE('',(#9100),#469,.T.);
#12194=ADVANCED_FACE('',(#9101),#9541,.T.);
#12195=ADVANCED_FACE('',(#9102),#470,.F.);
#12196=ADVANCED_FACE('',(#9103),#471,.F.);
#12197=ADVANCED_FACE('',(#9104),#9542,.T.);
#12198=ADVANCED_FACE('',(#9105),#472,.F.);
#12199=ADVANCED_FACE('',(#9106),#473,.T.);
#12200=ADVANCED_FACE('',(#9107),#9543,.F.);
#12201=ADVANCED_FACE('',(#9108),#9544,.F.);
#12202=ADVANCED_FACE('',(#9109),#474,.T.);
#12203=ADVANCED_FACE('',(#9110),#475,.T.);
#12204=ADVANCED_FACE('',(#9111),#9545,.T.);
#12205=ADVANCED_FACE('',(#9112),#9546,.T.);
#12206=ADVANCED_FACE('',(#9113),#9547,.F.);
#12207=ADVANCED_FACE('',(#9114),#476,.T.);
#12208=ADVANCED_FACE('',(#9115),#477,.F.);
#12209=ADVANCED_FACE('',(#9116),#478,.T.);
#12210=ADVANCED_FACE('',(#9117),#9548,.F.);
#12211=ADVANCED_FACE('',(#9118),#479,.F.);
#12212=ADVANCED_FACE('',(#9119),#9549,.F.);
#12213=ADVANCED_FACE('',(#9120),#480,.F.);
#12214=ADVANCED_FACE('',(#9121),#481,.F.);
#12215=ADVANCED_FACE('',(#9122),#9550,.F.);
#12216=ADVANCED_FACE('',(#9123),#482,.F.);
#12217=ADVANCED_FACE('',(#9124),#483,.T.);
#12218=ADVANCED_FACE('',(#9125),#484,.T.);
#12219=ADVANCED_FACE('',(#9126),#9551,.F.);
#12220=ADVANCED_FACE('',(#9127),#9552,.F.);
#12221=ADVANCED_FACE('',(#9128),#9553,.T.);
#12222=ADVANCED_FACE('',(#9129),#485,.T.);
#12223=ADVANCED_FACE('',(#9130),#9554,.F.);
#12224=ADVANCED_FACE('',(#9131),#9555,.T.);
#12225=ADVANCED_FACE('',(#9132),#9556,.T.);
#12226=ADVANCED_FACE('',(#9133),#9557,.T.);
#12227=ADVANCED_FACE('',(#9134),#486,.F.);
#12228=ADVANCED_FACE('',(#9135),#487,.F.);
#12229=ADVANCED_FACE('',(#9136),#488,.T.);
#12230=ADVANCED_FACE('',(#9137),#489,.T.);
#12231=ADVANCED_FACE('',(#9138),#490,.T.);
#12232=ADVANCED_FACE('',(#9139),#9558,.T.);
#12233=ADVANCED_FACE('',(#9140),#9559,.F.);
#12234=ADVANCED_FACE('',(#9141),#9560,.F.);
#12235=ADVANCED_FACE('',(#9142),#491,.T.);
#12236=ADVANCED_FACE('',(#9143),#492,.T.);
#12237=ADVANCED_FACE('',(#9144),#493,.T.);
#12238=ADVANCED_FACE('',(#9145),#494,.F.);
#12239=ADVANCED_FACE('',(#9146),#9561,.T.);
#12240=ADVANCED_FACE('',(#9147),#495,.F.);
#12241=ADVANCED_FACE('',(#9148),#9562,.F.);
#12242=ADVANCED_FACE('',(#9149),#9563,.T.);
#12243=ADVANCED_FACE('',(#9150),#9564,.T.);
#12244=ADVANCED_FACE('',(#9151),#496,.T.);
#12245=ADVANCED_FACE('',(#9152),#497,.T.);
#12246=ADVANCED_FACE('',(#9153),#498,.T.);
#12247=ADVANCED_FACE('',(#9154),#9565,.F.);
#12248=ADVANCED_FACE('',(#9155),#84,.F.);
#12249=ADVANCED_FACE('',(#9156),#499,.F.);
#12250=ADVANCED_FACE('',(#9157),#9566,.F.);
#12251=ADVANCED_FACE('',(#9158),#9567,.F.);
#12252=ADVANCED_FACE('',(#9159),#500,.F.);
#12253=ADVANCED_FACE('',(#9160),#9568,.F.);
#12254=ADVANCED_FACE('',(#9161),#501,.T.);
#12255=ADVANCED_FACE('',(#9162),#502,.T.);
#12256=ADVANCED_FACE('',(#9163),#9569,.T.);
#12257=ADVANCED_FACE('',(#9164),#9570,.T.);
#12258=ADVANCED_FACE('',(#9165),#503,.T.);
#12259=ADVANCED_FACE('',(#9166),#504,.T.);
#12260=ADVANCED_FACE('',(#9167),#505,.T.);
#12261=ADVANCED_FACE('',(#9168),#9571,.F.);
#12262=ADVANCED_FACE('',(#9169),#9572,.F.);
#12263=ADVANCED_FACE('',(#9170,#9171,#9172),#9573,.T.);
#12264=ADVANCED_FACE('',(#9173),#9574,.T.);
#12265=ADVANCED_FACE('',(#9174),#506,.T.);
#12266=ADVANCED_FACE('',(#9175),#9575,.F.);
#12267=ADVANCED_FACE('',(#9176),#9576,.F.);
#12268=ADVANCED_FACE('',(#9177),#9577,.T.);
#12269=ADVANCED_FACE('',(#9178),#9578,.T.);
#12270=ADVANCED_FACE('',(#9179),#507,.F.);
#12271=ADVANCED_FACE('',(#9180),#9579,.T.);
#12272=ADVANCED_FACE('',(#9181),#9580,.T.);
#12273=ADVANCED_FACE('',(#9182),#508,.T.);
#12274=ADVANCED_FACE('',(#9183),#9581,.T.);
#12275=ADVANCED_FACE('',(#9184),#9582,.T.);
#12276=ADVANCED_FACE('',(#9185),#509,.F.);
#12277=ADVANCED_FACE('',(#9186),#9583,.F.);
#12278=ADVANCED_FACE('',(#9187),#510,.F.);
#12279=ADVANCED_FACE('',(#9188),#511,.T.);
#12280=ADVANCED_FACE('',(#9189),#9584,.T.);
#12281=ADVANCED_FACE('',(#9190),#9585,.F.);
#12282=ADVANCED_FACE('',(#9191),#9586,.F.);
#12283=ADVANCED_FACE('',(#9192),#512,.F.);
#12284=ADVANCED_FACE('',(#9193),#9587,.F.);
#12285=ADVANCED_FACE('',(#9194),#9588,.T.);
#12286=ADVANCED_FACE('',(#9195),#9589,.T.);
#12287=ADVANCED_FACE('',(#9196),#513,.F.);
#12288=ADVANCED_FACE('',(#9197),#514,.F.);
#12289=ADVANCED_FACE('',(#9198),#9590,.T.);
#12290=ADVANCED_FACE('',(#9199),#9591,.T.);
#12291=ADVANCED_FACE('',(#9200),#9592,.F.);
#12292=ADVANCED_FACE('',(#9201),#9593,.T.);
#12293=ADVANCED_FACE('',(#9202),#515,.T.);
#12294=ADVANCED_FACE('',(#9203),#9594,.F.);
#12295=ADVANCED_FACE('',(#9204),#516,.T.);
#12296=ADVANCED_FACE('',(#9205),#517,.F.);
#12297=ADVANCED_FACE('',(#9206),#518,.F.);
#12298=ADVANCED_FACE('',(#9207),#519,.F.);
#12299=ADVANCED_FACE('',(#9208),#9595,.T.);
#12300=ADVANCED_FACE('',(#9209),#9596,.F.);
#12301=ADVANCED_FACE('',(#9210),#520,.T.);
#12302=ADVANCED_FACE('',(#9211),#521,.F.);
#12303=ADVANCED_FACE('',(#9212),#9597,.T.);
#12304=ADVANCED_FACE('',(#9213),#9598,.F.);
#12305=ADVANCED_FACE('',(#9214),#522,.F.);
#12306=ADVANCED_FACE('',(#9215),#85,.F.);
#12307=ADVANCED_FACE('',(#9216),#523,.F.);
#12308=ADVANCED_FACE('',(#9217),#9599,.T.);
#12309=ADVANCED_FACE('',(#9218),#9600,.T.);
#12310=ADVANCED_FACE('',(#9219),#9601,.F.);
#12311=ADVANCED_FACE('',(#9220),#9602,.F.);
#12312=ADVANCED_FACE('',(#9221),#9603,.F.);
#12313=ADVANCED_FACE('',(#9222),#9604,.T.);
#12314=ADVANCED_FACE('',(#9223),#9605,.T.);
#12315=ADVANCED_FACE('',(#9224),#9606,.F.);
#12316=ADVANCED_FACE('',(#9225),#524,.T.);
#12317=ADVANCED_FACE('',(#9226),#525,.T.);
#12318=ADVANCED_FACE('',(#9227),#86,.F.);
#12319=ADVANCED_FACE('',(#9228),#9607,.T.);
#12320=ADVANCED_FACE('',(#9229),#9608,.F.);
#12321=ADVANCED_FACE('',(#9230),#526,.F.);
#12322=ADVANCED_FACE('',(#9231),#9609,.F.);
#12323=ADVANCED_FACE('',(#9232),#9610,.T.);
#12324=ADVANCED_FACE('',(#9233),#9611,.T.);
#12325=ADVANCED_FACE('',(#9234),#9612,.T.);
#12326=ADVANCED_FACE('',(#9235),#9613,.F.);
#12327=ADVANCED_FACE('',(#9236),#527,.F.);
#12328=ADVANCED_FACE('',(#9237),#9614,.T.);
#12329=ADVANCED_FACE('',(#9238),#9615,.T.);
#12330=ADVANCED_FACE('',(#9239),#528,.T.);
#12331=ADVANCED_FACE('',(#9240),#87,.F.);
#12332=ADVANCED_FACE('',(#9241),#529,.F.);
#12333=ADVANCED_FACE('',(#9242),#530,.T.);
#12334=ADVANCED_FACE('',(#9243),#9616,.F.);
#12335=ADVANCED_FACE('',(#9244),#9617,.T.);
#12336=ADVANCED_FACE('',(#9245),#9618,.T.);
#12337=ADVANCED_FACE('',(#9246),#9619,.T.);
#12338=ADVANCED_FACE('',(#9247),#9620,.T.);
#12339=ADVANCED_FACE('',(#9248),#531,.F.);
#12340=ADVANCED_FACE('',(#9249),#532,.T.);
#12341=ADVANCED_FACE('',(#9250),#9621,.T.);
#12342=ADVANCED_FACE('',(#9251),#533,.T.);
#12343=ADVANCED_FACE('',(#9252),#9622,.T.);
#12344=ADVANCED_FACE('',(#9253),#534,.T.);
#12345=ADVANCED_FACE('',(#9254),#9623,.F.);
#12346=ADVANCED_FACE('',(#9255),#535,.F.);
#12347=ADVANCED_FACE('',(#9256),#536,.T.);
#12348=ADVANCED_FACE('',(#9257),#9624,.F.);
#12349=ADVANCED_FACE('',(#9258),#537,.T.);
#12350=ADVANCED_FACE('',(#9259),#9625,.F.);
#12351=ADVANCED_FACE('',(#9260),#538,.F.);
#12352=ADVANCED_FACE('',(#9261),#9626,.T.);
#12353=ADVANCED_FACE('',(#9262),#539,.F.);
#12354=ADVANCED_FACE('',(#9263),#9627,.T.);
#12355=ADVANCED_FACE('',(#9264),#9628,.F.);
#12356=ADVANCED_FACE('',(#9265),#9629,.F.);
#12357=ADVANCED_FACE('',(#9266),#540,.F.);
#12358=ADVANCED_FACE('',(#9267),#9630,.F.);
#12359=ADVANCED_FACE('',(#9268),#9631,.T.);
#12360=ADVANCED_FACE('',(#9269),#9632,.T.);
#12361=ADVANCED_FACE('',(#9270),#541,.F.);
#12362=ADVANCED_FACE('',(#9271),#542,.F.);
#12363=ADVANCED_FACE('',(#9272),#9633,.T.);
#12364=ADVANCED_FACE('',(#9273,#9274,#9275),#9634,.T.);
#12365=ADVANCED_FACE('',(#9276),#9635,.T.);
#12366=ADVANCED_FACE('',(#9277),#9636,.F.);
#12367=ADVANCED_FACE('',(#9278),#543,.T.);
#12368=ADVANCED_FACE('',(#9279),#544,.T.);
#12369=ADVANCED_FACE('',(#9280),#9637,.F.);
#12370=ADVANCED_FACE('',(#9281),#9638,.T.);
#12371=ADVANCED_FACE('',(#9282),#9639,.T.);
#12372=ADVANCED_FACE('',(#9283),#545,.F.);
#12373=ADVANCED_FACE('',(#9284),#9640,.T.);
#12374=ADVANCED_FACE('',(#9285),#9641,.T.);
#12375=ADVANCED_FACE('',(#9286),#9642,.F.);
#12376=ADVANCED_FACE('',(#9287),#546,.F.);
#12377=ADVANCED_FACE('',(#9288),#9643,.F.);
#12378=ADVANCED_FACE('',(#9289),#547,.F.);
#12379=ADVANCED_FACE('',(#9290),#548,.F.);
#12380=ADVANCED_FACE('',(#9291),#549,.F.);
#12381=ADVANCED_FACE('',(#9292),#9644,.F.);
#12382=ADVANCED_FACE('',(#9293),#9645,.F.);
#12383=ADVANCED_FACE('',(#9294),#9646,.T.);
#12384=ADVANCED_FACE('',(#9295),#9647,.T.);
#12385=CLOSED_SHELL('',(#11855,#11856,#11857,#11858,#11859,#11860,#11861,
#11862,#11863,#11864,#11865,#11866,#11867,#11868,#11869,#11870,#11871,#11872,
#11873,#11874,#11875,#11876,#11877,#11878,#11879,#11880,#11881,#11882,#11883,
#11884,#11885,#11886,#11887,#11888,#11889,#11890,#11891,#11892,#11893,#11894,
#11895,#11896,#11897,#11898,#11899,#11900,#11901,#11902,#11903,#11904,#11905,
#11906,#11907,#11908,#11909,#11910,#11911,#11912,#11913,#11914,#11915,#11916,
#11917,#11918,#11919,#11920,#11921,#11922,#11923,#11924,#11925,#11926,#11927,
#11928,#11929,#11930,#11931,#11932,#11933,#11934,#11935,#11936,#11937,#11938,
#11939,#11940,#11941,#11942,#11943,#11944,#11945,#11946,#11947,#11948,#11949,
#11950,#11951,#11952,#11953,#11954,#11955,#11956,#11957,#11958,#11959,#11960,
#11961,#11962,#11963,#11964,#11965,#11966,#11967,#11968,#11969,#11970,#11971,
#11972,#11973,#11974,#11975,#11976,#11977,#11978,#11979,#11980,#11981,#11982,
#11983,#11984,#11985,#11986,#11987,#11988,#11989,#11990,#11991,#11992,#11993,
#11994,#11995,#11996,#11997,#11998,#11999,#12000,#12001,#12002,#12003,#12004,
#12005,#12006,#12007,#12008,#12009,#12010,#12011,#12012,#12013,#12014,#12015,
#12016,#12017,#12018,#12019,#12020,#12021,#12022,#12023,#12024,#12025,#12026,
#12027,#12028,#12029,#12030,#12031,#12032,#12033,#12034,#12035,#12036,#12037,
#12038,#12039,#12040,#12041,#12042,#12043,#12044,#12045,#12046,#12047,#12048,
#12049,#12050,#12051,#12052,#12053,#12054,#12055,#12056,#12057,#12058,#12059,
#12060,#12061,#12062,#12063,#12064,#12065,#12066,#12067,#12068,#12069,#12070,
#12071,#12072,#12073,#12074,#12075,#12076,#12077,#12078,#12079,#12080,#12081,
#12082,#12083,#12084,#12085,#12086,#12087,#12088,#12089,#12090,#12091,#12092,
#12093,#12094,#12095,#12096,#12097,#12098,#12099,#12100,#12101,#12102,#12103,
#12104,#12105,#12106,#12107,#12108,#12109,#12110,#12111,#12112,#12113,#12114,
#12115,#12116,#12117,#12118,#12119,#12120,#12121,#12122,#12123,#12124,#12125,
#12126,#12127,#12128,#12129,#12130,#12131,#12132,#12133,#12134,#12135,#12136,
#12137,#12138,#12139,#12140,#12141,#12142,#12143,#12144,#12145,#12146,#12147,
#12148,#12149,#12150,#12151,#12152,#12153,#12154,#12155,#12156,#12157,#12158,
#12159,#12160,#12161,#12162,#12163,#12164,#12165,#12166,#12167,#12168));
#12386=CLOSED_SHELL('',(#12169,#12170,#12171,#12172,#12173,#12174,#12175,
#12176,#12177,#12178,#12179,#12180,#12181,#12182,#12183,#12184,#12185,#12186,
#12187,#12188,#12189,#12190,#12191,#12192,#12193,#12194,#12195,#12196,#12197,
#12198,#12199,#12200,#12201,#12202,#12203,#12204,#12205,#12206,#12207,#12208,
#12209,#12210,#12211,#12212,#12213,#12214,#12215,#12216,#12217,#12218,#12219,
#12220,#12221,#12222,#12223,#12224,#12225,#12226,#12227,#12228,#12229,#12230,
#12231,#12232,#12233,#12234,#12235,#12236,#12237,#12238,#12239,#12240,#12241,
#12242,#12243,#12244,#12245,#12246,#12247,#12248,#12249,#12250,#12251,#12252,
#12253,#12254,#12255,#12256,#12257,#12258,#12259,#12260,#12261,#12262,#12263,
#12264,#12265,#12266,#12267,#12268,#12269,#12270,#12271,#12272,#12273,#12274,
#12275,#12276,#12277,#12278,#12279,#12280,#12281,#12282,#12283,#12284,#12285,
#12286,#12287,#12288,#12289,#12290,#12291,#12292,#12293,#12294,#12295,#12296,
#12297,#12298,#12299,#12300,#12301,#12302,#12303,#12304,#12305,#12306,#12307,
#12308,#12309,#12310,#12311,#12312,#12313,#12314,#12315,#12316,#12317,#12318,
#12319,#12320,#12321,#12322,#12323,#12324,#12325,#12326,#12327,#12328,#12329,
#12330,#12331,#12332,#12333,#12334,#12335,#12336,#12337,#12338,#12339,#12340,
#12341,#12342,#12343,#12344,#12345,#12346,#12347,#12348,#12349,#12350,#12351,
#12352,#12353,#12354,#12355,#12356,#12357,#12358,#12359,#12360,#12361,#12362,
#12363,#12364,#12365,#12366,#12367,#12368,#12369,#12370,#12371,#12372,#12373,
#12374,#12375,#12376,#12377,#12378,#12379,#12380,#12381,#12382,#12383,#12384));
#12387=MANIFOLD_SOLID_BREP('\X\C3\X2\019200E220AC009D00C3201A00C200B200C3201A00C200BD00C3019200E220AC00A1\X0\1',
#12385);
#12388=MANIFOLD_SOLID_BREP('Imported1',#12386);
#12389=SHAPE_DEFINITION_REPRESENTATION(#19797,#12392);
#12390=SHAPE_DEFINITION_REPRESENTATION(#19798,#12393);
#12391=SHAPE_DEFINITION_REPRESENTATION(#19800,#12394);
#12392=SHAPE_REPRESENTATION('USB3076-30-A',(#12395,#12763,#13179),#19788);
#12393=SHAPE_REPRESENTATION('USB3076-30-A_PART1',(#12395),#19789);
#12394=SHAPE_REPRESENTATION('USB3076-30-A_PART2',(#12395),#19790);
#12395=AXIS2_PLACEMENT_3D('',#15885,#13180,#13181);
#12396=AXIS2_PLACEMENT_3D('',#15886,#13182,#13183);
#12397=AXIS2_PLACEMENT_3D('',#15895,#13188,#13189);
#12398=AXIS2_PLACEMENT_3D('',#15904,#13194,#13195);
#12399=AXIS2_PLACEMENT_3D('',#15913,#13200,#13201);
#12400=AXIS2_PLACEMENT_3D('',#15914,#13202,#13203);
#12401=AXIS2_PLACEMENT_3D('',#15919,#13205,#13206);
#12402=AXIS2_PLACEMENT_3D('',#15922,#13208,#13209);
#12403=AXIS2_PLACEMENT_3D('',#15948,#13214,#13215);
#12404=AXIS2_PLACEMENT_3D('',#15957,#13220,#13221);
#12405=AXIS2_PLACEMENT_3D('',#15961,#13223,#13224);
#12406=AXIS2_PLACEMENT_3D('',#15965,#13226,#13227);
#12407=AXIS2_PLACEMENT_3D('',#15966,#13228,#13229);
#12408=AXIS2_PLACEMENT_3D('',#15975,#13234,#13235);
#12409=AXIS2_PLACEMENT_3D('',#15984,#13240,#13241);
#12410=AXIS2_PLACEMENT_3D('',#15993,#13246,#13247);
#12411=AXIS2_PLACEMENT_3D('',#16002,#13252,#13253);
#12412=AXIS2_PLACEMENT_3D('',#16011,#13258,#13259);
#12413=AXIS2_PLACEMENT_3D('',#16020,#13264,#13265);
#12414=AXIS2_PLACEMENT_3D('',#16021,#13266,#13267);
#12415=AXIS2_PLACEMENT_3D('',#16026,#13269,#13270);
#12416=AXIS2_PLACEMENT_3D('',#16045,#13272,#13273);
#12417=AXIS2_PLACEMENT_3D('',#16048,#13274,#13275);
#12418=AXIS2_PLACEMENT_3D('',#16055,#13276,#13277);
#12419=AXIS2_PLACEMENT_3D('',#16056,#13278,#13279);
#12420=AXIS2_PLACEMENT_3D('',#16065,#13284,#13285);
#12421=AXIS2_PLACEMENT_3D('',#16071,#13289,#13290);
#12422=AXIS2_PLACEMENT_3D('',#16096,#13295,#13296);
#12423=AXIS2_PLACEMENT_3D('',#16099,#13297,#13298);
#12424=AXIS2_PLACEMENT_3D('',#16106,#13299,#13300);
#12425=AXIS2_PLACEMENT_3D('',#16107,#13301,#13302);
#12426=AXIS2_PLACEMENT_3D('',#16168,#13308,#13309);
#12427=AXIS2_PLACEMENT_3D('',#16177,#13314,#13315);
#12428=AXIS2_PLACEMENT_3D('',#16186,#13320,#13321);
#12429=AXIS2_PLACEMENT_3D('',#16195,#13326,#13327);
#12430=AXIS2_PLACEMENT_3D('',#16238,#13336,#13337);
#12431=AXIS2_PLACEMENT_3D('',#16244,#13341,#13342);
#12432=AXIS2_PLACEMENT_3D('',#16253,#13347,#13348);
#12433=AXIS2_PLACEMENT_3D('',#16257,#13350,#13351);
#12434=AXIS2_PLACEMENT_3D('',#16261,#13353,#13354);
#12435=AXIS2_PLACEMENT_3D('',#16262,#13355,#13356);
#12436=AXIS2_PLACEMENT_3D('',#16271,#13361,#13362);
#12437=AXIS2_PLACEMENT_3D('',#16277,#13366,#13367);
#12438=AXIS2_PLACEMENT_3D('',#16278,#13368,#13369);
#12439=AXIS2_PLACEMENT_3D('',#16283,#13371,#13372);
#12440=AXIS2_PLACEMENT_3D('',#16286,#13374,#13375);
#12441=AXIS2_PLACEMENT_3D('',#16295,#13380,#13381);
#12442=AXIS2_PLACEMENT_3D('',#16370,#13386,#13387);
#12443=AXIS2_PLACEMENT_3D('',#16371,#13388,#13389);
#12444=AXIS2_PLACEMENT_3D('',#16376,#13391,#13392);
#12445=AXIS2_PLACEMENT_3D('',#16409,#13396,#13397);
#12446=AXIS2_PLACEMENT_3D('',#16417,#13402,#13403);
#12447=AXIS2_PLACEMENT_3D('',#16423,#13407,#13408);
#12448=AXIS2_PLACEMENT_3D('',#16427,#13410,#13411);
#12449=AXIS2_PLACEMENT_3D('',#16431,#13413,#13414);
#12450=AXIS2_PLACEMENT_3D('',#16432,#13415,#13416);
#12451=AXIS2_PLACEMENT_3D('',#16441,#13421,#13422);
#12452=AXIS2_PLACEMENT_3D('',#16442,#13423,#13424);
#12453=AXIS2_PLACEMENT_3D('',#16447,#13426,#13427);
#12454=AXIS2_PLACEMENT_3D('',#16450,#13429,#13430);
#12455=AXIS2_PLACEMENT_3D('',#16459,#13435,#13436);
#12456=AXIS2_PLACEMENT_3D('',#16460,#13437,#13438);
#12457=AXIS2_PLACEMENT_3D('',#16465,#13440,#13441);
#12458=AXIS2_PLACEMENT_3D('',#16468,#13443,#13444);
#12459=AXIS2_PLACEMENT_3D('',#16477,#13449,#13450);
#12460=AXIS2_PLACEMENT_3D('',#16525,#13456,#13457);
#12461=AXIS2_PLACEMENT_3D('',#16526,#13458,#13459);
#12462=AXIS2_PLACEMENT_3D('',#16531,#13461,#13462);
#12463=AXIS2_PLACEMENT_3D('',#16534,#13464,#13465);
#12464=AXIS2_PLACEMENT_3D('',#16535,#13466,#13467);
#12465=AXIS2_PLACEMENT_3D('',#16540,#13469,#13470);
#12466=AXIS2_PLACEMENT_3D('',#16543,#13472,#13473);
#12467=AXIS2_PLACEMENT_3D('',#16544,#13474,#13475);
#12468=AXIS2_PLACEMENT_3D('',#16549,#13478,#13479);
#12469=AXIS2_PLACEMENT_3D('',#16558,#13484,#13485);
#12470=AXIS2_PLACEMENT_3D('',#16564,#13489,#13490);
#12471=AXIS2_PLACEMENT_3D('',#16573,#13495,#13496);
#12472=AXIS2_PLACEMENT_3D('',#16675,#13552,#13553);
#12473=AXIS2_PLACEMENT_3D('',#16681,#13557,#13558);
#12474=AXIS2_PLACEMENT_3D('',#16690,#13563,#13564);
#12475=AXIS2_PLACEMENT_3D('',#16696,#13568,#13569);
#12476=AXIS2_PLACEMENT_3D('',#16706,#13574,#13575);
#12477=AXIS2_PLACEMENT_3D('',#16707,#13576,#13577);
#12478=AXIS2_PLACEMENT_3D('',#16744,#13584,#13585);
#12479=AXIS2_PLACEMENT_3D('',#16745,#13586,#13587);
#12480=AXIS2_PLACEMENT_3D('',#16750,#13589,#13590);
#12481=AXIS2_PLACEMENT_3D('',#16753,#13592,#13593);
#12482=AXIS2_PLACEMENT_3D('',#16754,#13594,#13595);
#12483=AXIS2_PLACEMENT_3D('',#16755,#13596,#13597);
#12484=AXIS2_PLACEMENT_3D('',#16756,#13598,#13599);
#12485=AXIS2_PLACEMENT_3D('',#16779,#13603,#13604);
#12486=AXIS2_PLACEMENT_3D('',#16788,#13609,#13610);
#12487=AXIS2_PLACEMENT_3D('',#16865,#13620,#13621);
#12488=AXIS2_PLACEMENT_3D('',#16873,#13626,#13627);
#12489=AXIS2_PLACEMENT_3D('',#16876,#13629,#13630);
#12490=AXIS2_PLACEMENT_3D('',#16887,#13633,#13634);
#12491=AXIS2_PLACEMENT_3D('',#16912,#13639,#13640);
#12492=AXIS2_PLACEMENT_3D('',#16919,#13641,#13642);
#12493=AXIS2_PLACEMENT_3D('',#16999,#13645,#13646);
#12494=AXIS2_PLACEMENT_3D('',#17002,#13649,#13650);
#12495=AXIS2_PLACEMENT_3D('',#17011,#13655,#13656);
#12496=AXIS2_PLACEMENT_3D('',#17018,#13661,#13662);
#12497=AXIS2_PLACEMENT_3D('',#17027,#13667,#13668);
#12498=AXIS2_PLACEMENT_3D('',#17031,#13670,#13671);
#12499=AXIS2_PLACEMENT_3D('',#17046,#13676,#13677);
#12500=AXIS2_PLACEMENT_3D('',#17058,#13682,#13683);
#12501=AXIS2_PLACEMENT_3D('',#17070,#13690,#13691);
#12502=AXIS2_PLACEMENT_3D('',#17087,#13697,#13698);
#12503=AXIS2_PLACEMENT_3D('',#17096,#13703,#13704);
#12504=AXIS2_PLACEMENT_3D('',#17097,#13705,#13706);
#12505=AXIS2_PLACEMENT_3D('',#17102,#13709,#13710);
#12506=AXIS2_PLACEMENT_3D('',#17129,#13716,#13717);
#12507=AXIS2_PLACEMENT_3D('',#17135,#13721,#13722);
#12508=AXIS2_PLACEMENT_3D('',#17141,#13726,#13727);
#12509=AXIS2_PLACEMENT_3D('',#17145,#13730,#13731);
#12510=AXIS2_PLACEMENT_3D('',#17154,#13736,#13737);
#12511=AXIS2_PLACEMENT_3D('',#17160,#13741,#13742);
#12512=AXIS2_PLACEMENT_3D('',#17168,#13747,#13748);
#12513=AXIS2_PLACEMENT_3D('',#17169,#13749,#13750);
#12514=AXIS2_PLACEMENT_3D('',#17173,#13752,#13753);
#12515=AXIS2_PLACEMENT_3D('',#17174,#13754,#13755);
#12516=AXIS2_PLACEMENT_3D('',#17177,#13757,#13758);
#12517=AXIS2_PLACEMENT_3D('',#17178,#13759,#13760);
#12518=AXIS2_PLACEMENT_3D('',#17186,#13765,#13766);
#12519=AXIS2_PLACEMENT_3D('',#17195,#13771,#13772);
#12520=AXIS2_PLACEMENT_3D('',#17200,#13776,#13777);
#12521=AXIS2_PLACEMENT_3D('',#17203,#13779,#13780);
#12522=AXIS2_PLACEMENT_3D('',#17204,#13781,#13782);
#12523=AXIS2_PLACEMENT_3D('',#17205,#13783,#13784);
#12524=AXIS2_PLACEMENT_3D('',#17214,#13789,#13790);
#12525=AXIS2_PLACEMENT_3D('',#17223,#13795,#13796);
#12526=AXIS2_PLACEMENT_3D('',#17227,#13799,#13800);
#12527=AXIS2_PLACEMENT_3D('',#17230,#13803,#13804);
#12528=AXIS2_PLACEMENT_3D('',#17235,#13807,#13808);
#12529=AXIS2_PLACEMENT_3D('',#17242,#13812,#13813);
#12530=AXIS2_PLACEMENT_3D('',#17243,#13814,#13815);
#12531=AXIS2_PLACEMENT_3D('',#17244,#13816,#13817);
#12532=AXIS2_PLACEMENT_3D('',#17250,#13821,#13822);
#12533=AXIS2_PLACEMENT_3D('',#17262,#13829,#13830);
#12534=AXIS2_PLACEMENT_3D('',#17264,#13832,#13833);
#12535=AXIS2_PLACEMENT_3D('',#17265,#13834,#13835);
#12536=AXIS2_PLACEMENT_3D('',#17286,#13838,#13839);
#12537=AXIS2_PLACEMENT_3D('',#17289,#13842,#13843);
#12538=AXIS2_PLACEMENT_3D('',#17295,#13847,#13848);
#12539=AXIS2_PLACEMENT_3D('',#17317,#13852,#13853);
#12540=AXIS2_PLACEMENT_3D('',#17323,#13857,#13858);
#12541=AXIS2_PLACEMENT_3D('',#17326,#13861,#13862);
#12542=AXIS2_PLACEMENT_3D('',#17332,#13866,#13867);
#12543=AXIS2_PLACEMENT_3D('',#17338,#13871,#13872);
#12544=AXIS2_PLACEMENT_3D('',#17339,#13873,#13874);
#12545=AXIS2_PLACEMENT_3D('',#17342,#13877,#13878);
#12546=AXIS2_PLACEMENT_3D('',#17343,#13879,#13880);
#12547=AXIS2_PLACEMENT_3D('',#17347,#13882,#13883);
#12548=AXIS2_PLACEMENT_3D('',#17350,#13885,#13886);
#12549=AXIS2_PLACEMENT_3D('',#17358,#13891,#13892);
#12550=AXIS2_PLACEMENT_3D('',#17361,#13895,#13896);
#12551=AXIS2_PLACEMENT_3D('',#17364,#13899,#13900);
#12552=AXIS2_PLACEMENT_3D('',#17383,#13907,#13908);
#12553=AXIS2_PLACEMENT_3D('',#17386,#13911,#13912);
#12554=AXIS2_PLACEMENT_3D('',#17392,#13916,#13917);
#12555=AXIS2_PLACEMENT_3D('',#17394,#13919,#13920);
#12556=AXIS2_PLACEMENT_3D('',#17399,#13923,#13924);
#12557=AXIS2_PLACEMENT_3D('',#17433,#13945,#13946);
#12558=AXIS2_PLACEMENT_3D('',#17437,#13948,#13949);
#12559=AXIS2_PLACEMENT_3D('',#17441,#13951,#13952);
#12560=AXIS2_PLACEMENT_3D('',#17442,#13953,#13954);
#12561=AXIS2_PLACEMENT_3D('',#17446,#13956,#13957);
#12562=AXIS2_PLACEMENT_3D('',#17449,#13959,#13960);
#12563=AXIS2_PLACEMENT_3D('',#17455,#13964,#13965);
#12564=AXIS2_PLACEMENT_3D('',#17459,#13968,#13969);
#12565=AXIS2_PLACEMENT_3D('',#17462,#13972,#13973);
#12566=AXIS2_PLACEMENT_3D('',#17468,#13977,#13978);
#12567=AXIS2_PLACEMENT_3D('',#17471,#13980,#13981);
#12568=AXIS2_PLACEMENT_3D('',#17499,#13985,#13986);
#12569=AXIS2_PLACEMENT_3D('',#17500,#13987,#13988);
#12570=AXIS2_PLACEMENT_3D('',#17504,#13991,#13992);
#12571=AXIS2_PLACEMENT_3D('',#17506,#13994,#13995);
#12572=AXIS2_PLACEMENT_3D('',#17509,#13998,#13999);
#12573=AXIS2_PLACEMENT_3D('',#17511,#14001,#14002);
#12574=AXIS2_PLACEMENT_3D('',#17514,#14005,#14006);
#12575=AXIS2_PLACEMENT_3D('',#17551,#14010,#14011);
#12576=AXIS2_PLACEMENT_3D('',#17574,#14015,#14016);
#12577=AXIS2_PLACEMENT_3D('',#17590,#14020,#14021);
#12578=AXIS2_PLACEMENT_3D('',#17594,#14024,#14025);
#12579=AXIS2_PLACEMENT_3D('',#17601,#14030,#14031);
#12580=AXIS2_PLACEMENT_3D('',#17604,#14033,#14034);
#12581=AXIS2_PLACEMENT_3D('',#17606,#14036,#14037);
#12582=AXIS2_PLACEMENT_3D('',#17607,#14038,#14039);
#12583=AXIS2_PLACEMENT_3D('',#17612,#14041,#14042);
#12584=AXIS2_PLACEMENT_3D('',#17613,#14043,#14044);
#12585=AXIS2_PLACEMENT_3D('',#17616,#14046,#14047);
#12586=AXIS2_PLACEMENT_3D('',#17624,#14052,#14053);
#12587=AXIS2_PLACEMENT_3D('',#17629,#14057,#14058);
#12588=AXIS2_PLACEMENT_3D('',#17654,#14063,#14064);
#12589=AXIS2_PLACEMENT_3D('',#17657,#14067,#14068);
#12590=AXIS2_PLACEMENT_3D('',#17661,#14071,#14072);
#12591=AXIS2_PLACEMENT_3D('',#17664,#14075,#14076);
#12592=AXIS2_PLACEMENT_3D('',#17707,#14079,#14080);
#12593=AXIS2_PLACEMENT_3D('',#17708,#14081,#14082);
#12594=AXIS2_PLACEMENT_3D('',#17714,#14086,#14087);
#12595=AXIS2_PLACEMENT_3D('',#17717,#14089,#14090);
#12596=AXIS2_PLACEMENT_3D('',#17718,#14091,#14092);
#12597=AXIS2_PLACEMENT_3D('',#17719,#14093,#14094);
#12598=AXIS2_PLACEMENT_3D('',#17730,#14097,#14098);
#12599=AXIS2_PLACEMENT_3D('',#17734,#14101,#14102);
#12600=AXIS2_PLACEMENT_3D('',#17770,#14105,#14106);
#12601=AXIS2_PLACEMENT_3D('',#17772,#14108,#14109);
#12602=AXIS2_PLACEMENT_3D('',#17775,#14112,#14113);
#12603=AXIS2_PLACEMENT_3D('',#17781,#14117,#14118);
#12604=AXIS2_PLACEMENT_3D('',#17784,#14121,#14122);
#12605=AXIS2_PLACEMENT_3D('',#17786,#14124,#14125);
#12606=AXIS2_PLACEMENT_3D('',#17790,#14128,#14129);
#12607=AXIS2_PLACEMENT_3D('',#17795,#14133,#14134);
#12608=AXIS2_PLACEMENT_3D('',#17796,#14135,#14136);
#12609=AXIS2_PLACEMENT_3D('',#17803,#14140,#14141);
#12610=AXIS2_PLACEMENT_3D('',#17807,#14144,#14145);
#12611=AXIS2_PLACEMENT_3D('',#17835,#14152,#14153);
#12612=AXIS2_PLACEMENT_3D('',#17837,#14155,#14156);
#12613=AXIS2_PLACEMENT_3D('',#17846,#14161,#14162);
#12614=AXIS2_PLACEMENT_3D('',#17848,#14164,#14165);
#12615=AXIS2_PLACEMENT_3D('',#17850,#14167,#14168);
#12616=AXIS2_PLACEMENT_3D('',#17852,#14170,#14171);
#12617=AXIS2_PLACEMENT_3D('',#17857,#14175,#14176);
#12618=AXIS2_PLACEMENT_3D('',#17859,#14178,#14179);
#12619=AXIS2_PLACEMENT_3D('',#17860,#14180,#14181);
#12620=AXIS2_PLACEMENT_3D('',#17864,#14184,#14185);
#12621=AXIS2_PLACEMENT_3D('',#17868,#14188,#14189);
#12622=AXIS2_PLACEMENT_3D('',#17869,#14190,#14191);
#12623=AXIS2_PLACEMENT_3D('',#17871,#14193,#14194);
#12624=AXIS2_PLACEMENT_3D('',#17874,#14197,#14198);
#12625=AXIS2_PLACEMENT_3D('',#17875,#14199,#14200);
#12626=AXIS2_PLACEMENT_3D('',#17882,#14203,#14204);
#12627=AXIS2_PLACEMENT_3D('',#17883,#14205,#14206);
#12628=AXIS2_PLACEMENT_3D('',#17888,#14208,#14209);
#12629=AXIS2_PLACEMENT_3D('',#17892,#14211,#14212);
#12630=AXIS2_PLACEMENT_3D('',#17895,#14214,#14215);
#12631=AXIS2_PLACEMENT_3D('',#17897,#14217,#14218);
#12632=AXIS2_PLACEMENT_3D('',#17906,#14223,#14224);
#12633=AXIS2_PLACEMENT_3D('',#17907,#14225,#14226);
#12634=AXIS2_PLACEMENT_3D('',#17915,#14231,#14232);
#12635=AXIS2_PLACEMENT_3D('',#17916,#14233,#14234);
#12636=AXIS2_PLACEMENT_3D('',#17922,#14238,#14239);
#12637=AXIS2_PLACEMENT_3D('',#17927,#14243,#14244);
#12638=AXIS2_PLACEMENT_3D('',#17933,#14248,#14249);
#12639=AXIS2_PLACEMENT_3D('',#17934,#14250,#14251);
#12640=AXIS2_PLACEMENT_3D('',#17940,#14255,#14256);
#12641=AXIS2_PLACEMENT_3D('',#17944,#14259,#14260);
#12642=AXIS2_PLACEMENT_3D('',#17947,#14262,#14263);
#12643=AXIS2_PLACEMENT_3D('',#17948,#14264,#14265);
#12644=AXIS2_PLACEMENT_3D('',#17951,#14267,#14268);
#12645=AXIS2_PLACEMENT_3D('',#17952,#14269,#14270);
#12646=AXIS2_PLACEMENT_3D('',#17953,#14271,#14272);
#12647=AXIS2_PLACEMENT_3D('',#17958,#14276,#14277);
#12648=AXIS2_PLACEMENT_3D('',#17959,#14278,#14279);
#12649=AXIS2_PLACEMENT_3D('',#17962,#14282,#14283);
#12650=AXIS2_PLACEMENT_3D('',#17964,#14285,#14286);
#12651=AXIS2_PLACEMENT_3D('',#17966,#14288,#14289);
#12652=AXIS2_PLACEMENT_3D('',#17968,#14291,#14292);
#12653=AXIS2_PLACEMENT_3D('',#17971,#14294,#14295);
#12654=AXIS2_PLACEMENT_3D('',#17973,#14297,#14298);
#12655=AXIS2_PLACEMENT_3D('',#17974,#14299,#14300);
#12656=AXIS2_PLACEMENT_3D('',#17977,#14302,#14303);
#12657=AXIS2_PLACEMENT_3D('',#17979,#14305,#14306);
#12658=AXIS2_PLACEMENT_3D('',#17980,#14307,#14308);
#12659=AXIS2_PLACEMENT_3D('',#17983,#14311,#14312);
#12660=AXIS2_PLACEMENT_3D('',#17985,#14314,#14315);
#12661=AXIS2_PLACEMENT_3D('',#17986,#14316,#14317);
#12662=AXIS2_PLACEMENT_3D('',#17988,#14319,#14320);
#12663=AXIS2_PLACEMENT_3D('',#18002,#14322,#14323);
#12664=AXIS2_PLACEMENT_3D('',#18003,#14324,#14325);
#12665=AXIS2_PLACEMENT_3D('',#18023,#14327,#14328);
#12666=AXIS2_PLACEMENT_3D('',#18028,#14332,#14333);
#12667=AXIS2_PLACEMENT_3D('',#18029,#14334,#14335);
#12668=AXIS2_PLACEMENT_3D('',#18033,#14338,#14339);
#12669=AXIS2_PLACEMENT_3D('',#18034,#14340,#14341);
#12670=AXIS2_PLACEMENT_3D('',#18037,#14343,#14344);
#12671=AXIS2_PLACEMENT_3D('',#18039,#14346,#14347);
#12672=AXIS2_PLACEMENT_3D('',#18044,#14351,#14352);
#12673=AXIS2_PLACEMENT_3D('',#18046,#14354,#14355);
#12674=AXIS2_PLACEMENT_3D('',#18050,#14358,#14359);
#12675=AXIS2_PLACEMENT_3D('',#18055,#14362,#14363);
#12676=AXIS2_PLACEMENT_3D('',#18088,#14364,#14365);
#12677=AXIS2_PLACEMENT_3D('',#18090,#14367,#14368);
#12678=AXIS2_PLACEMENT_3D('',#18094,#14371,#14372);
#12679=AXIS2_PLACEMENT_3D('',#18095,#14373,#14374);
#12680=AXIS2_PLACEMENT_3D('',#18097,#14376,#14377);
#12681=AXIS2_PLACEMENT_3D('',#18102,#14380,#14381);
#12682=AXIS2_PLACEMENT_3D('',#18103,#14382,#14383);
#12683=AXIS2_PLACEMENT_3D('',#18107,#14386,#14387);
#12684=AXIS2_PLACEMENT_3D('',#18109,#14389,#14390);
#12685=AXIS2_PLACEMENT_3D('',#18110,#14391,#14392);
#12686=AXIS2_PLACEMENT_3D('',#18113,#14395,#14396);
#12687=AXIS2_PLACEMENT_3D('',#18120,#14400,#14401);
#12688=AXIS2_PLACEMENT_3D('',#18123,#14403,#14404);
#12689=AXIS2_PLACEMENT_3D('',#18127,#14408,#14409);
#12690=AXIS2_PLACEMENT_3D('',#18130,#14412,#14413);
#12691=AXIS2_PLACEMENT_3D('',#18133,#14416,#14417);
#12692=AXIS2_PLACEMENT_3D('',#18166,#14418,#14419);
#12693=AXIS2_PLACEMENT_3D('',#18168,#14421,#14422);
#12694=AXIS2_PLACEMENT_3D('',#18169,#14423,#14424);
#12695=AXIS2_PLACEMENT_3D('',#18197,#14426,#14427);
#12696=AXIS2_PLACEMENT_3D('',#18199,#14429,#14430);
#12697=AXIS2_PLACEMENT_3D('',#18201,#14432,#14433);
#12698=AXIS2_PLACEMENT_3D('',#18203,#14435,#14436);
#12699=AXIS2_PLACEMENT_3D('',#18205,#14438,#14439);
#12700=AXIS2_PLACEMENT_3D('',#18240,#14443,#14444);
#12701=AXIS2_PLACEMENT_3D('',#18241,#14445,#14446);
#12702=AXIS2_PLACEMENT_3D('',#18245,#14449,#14450);
#12703=AXIS2_PLACEMENT_3D('',#18247,#14452,#14453);
#12704=AXIS2_PLACEMENT_3D('',#18249,#14455,#14456);
#12705=AXIS2_PLACEMENT_3D('',#18251,#14458,#14459);
#12706=AXIS2_PLACEMENT_3D('',#18252,#14460,#14461);
#12707=AXIS2_PLACEMENT_3D('',#18254,#14463,#14464);
#12708=AXIS2_PLACEMENT_3D('',#18255,#14465,#14466);
#12709=AXIS2_PLACEMENT_3D('',#18256,#14467,#14468);
#12710=AXIS2_PLACEMENT_3D('',#18276,#14471,#14472);
#12711=AXIS2_PLACEMENT_3D('',#18278,#14474,#14475);
#12712=AXIS2_PLACEMENT_3D('',#18279,#14476,#14477);
#12713=AXIS2_PLACEMENT_3D('',#18281,#14479,#14480);
#12714=AXIS2_PLACEMENT_3D('',#18283,#14482,#14483);
#12715=AXIS2_PLACEMENT_3D('',#18285,#14485,#14486);
#12716=AXIS2_PLACEMENT_3D('',#18288,#14489,#14490);
#12717=AXIS2_PLACEMENT_3D('',#18292,#14493,#14494);
#12718=AXIS2_PLACEMENT_3D('',#18304,#14504,#14505);
#12719=AXIS2_PLACEMENT_3D('',#18306,#14507,#14508);
#12720=AXIS2_PLACEMENT_3D('',#18307,#14509,#14510);
#12721=AXIS2_PLACEMENT_3D('',#18308,#14511,#14512);
#12722=AXIS2_PLACEMENT_3D('',#18310,#14514,#14515);
#12723=AXIS2_PLACEMENT_3D('',#18311,#14516,#14517);
#12724=AXIS2_PLACEMENT_3D('',#18313,#14519,#14520);
#12725=AXIS2_PLACEMENT_3D('',#18332,#14523,#14524);
#12726=AXIS2_PLACEMENT_3D('',#18333,#14525,#14526);
#12727=AXIS2_PLACEMENT_3D('',#18360,#14527,#14528);
#12728=AXIS2_PLACEMENT_3D('',#18362,#14530,#14531);
#12729=AXIS2_PLACEMENT_3D('',#18368,#14535,#14536);
#12730=AXIS2_PLACEMENT_3D('',#18369,#14537,#14538);
#12731=AXIS2_PLACEMENT_3D('',#18372,#14541,#14542);
#12732=AXIS2_PLACEMENT_3D('',#18382,#14551,#14552);
#12733=AXIS2_PLACEMENT_3D('',#18385,#14555,#14556);
#12734=AXIS2_PLACEMENT_3D('',#18387,#14558,#14559);
#12735=AXIS2_PLACEMENT_3D('',#18391,#14562,#14563);
#12736=AXIS2_PLACEMENT_3D('',#18392,#14564,#14565);
#12737=AXIS2_PLACEMENT_3D('',#18393,#14566,#14567);
#12738=AXIS2_PLACEMENT_3D('',#18394,#14568,#14569);
#12739=AXIS2_PLACEMENT_3D('',#18395,#14570,#14571);
#12740=AXIS2_PLACEMENT_3D('',#18396,#14572,#14573);
#12741=AXIS2_PLACEMENT_3D('',#18397,#14574,#14575);
#12742=AXIS2_PLACEMENT_3D('',#18402,#14580,#14581);
#12743=AXIS2_PLACEMENT_3D('',#18403,#14582,#14583);
#12744=AXIS2_PLACEMENT_3D('',#18404,#14584,#14585);
#12745=AXIS2_PLACEMENT_3D('',#18405,#14586,#14587);
#12746=AXIS2_PLACEMENT_3D('',#18406,#14588,#14589);
#12747=AXIS2_PLACEMENT_3D('',#18434,#14590,#14591);
#12748=AXIS2_PLACEMENT_3D('',#18436,#14593,#14594);
#12749=AXIS2_PLACEMENT_3D('',#18437,#14595,#14596);
#12750=AXIS2_PLACEMENT_3D('',#18438,#14597,#14598);
#12751=AXIS2_PLACEMENT_3D('',#18440,#14600,#14601);
#12752=AXIS2_PLACEMENT_3D('',#18441,#14602,#14603);
#12753=AXIS2_PLACEMENT_3D('',#18442,#14604,#14605);
#12754=AXIS2_PLACEMENT_3D('',#18443,#14606,#14607);
#12755=AXIS2_PLACEMENT_3D('',#18444,#14608,#14609);
#12756=AXIS2_PLACEMENT_3D('',#18445,#14610,#14611);
#12757=AXIS2_PLACEMENT_3D('',#18474,#14612,#14613);
#12758=AXIS2_PLACEMENT_3D('',#18475,#14614,#14615);
#12759=AXIS2_PLACEMENT_3D('',#18476,#14616,#14617);
#12760=AXIS2_PLACEMENT_3D('',#18477,#14618,#14619);
#12761=AXIS2_PLACEMENT_3D('',#18478,#14620,#14621);
#12762=AXIS2_PLACEMENT_3D('',#18479,#14622,#14623);
#12763=AXIS2_PLACEMENT_3D('',#18507,#14624,#14625);
#12764=AXIS2_PLACEMENT_3D('',#18508,#14626,#14627);
#12765=AXIS2_PLACEMENT_3D('',#18512,#14629,#14630);
#12766=AXIS2_PLACEMENT_3D('',#18516,#14632,#14633);
#12767=AXIS2_PLACEMENT_3D('',#18521,#14636,#14637);
#12768=AXIS2_PLACEMENT_3D('',#18525,#14639,#14640);
#12769=AXIS2_PLACEMENT_3D('',#18539,#14642,#14643);
#12770=AXIS2_PLACEMENT_3D('',#18540,#14644,#14645);
#12771=AXIS2_PLACEMENT_3D('',#18544,#14647,#14648);
#12772=AXIS2_PLACEMENT_3D('',#18548,#14650,#14651);
#12773=AXIS2_PLACEMENT_3D('',#18549,#14652,#14653);
#12774=AXIS2_PLACEMENT_3D('',#18550,#14654,#14655);
#12775=AXIS2_PLACEMENT_3D('',#18555,#14657,#14658);
#12776=AXIS2_PLACEMENT_3D('',#18558,#14660,#14661);
#12777=AXIS2_PLACEMENT_3D('',#18559,#14662,#14663);
#12778=AXIS2_PLACEMENT_3D('',#18564,#14665,#14666);
#12779=AXIS2_PLACEMENT_3D('',#18567,#14668,#14669);
#12780=AXIS2_PLACEMENT_3D('',#18571,#14671,#14672);
#12781=AXIS2_PLACEMENT_3D('',#18575,#14674,#14675);
#12782=AXIS2_PLACEMENT_3D('',#18576,#14676,#14677);
#12783=AXIS2_PLACEMENT_3D('',#18580,#14679,#14680);
#12784=AXIS2_PLACEMENT_3D('',#18584,#14682,#14683);
#12785=AXIS2_PLACEMENT_3D('',#18585,#14684,#14685);
#12786=AXIS2_PLACEMENT_3D('',#18599,#14692,#14693);
#12787=AXIS2_PLACEMENT_3D('',#18603,#14695,#14696);
#12788=AXIS2_PLACEMENT_3D('',#18607,#14698,#14699);
#12789=AXIS2_PLACEMENT_3D('',#18611,#14701,#14702);
#12790=AXIS2_PLACEMENT_3D('',#18618,#14706,#14707);
#12791=AXIS2_PLACEMENT_3D('',#18627,#14712,#14713);
#12792=AXIS2_PLACEMENT_3D('',#18631,#14715,#14716);
#12793=AXIS2_PLACEMENT_3D('',#18632,#14717,#14718);
#12794=AXIS2_PLACEMENT_3D('',#18633,#14719,#14720);
#12795=AXIS2_PLACEMENT_3D('',#18634,#14721,#14722);
#12796=AXIS2_PLACEMENT_3D('',#18639,#14724,#14725);
#12797=AXIS2_PLACEMENT_3D('',#18642,#14727,#14728);
#12798=AXIS2_PLACEMENT_3D('',#18646,#14730,#14731);
#12799=AXIS2_PLACEMENT_3D('',#18650,#14733,#14734);
#12800=AXIS2_PLACEMENT_3D('',#18651,#14735,#14736);
#12801=AXIS2_PLACEMENT_3D('',#18656,#14739,#14740);
#12802=AXIS2_PLACEMENT_3D('',#18657,#14741,#14742);
#12803=AXIS2_PLACEMENT_3D('',#18661,#14744,#14745);
#12804=AXIS2_PLACEMENT_3D('',#18665,#14747,#14748);
#12805=AXIS2_PLACEMENT_3D('',#18671,#14749,#14750);
#12806=AXIS2_PLACEMENT_3D('',#18677,#14754,#14755);
#12807=AXIS2_PLACEMENT_3D('',#18678,#14756,#14757);
#12808=AXIS2_PLACEMENT_3D('',#18683,#14759,#14760);
#12809=AXIS2_PLACEMENT_3D('',#18686,#14762,#14763);
#12810=AXIS2_PLACEMENT_3D('',#18690,#14765,#14766);
#12811=AXIS2_PLACEMENT_3D('',#18694,#14768,#14769);
#12812=AXIS2_PLACEMENT_3D('',#18695,#14770,#14771);
#12813=AXIS2_PLACEMENT_3D('',#18699,#14773,#14774);
#12814=AXIS2_PLACEMENT_3D('',#18710,#14780,#14781);
#12815=AXIS2_PLACEMENT_3D('',#18714,#14783,#14784);
#12816=AXIS2_PLACEMENT_3D('',#18718,#14786,#14787);
#12817=AXIS2_PLACEMENT_3D('',#18719,#14788,#14789);
#12818=AXIS2_PLACEMENT_3D('',#18728,#14794,#14795);
#12819=AXIS2_PLACEMENT_3D('',#18732,#14797,#14798);
#12820=AXIS2_PLACEMENT_3D('',#18736,#14800,#14801);
#12821=AXIS2_PLACEMENT_3D('',#18737,#14802,#14803);
#12822=AXIS2_PLACEMENT_3D('',#18741,#14806,#14807);
#12823=AXIS2_PLACEMENT_3D('',#18744,#14809,#14810);
#12824=AXIS2_PLACEMENT_3D('',#18748,#14812,#14813);
#12825=AXIS2_PLACEMENT_3D('',#18752,#14815,#14816);
#12826=AXIS2_PLACEMENT_3D('',#18753,#14817,#14818);
#12827=AXIS2_PLACEMENT_3D('',#18754,#14819,#14820);
#12828=AXIS2_PLACEMENT_3D('',#18759,#14822,#14823);
#12829=AXIS2_PLACEMENT_3D('',#18762,#14825,#14826);
#12830=AXIS2_PLACEMENT_3D('',#18766,#14828,#14829);
#12831=AXIS2_PLACEMENT_3D('',#18770,#14831,#14832);
#12832=AXIS2_PLACEMENT_3D('',#18771,#14833,#14834);
#12833=AXIS2_PLACEMENT_3D('',#18779,#14838,#14839);
#12834=AXIS2_PLACEMENT_3D('',#18782,#14841,#14842);
#12835=AXIS2_PLACEMENT_3D('',#18786,#14844,#14845);
#12836=AXIS2_PLACEMENT_3D('',#18787,#14846,#14847);
#12837=AXIS2_PLACEMENT_3D('',#18788,#14848,#14849);
#12838=AXIS2_PLACEMENT_3D('',#18789,#14850,#14851);
#12839=AXIS2_PLACEMENT_3D('',#18793,#14853,#14854);
#12840=AXIS2_PLACEMENT_3D('',#18796,#14856,#14857);
#12841=AXIS2_PLACEMENT_3D('',#18805,#14862,#14863);
#12842=AXIS2_PLACEMENT_3D('',#18809,#14865,#14866);
#12843=AXIS2_PLACEMENT_3D('',#18813,#14868,#14869);
#12844=AXIS2_PLACEMENT_3D('',#18814,#14870,#14871);
#12845=AXIS2_PLACEMENT_3D('',#18815,#14872,#14873);
#12846=AXIS2_PLACEMENT_3D('',#18819,#14875,#14876);
#12847=AXIS2_PLACEMENT_3D('',#18820,#14877,#14878);
#12848=AXIS2_PLACEMENT_3D('',#18828,#14882,#14883);
#12849=AXIS2_PLACEMENT_3D('',#18832,#14885,#14886);
#12850=AXIS2_PLACEMENT_3D('',#18833,#14887,#14888);
#12851=AXIS2_PLACEMENT_3D('',#18844,#14894,#14895);
#12852=AXIS2_PLACEMENT_3D('',#18847,#14897,#14898);
#12853=AXIS2_PLACEMENT_3D('',#18850,#14900,#14901);
#12854=AXIS2_PLACEMENT_3D('',#18851,#14902,#14903);
#12855=AXIS2_PLACEMENT_3D('',#18855,#14905,#14906);
#12856=AXIS2_PLACEMENT_3D('',#18856,#14907,#14908);
#12857=AXIS2_PLACEMENT_3D('',#18862,#14912,#14913);
#12858=AXIS2_PLACEMENT_3D('',#18870,#14917,#14918);
#12859=AXIS2_PLACEMENT_3D('',#18874,#14920,#14921);
#12860=AXIS2_PLACEMENT_3D('',#18877,#14923,#14924);
#12861=AXIS2_PLACEMENT_3D('',#18879,#14925,#14926);
#12862=AXIS2_PLACEMENT_3D('',#18883,#14928,#14929);
#12863=AXIS2_PLACEMENT_3D('',#18887,#14931,#14932);
#12864=AXIS2_PLACEMENT_3D('',#18895,#14937,#14938);
#12865=AXIS2_PLACEMENT_3D('',#18899,#14941,#14942);
#12866=AXIS2_PLACEMENT_3D('',#18900,#14943,#14944);
#12867=AXIS2_PLACEMENT_3D('',#18911,#14950,#14951);
#12868=AXIS2_PLACEMENT_3D('',#18914,#14953,#14954);
#12869=AXIS2_PLACEMENT_3D('',#18915,#14955,#14956);
#12870=AXIS2_PLACEMENT_3D('',#18917,#14957,#14958);
#12871=AXIS2_PLACEMENT_3D('',#18920,#14960,#14961);
#12872=AXIS2_PLACEMENT_3D('',#18921,#14962,#14963);
#12873=AXIS2_PLACEMENT_3D('',#18926,#14965,#14966);
#12874=AXIS2_PLACEMENT_3D('',#18929,#14968,#14969);
#12875=AXIS2_PLACEMENT_3D('',#18930,#14970,#14971);
#12876=AXIS2_PLACEMENT_3D('',#18931,#14972,#14973);
#12877=AXIS2_PLACEMENT_3D('',#18932,#14974,#14975);
#12878=AXIS2_PLACEMENT_3D('',#18938,#14979,#14980);
#12879=AXIS2_PLACEMENT_3D('',#18941,#14982,#14983);
#12880=AXIS2_PLACEMENT_3D('',#18944,#14985,#14986);
#12881=AXIS2_PLACEMENT_3D('',#18950,#14990,#14991);
#12882=AXIS2_PLACEMENT_3D('',#18953,#14993,#14994);
#12883=AXIS2_PLACEMENT_3D('',#18956,#14996,#14997);
#12884=AXIS2_PLACEMENT_3D('',#18961,#15000,#15001);
#12885=AXIS2_PLACEMENT_3D('',#18962,#15002,#15003);
#12886=AXIS2_PLACEMENT_3D('',#18967,#15006,#15007);
#12887=AXIS2_PLACEMENT_3D('',#18971,#15009,#15010);
#12888=AXIS2_PLACEMENT_3D('',#18972,#15011,#15012);
#12889=AXIS2_PLACEMENT_3D('',#18973,#15013,#15014);
#12890=AXIS2_PLACEMENT_3D('',#18978,#15016,#15017);
#12891=AXIS2_PLACEMENT_3D('',#18981,#15019,#15020);
#12892=AXIS2_PLACEMENT_3D('',#18985,#15022,#15023);
#12893=AXIS2_PLACEMENT_3D('',#18989,#15025,#15026);
#12894=AXIS2_PLACEMENT_3D('',#18990,#15027,#15028);
#12895=AXIS2_PLACEMENT_3D('',#18994,#15030,#15031);
#12896=AXIS2_PLACEMENT_3D('',#18998,#15033,#15034);
#12897=AXIS2_PLACEMENT_3D('',#18999,#15035,#15036);
#12898=AXIS2_PLACEMENT_3D('',#19003,#15039,#15040);
#12899=AXIS2_PLACEMENT_3D('',#19012,#15045,#15046);
#12900=AXIS2_PLACEMENT_3D('',#19015,#15048,#15049);
#12901=AXIS2_PLACEMENT_3D('',#19023,#15053,#15054);
#12902=AXIS2_PLACEMENT_3D('',#19026,#15056,#15057);
#12903=AXIS2_PLACEMENT_3D('',#19031,#15060,#15061);
#12904=AXIS2_PLACEMENT_3D('',#19032,#15062,#15063);
#12905=AXIS2_PLACEMENT_3D('',#19041,#15069,#15070);
#12906=AXIS2_PLACEMENT_3D('',#19045,#15072,#15073);
#12907=AXIS2_PLACEMENT_3D('',#19046,#15074,#15075);
#12908=AXIS2_PLACEMENT_3D('',#19049,#15077,#15078);
#12909=AXIS2_PLACEMENT_3D('',#19057,#15083,#15084);
#12910=AXIS2_PLACEMENT_3D('',#19063,#15088,#15089);
#12911=AXIS2_PLACEMENT_3D('',#19067,#15091,#15092);
#12912=AXIS2_PLACEMENT_3D('',#19069,#15093,#15094);
#12913=AXIS2_PLACEMENT_3D('',#19076,#15098,#15099);
#12914=AXIS2_PLACEMENT_3D('',#19087,#15105,#15106);
#12915=AXIS2_PLACEMENT_3D('',#19091,#15109,#15110);
#12916=AXIS2_PLACEMENT_3D('',#19095,#15113,#15114);
#12917=AXIS2_PLACEMENT_3D('',#19096,#15115,#15116);
#12918=AXIS2_PLACEMENT_3D('',#19101,#15119,#15120);
#12919=AXIS2_PLACEMENT_3D('',#19102,#15121,#15122);
#12920=AXIS2_PLACEMENT_3D('',#19106,#15124,#15125);
#12921=AXIS2_PLACEMENT_3D('',#19107,#15126,#15127);
#12922=AXIS2_PLACEMENT_3D('',#19110,#15130,#15131);
#12923=AXIS2_PLACEMENT_3D('',#19114,#15133,#15134);
#12924=AXIS2_PLACEMENT_3D('',#19118,#15136,#15137);
#12925=AXIS2_PLACEMENT_3D('',#19119,#15138,#15139);
#12926=AXIS2_PLACEMENT_3D('',#19120,#15140,#15141);
#12927=AXIS2_PLACEMENT_3D('',#19124,#15143,#15144);
#12928=AXIS2_PLACEMENT_3D('',#19125,#15145,#15146);
#12929=AXIS2_PLACEMENT_3D('',#19133,#15151,#15152);
#12930=AXIS2_PLACEMENT_3D('',#19142,#15157,#15158);
#12931=AXIS2_PLACEMENT_3D('',#19151,#15163,#15164);
#12932=AXIS2_PLACEMENT_3D('',#19152,#15165,#15166);
#12933=AXIS2_PLACEMENT_3D('',#19153,#15167,#15168);
#12934=AXIS2_PLACEMENT_3D('',#19154,#15169,#15170);
#12935=AXIS2_PLACEMENT_3D('',#19158,#15172,#15173);
#12936=AXIS2_PLACEMENT_3D('',#19162,#15175,#15176);
#12937=AXIS2_PLACEMENT_3D('',#19163,#15177,#15178);
#12938=AXIS2_PLACEMENT_3D('',#19167,#15180,#15181);
#12939=AXIS2_PLACEMENT_3D('',#19171,#15183,#15184);
#12940=AXIS2_PLACEMENT_3D('',#19172,#15185,#15186);
#12941=AXIS2_PLACEMENT_3D('',#19173,#15187,#15188);
#12942=AXIS2_PLACEMENT_3D('',#19177,#15190,#15191);
#12943=AXIS2_PLACEMENT_3D('',#19178,#15192,#15193);
#12944=AXIS2_PLACEMENT_3D('',#19183,#15196,#15197);
#12945=AXIS2_PLACEMENT_3D('',#19184,#15198,#15199);
#12946=AXIS2_PLACEMENT_3D('',#19185,#15200,#15201);
#12947=AXIS2_PLACEMENT_3D('',#19189,#15203,#15204);
#12948=AXIS2_PLACEMENT_3D('',#19193,#15206,#15207);
#12949=AXIS2_PLACEMENT_3D('',#19194,#15208,#15209);
#12950=AXIS2_PLACEMENT_3D('',#19200,#15213,#15214);
#12951=AXIS2_PLACEMENT_3D('',#19204,#15217,#15218);
#12952=AXIS2_PLACEMENT_3D('',#19205,#15219,#15220);
#12953=AXIS2_PLACEMENT_3D('',#19211,#15224,#15225);
#12954=AXIS2_PLACEMENT_3D('',#19215,#15227,#15228);
#12955=AXIS2_PLACEMENT_3D('',#19219,#15230,#15231);
#12956=AXIS2_PLACEMENT_3D('',#19220,#15232,#15233);
#12957=AXIS2_PLACEMENT_3D('',#19224,#15235,#15236);
#12958=AXIS2_PLACEMENT_3D('',#19228,#15238,#15239);
#12959=AXIS2_PLACEMENT_3D('',#19229,#15240,#15241);
#12960=AXIS2_PLACEMENT_3D('',#19230,#15242,#15243);
#12961=AXIS2_PLACEMENT_3D('',#19231,#15244,#15245);
#12962=AXIS2_PLACEMENT_3D('',#19237,#15249,#15250);
#12963=AXIS2_PLACEMENT_3D('',#19238,#15251,#15252);
#12964=AXIS2_PLACEMENT_3D('',#19243,#15255,#15256);
#12965=AXIS2_PLACEMENT_3D('',#19247,#15258,#15259);
#12966=AXIS2_PLACEMENT_3D('',#19251,#15261,#15262);
#12967=AXIS2_PLACEMENT_3D('',#19252,#15263,#15264);
#12968=AXIS2_PLACEMENT_3D('',#19261,#15269,#15270);
#12969=AXIS2_PLACEMENT_3D('',#19267,#15274,#15275);
#12970=AXIS2_PLACEMENT_3D('',#19268,#15276,#15277);
#12971=AXIS2_PLACEMENT_3D('',#19273,#15279,#15280);
#12972=AXIS2_PLACEMENT_3D('',#19276,#15282,#15283);
#12973=AXIS2_PLACEMENT_3D('',#19282,#15287,#15288);
#12974=AXIS2_PLACEMENT_3D('',#19286,#15290,#15291);
#12975=AXIS2_PLACEMENT_3D('',#19287,#15292,#15293);
#12976=AXIS2_PLACEMENT_3D('',#19288,#15294,#15295);
#12977=AXIS2_PLACEMENT_3D('',#19292,#15297,#15298);
#12978=AXIS2_PLACEMENT_3D('',#19296,#15300,#15301);
#12979=AXIS2_PLACEMENT_3D('',#19297,#15302,#15303);
#12980=AXIS2_PLACEMENT_3D('',#19305,#15308,#15309);
#12981=AXIS2_PLACEMENT_3D('',#19308,#15312,#15313);
#12982=AXIS2_PLACEMENT_3D('',#19312,#15315,#15316);
#12983=AXIS2_PLACEMENT_3D('',#19316,#15318,#15319);
#12984=AXIS2_PLACEMENT_3D('',#19317,#15320,#15321);
#12985=AXIS2_PLACEMENT_3D('',#19318,#15322,#15323);
#12986=AXIS2_PLACEMENT_3D('',#19322,#15325,#15326);
#12987=AXIS2_PLACEMENT_3D('',#19325,#15328,#15329);
#12988=AXIS2_PLACEMENT_3D('',#19327,#15331,#15332);
#12989=AXIS2_PLACEMENT_3D('',#19333,#15336,#15337);
#12990=AXIS2_PLACEMENT_3D('',#19342,#15342,#15343);
#12991=AXIS2_PLACEMENT_3D('',#19343,#15344,#15345);
#12992=AXIS2_PLACEMENT_3D('',#19353,#15350,#15351);
#12993=AXIS2_PLACEMENT_3D('',#19355,#15352,#15353);
#12994=AXIS2_PLACEMENT_3D('',#19356,#15354,#15355);
#12995=AXIS2_PLACEMENT_3D('',#19357,#15356,#15357);
#12996=AXIS2_PLACEMENT_3D('',#19363,#15361,#15362);
#12997=AXIS2_PLACEMENT_3D('',#19367,#15365,#15366);
#12998=AXIS2_PLACEMENT_3D('',#19369,#15367,#15368);
#12999=AXIS2_PLACEMENT_3D('',#19373,#15370,#15371);
#13000=AXIS2_PLACEMENT_3D('',#19380,#15377,#15378);
#13001=AXIS2_PLACEMENT_3D('',#19395,#15390,#15391);
#13002=AXIS2_PLACEMENT_3D('',#19396,#15392,#15393);
#13003=AXIS2_PLACEMENT_3D('',#19397,#15394,#15395);
#13004=AXIS2_PLACEMENT_3D('',#19399,#15397,#15398);
#13005=AXIS2_PLACEMENT_3D('',#19402,#15401,#15402);
#13006=AXIS2_PLACEMENT_3D('',#19404,#15404,#15405);
#13007=AXIS2_PLACEMENT_3D('',#19408,#15408,#15409);
#13008=AXIS2_PLACEMENT_3D('',#19414,#15413,#15414);
#13009=AXIS2_PLACEMENT_3D('',#19418,#15417,#15418);
#13010=AXIS2_PLACEMENT_3D('',#19419,#15419,#15420);
#13011=AXIS2_PLACEMENT_3D('',#19424,#15422,#15423);
#13012=AXIS2_PLACEMENT_3D('',#19427,#15425,#15426);
#13013=AXIS2_PLACEMENT_3D('',#19434,#15432,#15433);
#13014=AXIS2_PLACEMENT_3D('',#19440,#15437,#15438);
#13015=AXIS2_PLACEMENT_3D('',#19445,#15441,#15442);
#13016=AXIS2_PLACEMENT_3D('',#19446,#15443,#15444);
#13017=AXIS2_PLACEMENT_3D('',#19448,#15446,#15447);
#13018=AXIS2_PLACEMENT_3D('',#19451,#15449,#15450);
#13019=AXIS2_PLACEMENT_3D('',#19456,#15453,#15454);
#13020=AXIS2_PLACEMENT_3D('',#19460,#15457,#15458);
#13021=AXIS2_PLACEMENT_3D('',#19461,#15459,#15460);
#13022=AXIS2_PLACEMENT_3D('',#19465,#15463,#15464);
#13023=AXIS2_PLACEMENT_3D('',#19466,#15465,#15466);
#13024=AXIS2_PLACEMENT_3D('',#19467,#15467,#15468);
#13025=AXIS2_PLACEMENT_3D('',#19471,#15470,#15471);
#13026=AXIS2_PLACEMENT_3D('',#19472,#15472,#15473);
#13027=AXIS2_PLACEMENT_3D('',#19473,#15474,#15475);
#13028=AXIS2_PLACEMENT_3D('',#19474,#15476,#15477);
#13029=AXIS2_PLACEMENT_3D('',#19475,#15478,#15479);
#13030=AXIS2_PLACEMENT_3D('',#19478,#15482,#15483);
#13031=AXIS2_PLACEMENT_3D('',#19482,#15486,#15487);
#13032=AXIS2_PLACEMENT_3D('',#19484,#15489,#15490);
#13033=AXIS2_PLACEMENT_3D('',#19488,#15493,#15494);
#13034=AXIS2_PLACEMENT_3D('',#19489,#15495,#15496);
#13035=AXIS2_PLACEMENT_3D('',#19490,#15497,#15498);
#13036=AXIS2_PLACEMENT_3D('',#19499,#15503,#15504);
#13037=AXIS2_PLACEMENT_3D('',#19505,#15508,#15509);
#13038=AXIS2_PLACEMENT_3D('',#19511,#15513,#15514);
#13039=AXIS2_PLACEMENT_3D('',#19512,#15515,#15516);
#13040=AXIS2_PLACEMENT_3D('',#19513,#15517,#15518);
#13041=AXIS2_PLACEMENT_3D('',#19514,#15519,#15520);
#13042=AXIS2_PLACEMENT_3D('',#19515,#15521,#15522);
#13043=AXIS2_PLACEMENT_3D('',#19518,#15524,#15525);
#13044=AXIS2_PLACEMENT_3D('',#19521,#15527,#15528);
#13045=AXIS2_PLACEMENT_3D('',#19523,#15530,#15531);
#13046=AXIS2_PLACEMENT_3D('',#19524,#15532,#15533);
#13047=AXIS2_PLACEMENT_3D('',#19530,#15537,#15538);
#13048=AXIS2_PLACEMENT_3D('',#19535,#15542,#15543);
#13049=AXIS2_PLACEMENT_3D('',#19537,#15545,#15546);
#13050=AXIS2_PLACEMENT_3D('',#19540,#15548,#15549);
#13051=AXIS2_PLACEMENT_3D('',#19543,#15551,#15552);
#13052=AXIS2_PLACEMENT_3D('',#19545,#15554,#15555);
#13053=AXIS2_PLACEMENT_3D('',#19548,#15558,#15559);
#13054=AXIS2_PLACEMENT_3D('',#19551,#15561,#15562);
#13055=AXIS2_PLACEMENT_3D('',#19552,#15563,#15564);
#13056=AXIS2_PLACEMENT_3D('',#19553,#15565,#15566);
#13057=AXIS2_PLACEMENT_3D('',#19554,#15567,#15568);
#13058=AXIS2_PLACEMENT_3D('',#19555,#15569,#15570);
#13059=AXIS2_PLACEMENT_3D('',#19556,#15571,#15572);
#13060=AXIS2_PLACEMENT_3D('',#19558,#15574,#15575);
#13061=AXIS2_PLACEMENT_3D('',#19560,#15577,#15578);
#13062=AXIS2_PLACEMENT_3D('',#19561,#15579,#15580);
#13063=AXIS2_PLACEMENT_3D('',#19562,#15581,#15582);
#13064=AXIS2_PLACEMENT_3D('',#19563,#15583,#15584);
#13065=AXIS2_PLACEMENT_3D('',#19565,#15586,#15587);
#13066=AXIS2_PLACEMENT_3D('',#19568,#15589,#15590);
#13067=AXIS2_PLACEMENT_3D('',#19571,#15592,#15593);
#13068=AXIS2_PLACEMENT_3D('',#19578,#15597,#15598);
#13069=AXIS2_PLACEMENT_3D('',#19583,#15602,#15603);
#13070=AXIS2_PLACEMENT_3D('',#19584,#15604,#15605);
#13071=AXIS2_PLACEMENT_3D('',#19585,#15606,#15607);
#13072=AXIS2_PLACEMENT_3D('',#19587,#15609,#15610);
#13073=AXIS2_PLACEMENT_3D('',#19588,#15611,#15612);
#13074=AXIS2_PLACEMENT_3D('',#19589,#15613,#15614);
#13075=AXIS2_PLACEMENT_3D('',#19590,#15615,#15616);
#13076=AXIS2_PLACEMENT_3D('',#19591,#15617,#15618);
#13077=AXIS2_PLACEMENT_3D('',#19595,#15621,#15622);
#13078=AXIS2_PLACEMENT_3D('',#19596,#15623,#15624);
#13079=AXIS2_PLACEMENT_3D('',#19598,#15626,#15627);
#13080=AXIS2_PLACEMENT_3D('',#19600,#15629,#15630);
#13081=AXIS2_PLACEMENT_3D('',#19601,#15631,#15632);
#13082=AXIS2_PLACEMENT_3D('',#19603,#15634,#15635);
#13083=AXIS2_PLACEMENT_3D('',#19604,#15636,#15637);
#13084=AXIS2_PLACEMENT_3D('',#19606,#15639,#15640);
#13085=AXIS2_PLACEMENT_3D('',#19607,#15641,#15642);
#13086=AXIS2_PLACEMENT_3D('',#19608,#15643,#15644);
#13087=AXIS2_PLACEMENT_3D('',#19609,#15645,#15646);
#13088=AXIS2_PLACEMENT_3D('',#19610,#15647,#15648);
#13089=AXIS2_PLACEMENT_3D('',#19611,#15649,#15650);
#13090=AXIS2_PLACEMENT_3D('',#19612,#15651,#15652);
#13091=AXIS2_PLACEMENT_3D('',#19614,#15654,#15655);
#13092=AXIS2_PLACEMENT_3D('',#19615,#15656,#15657);
#13093=AXIS2_PLACEMENT_3D('',#19619,#15660,#15661);
#13094=AXIS2_PLACEMENT_3D('',#19620,#15662,#15663);
#13095=AXIS2_PLACEMENT_3D('',#19621,#15664,#15665);
#13096=AXIS2_PLACEMENT_3D('',#19625,#15668,#15669);
#13097=AXIS2_PLACEMENT_3D('',#19627,#15671,#15672);
#13098=AXIS2_PLACEMENT_3D('',#19628,#15673,#15674);
#13099=AXIS2_PLACEMENT_3D('',#19629,#15675,#15676);
#13100=AXIS2_PLACEMENT_3D('',#19632,#15678,#15679);
#13101=AXIS2_PLACEMENT_3D('',#19633,#15680,#15681);
#13102=AXIS2_PLACEMENT_3D('',#19638,#15684,#15685);
#13103=AXIS2_PLACEMENT_3D('',#19644,#15690,#15691);
#13104=AXIS2_PLACEMENT_3D('',#19646,#15693,#15694);
#13105=AXIS2_PLACEMENT_3D('',#19647,#15695,#15696);
#13106=AXIS2_PLACEMENT_3D('',#19648,#15697,#15698);
#13107=AXIS2_PLACEMENT_3D('',#19658,#15702,#15703);
#13108=AXIS2_PLACEMENT_3D('',#19664,#15708,#15709);
#13109=AXIS2_PLACEMENT_3D('',#19667,#15711,#15712);
#13110=AXIS2_PLACEMENT_3D('',#19668,#15713,#15714);
#13111=AXIS2_PLACEMENT_3D('',#19669,#15715,#15716);
#13112=AXIS2_PLACEMENT_3D('',#19670,#15717,#15718);
#13113=AXIS2_PLACEMENT_3D('',#19674,#15720,#15721);
#13114=AXIS2_PLACEMENT_3D('',#19675,#15722,#15723);
#13115=AXIS2_PLACEMENT_3D('',#19676,#15724,#15725);
#13116=AXIS2_PLACEMENT_3D('',#19677,#15726,#15727);
#13117=AXIS2_PLACEMENT_3D('',#19680,#15730,#15731);
#13118=AXIS2_PLACEMENT_3D('',#19681,#15732,#15733);
#13119=AXIS2_PLACEMENT_3D('',#19689,#15736,#15737);
#13120=AXIS2_PLACEMENT_3D('',#19691,#15739,#15740);
#13121=AXIS2_PLACEMENT_3D('',#19694,#15743,#15744);
#13122=AXIS2_PLACEMENT_3D('',#19695,#15745,#15746);
#13123=AXIS2_PLACEMENT_3D('',#19696,#15747,#15748);
#13124=AXIS2_PLACEMENT_3D('',#19697,#15749,#15750);
#13125=AXIS2_PLACEMENT_3D('',#19701,#15754,#15755);
#13126=AXIS2_PLACEMENT_3D('',#19702,#15756,#15757);
#13127=AXIS2_PLACEMENT_3D('',#19703,#15758,#15759);
#13128=AXIS2_PLACEMENT_3D('',#19705,#15761,#15762);
#13129=AXIS2_PLACEMENT_3D('',#19708,#15764,#15765);
#13130=AXIS2_PLACEMENT_3D('',#19709,#15766,#15767);
#13131=AXIS2_PLACEMENT_3D('',#19710,#15768,#15769);
#13132=AXIS2_PLACEMENT_3D('',#19712,#15771,#15772);
#13133=AXIS2_PLACEMENT_3D('',#19713,#15773,#15774);
#13134=AXIS2_PLACEMENT_3D('',#19714,#15775,#15776);
#13135=AXIS2_PLACEMENT_3D('',#19719,#15777,#15778);
#13136=AXIS2_PLACEMENT_3D('',#19720,#15779,#15780);
#13137=AXIS2_PLACEMENT_3D('',#19721,#15781,#15782);
#13138=AXIS2_PLACEMENT_3D('',#19725,#15785,#15786);
#13139=AXIS2_PLACEMENT_3D('',#19726,#15787,#15788);
#13140=AXIS2_PLACEMENT_3D('',#19728,#15790,#15791);
#13141=AXIS2_PLACEMENT_3D('',#19729,#15792,#15793);
#13142=AXIS2_PLACEMENT_3D('',#19733,#15796,#15797);
#13143=AXIS2_PLACEMENT_3D('',#19734,#15798,#15799);
#13144=AXIS2_PLACEMENT_3D('',#19736,#15801,#15802);
#13145=AXIS2_PLACEMENT_3D('',#19739,#15804,#15805);
#13146=AXIS2_PLACEMENT_3D('',#19740,#15806,#15807);
#13147=AXIS2_PLACEMENT_3D('',#19742,#15809,#15810);
#13148=AXIS2_PLACEMENT_3D('',#19744,#15812,#15813);
#13149=AXIS2_PLACEMENT_3D('',#19745,#15814,#15815);
#13150=AXIS2_PLACEMENT_3D('',#19746,#15816,#15817);
#13151=AXIS2_PLACEMENT_3D('',#19747,#15818,#15819);
#13152=AXIS2_PLACEMENT_3D('',#19748,#15820,#15821);
#13153=AXIS2_PLACEMENT_3D('',#19749,#15822,#15823);
#13154=AXIS2_PLACEMENT_3D('',#19750,#15824,#15825);
#13155=AXIS2_PLACEMENT_3D('',#19753,#15828,#15829);
#13156=AXIS2_PLACEMENT_3D('',#19759,#15834,#15835);
#13157=AXIS2_PLACEMENT_3D('',#19760,#15836,#15837);
#13158=AXIS2_PLACEMENT_3D('',#19761,#15838,#15839);
#13159=AXIS2_PLACEMENT_3D('',#19762,#15840,#15841);
#13160=AXIS2_PLACEMENT_3D('',#19763,#15842,#15843);
#13161=AXIS2_PLACEMENT_3D('',#19764,#15844,#15845);
#13162=AXIS2_PLACEMENT_3D('',#19765,#15846,#15847);
#13163=AXIS2_PLACEMENT_3D('',#19766,#15848,#15849);
#13164=AXIS2_PLACEMENT_3D('',#19770,#15852,#15853);
#13165=AXIS2_PLACEMENT_3D('',#19771,#15854,#15855);
#13166=AXIS2_PLACEMENT_3D('',#19772,#15856,#15857);
#13167=AXIS2_PLACEMENT_3D('',#19773,#15858,#15859);
#13168=AXIS2_PLACEMENT_3D('',#19774,#15860,#15861);
#13169=AXIS2_PLACEMENT_3D('',#19775,#15862,#15863);
#13170=AXIS2_PLACEMENT_3D('',#19776,#15864,#15865);
#13171=AXIS2_PLACEMENT_3D('',#19777,#15866,#15867);
#13172=AXIS2_PLACEMENT_3D('',#19778,#15868,#15869);
#13173=AXIS2_PLACEMENT_3D('',#19779,#15870,#15871);
#13174=AXIS2_PLACEMENT_3D('',#19780,#15872,#15873);
#13175=AXIS2_PLACEMENT_3D('',#19781,#15874,#15875);
#13176=AXIS2_PLACEMENT_3D('',#19782,#15876,#15877);
#13177=AXIS2_PLACEMENT_3D('',#19783,#15878,#15879);
#13178=AXIS2_PLACEMENT_3D('',#19785,#15881,#15882);
#13179=AXIS2_PLACEMENT_3D('',#19786,#15883,#15884);
#13180=DIRECTION('',(0.,0.,1.));
#13181=DIRECTION('',(1.,0.,0.));
#13182=DIRECTION('',(1.,0.,0.));
#13183=DIRECTION('',(0.,1.,0.));
#13184=DIRECTION('',(0.,-1.,0.));
#13185=DIRECTION('',(0.,0.,1.));
#13186=DIRECTION('',(0.,-1.,0.));
#13187=DIRECTION('',(0.,0.,1.));
#13188=DIRECTION('',(-0.66896473162623,0.,0.743294146243764));
#13189=DIRECTION('',(0.,1.,0.));
#13190=DIRECTION('',(-0.743294146243764,0.,-0.66896473162623));
#13191=DIRECTION('',(0.,-1.,0.));
#13192=DIRECTION('',(0.743294146243764,0.,0.66896473162623));
#13193=DIRECTION('',(0.,-1.,0.));
#13194=DIRECTION('',(0.,-1.,0.));
#13195=DIRECTION('',(0.,0.,-1.));
#13196=DIRECTION('',(-1.,0.,0.));
#13197=DIRECTION('',(0.,0.,1.));
#13198=DIRECTION('',(-1.,0.,0.));
#13199=DIRECTION('',(0.,0.,1.));
#13200=DIRECTION('',(0.,0.,1.));
#13201=DIRECTION('',(-1.,0.,0.));
#13202=DIRECTION('',(0.,0.,1.));
#13203=DIRECTION('',(-1.,0.,0.));
#13204=DIRECTION('',(0.,0.,1.));
#13205=DIRECTION('',(0.,0.,-1.));
#13206=DIRECTION('',(-1.,0.,0.));
#13207=DIRECTION('',(0.,0.,-1.));
#13208=DIRECTION('',(0.,-0.95170861776024,0.307002779923722));
#13209=DIRECTION('',(-1.,0.,0.));
#13210=DIRECTION('',(1.,0.,0.));
#13211=DIRECTION('',(0.,0.30700277992329,0.95170861776038));
#13212=DIRECTION('',(-1.,0.,0.));
#13213=DIRECTION('',(0.,-0.307002779922773,-0.951708617760546));
#13214=DIRECTION('',(1.,0.,0.));
#13215=DIRECTION('',(0.,1.,0.));
#13216=DIRECTION('',(0.,-1.,0.));
#13217=DIRECTION('',(0.,0.,1.));
#13218=DIRECTION('',(0.,-1.,0.));
#13219=DIRECTION('',(0.,0.,1.));
#13220=DIRECTION('',(0.,0.,1.));
#13221=DIRECTION('',(0.,1.,0.));
#13222=DIRECTION('',(0.,0.,1.));
#13223=DIRECTION('',(0.,0.,1.));
#13224=DIRECTION('',(0.,1.,0.));
#13225=DIRECTION('',(0.,0.,1.));
#13226=DIRECTION('',(0.,0.,1.));
#13227=DIRECTION('',(0.,1.,0.));
#13228=DIRECTION('',(-1.,0.,0.));
#13229=DIRECTION('',(0.,0.,1.));
#13230=DIRECTION('',(0.,-0.307002779923724,0.95170861776024));
#13231=DIRECTION('',(0.,1.,0.));
#13232=DIRECTION('',(0.,0.,1.));
#13233=DIRECTION('',(0.,1.,0.));
#13234=DIRECTION('',(-1.,0.,0.));
#13235=DIRECTION('',(0.,0.,1.));
#13236=DIRECTION('',(0.,-0.307002779923724,0.95170861776024));
#13237=DIRECTION('',(0.,1.,0.));
#13238=DIRECTION('',(0.,0.,1.));
#13239=DIRECTION('',(0.,1.,0.));
#13240=DIRECTION('',(0.,0.,1.));
#13241=DIRECTION('',(1.,0.,0.));
#13242=DIRECTION('',(-1.,0.,0.));
#13243=DIRECTION('',(0.,1.,0.));
#13244=DIRECTION('',(1.,0.,0.));
#13245=DIRECTION('',(0.,1.,0.));
#13246=DIRECTION('',(-1.,0.,0.));
#13247=DIRECTION('',(0.,0.,1.));
#13248=DIRECTION('',(0.,1.,0.));
#13249=DIRECTION('',(0.,0.,-1.));
#13250=DIRECTION('',(0.,1.,0.));
#13251=DIRECTION('',(0.,0.,1.));
#13252=DIRECTION('',(0.,1.,0.));
#13253=DIRECTION('',(1.,0.,0.));
#13254=DIRECTION('',(1.,0.,0.));
#13255=DIRECTION('',(0.,0.,1.));
#13256=DIRECTION('',(1.,0.,0.));
#13257=DIRECTION('',(0.,0.,-1.));
#13258=DIRECTION('',(-1.,0.,0.));
#13259=DIRECTION('',(0.,0.,1.));
#13260=DIRECTION('',(0.,0.307002779923282,0.951708617760382));
#13261=DIRECTION('',(0.,1.,0.));
#13262=DIRECTION('',(0.,0.,-1.));
#13263=DIRECTION('',(0.,1.,0.));
#13264=DIRECTION('',(0.,-1.,0.));
#13265=DIRECTION('',(0.,0.,-1.));
#13266=DIRECTION('',(0.,-1.,0.));
#13267=DIRECTION('',(0.,0.,-1.));
#13268=DIRECTION('',(0.,-0.707096917754172,0.70711664448134));
#13269=DIRECTION('',(0.,1.,0.));
#13270=DIRECTION('',(0.,0.,-1.));
#13271=DIRECTION('',(-0.70711664448134,0.707096917754172,0.));
#13272=DIRECTION('',(1.,0.,0.));
#13273=DIRECTION('',(0.,1.,0.));
#13274=DIRECTION('',(0.,0.,1.));
#13275=DIRECTION('',(0.,-1.,0.));
#13276=DIRECTION('',(0.,1.,0.));
#13277=DIRECTION('',(1.,0.,0.));
#13278=DIRECTION('',(-0.66896473162623,0.,0.743294146243764));
#13279=DIRECTION('',(0.,1.,0.));
#13280=DIRECTION('',(-0.743294146243764,0.,-0.66896473162623));
#13281=DIRECTION('',(0.,-1.,0.));
#13282=DIRECTION('',(0.743294146243764,0.,0.66896473162623));
#13283=DIRECTION('',(0.,-1.,0.));
#13284=DIRECTION('',(0.,0.,-1.));
#13285=DIRECTION('',(0.,-1.,0.));
#13286=DIRECTION('',(-1.,0.,0.));
#13287=DIRECTION('',(0.,1.,0.));
#13288=DIRECTION('',(0.,-1.,0.));
#13289=DIRECTION('',(0.,0.70711664448134,0.707096917754172));
#13290=DIRECTION('',(1.,0.,0.));
#13291=DIRECTION('',(-1.,0.,0.));
#13292=DIRECTION('',(0.,-0.707096917754172,0.70711664448134));
#13293=DIRECTION('',(-1.,0.,0.));
#13294=DIRECTION('',(0.,0.707096917754172,-0.70711664448134));
#13295=DIRECTION('',(-1.,0.,0.));
#13296=DIRECTION('',(0.,0.0847761644244368,0.996400021048515));
#13297=DIRECTION('',(0.,0.,-1.));
#13298=DIRECTION('',(0.,1.,0.));
#13299=DIRECTION('',(0.,-1.,0.));
#13300=DIRECTION('',(1.,0.,0.));
#13301=DIRECTION('',(-0.66896473162623,0.,0.743294146243764));
#13302=DIRECTION('',(0.,1.,0.));
#13303=DIRECTION('',(-0.743294146243764,0.,-0.66896473162623));
#13304=DIRECTION('',(0.,-1.,0.));
#13305=DIRECTION('',(0.743294146243764,0.,0.66896473162623));
#13306=DIRECTION('',(0.,-1.,0.));
#13307=DIRECTION('',(0.,1.,0.));
#13308=DIRECTION('',(0.,0.,-1.));
#13309=DIRECTION('',(0.,-1.,0.));
#13310=DIRECTION('',(-1.,0.,0.));
#13311=DIRECTION('',(0.,1.,0.));
#13312=DIRECTION('',(1.,0.,0.));
#13313=DIRECTION('',(0.,-1.,0.));
#13314=DIRECTION('',(0.,0.,1.));
#13315=DIRECTION('',(1.,0.,0.));
#13316=DIRECTION('',(0.,-1.,0.));
#13317=DIRECTION('',(1.,0.,0.));
#13318=DIRECTION('',(0.,1.,0.));
#13319=DIRECTION('',(1.,0.,0.));
#13320=DIRECTION('',(-0.66896473162623,0.,0.743294146243764));
#13321=DIRECTION('',(0.,1.,0.));
#13322=DIRECTION('',(-0.743294146243764,0.,-0.66896473162623));
#13323=DIRECTION('',(0.,-1.,0.));
#13324=DIRECTION('',(0.743294146243764,0.,0.66896473162623));
#13325=DIRECTION('',(0.,-1.,0.));
#13326=DIRECTION('',(0.,-1.,0.));
#13327=DIRECTION('',(0.,0.,-1.));
#13328=DIRECTION('',(1.,0.,0.));
#13329=DIRECTION('',(0.,0.,1.));
#13330=DIRECTION('',(-0.743294146243764,0.,0.668964731626229));
#13331=DIRECTION('',(-1.,0.,0.));
#13332=DIRECTION('',(-1.,0.,0.));
#13333=DIRECTION('',(0.,0.,1.));
#13334=DIRECTION('',(1.,0.,0.));
#13335=DIRECTION('',(0.,0.,1.));
#13336=DIRECTION('',(0.,0.70711664448134,0.707096917754172));
#13337=DIRECTION('',(1.,0.,0.));
#13338=DIRECTION('',(-1.,0.,0.));
#13339=DIRECTION('',(-1.,0.,0.));
#13340=DIRECTION('',(0.,0.707096917754172,-0.70711664448134));
#13341=DIRECTION('',(1.,0.,0.));
#13342=DIRECTION('',(0.,1.,0.));
#13343=DIRECTION('',(0.,0.,1.));
#13344=DIRECTION('',(0.,1.,0.));
#13345=DIRECTION('',(0.,0.,-1.));
#13346=DIRECTION('',(0.,-1.,0.));
#13347=DIRECTION('',(0.,-1.,0.));
#13348=DIRECTION('',(0.,0.,1.));
#13349=DIRECTION('',(0.,1.,0.));
#13350=DIRECTION('',(0.,-1.,0.));
#13351=DIRECTION('',(0.,0.,-1.));
#13352=DIRECTION('',(0.,1.,0.));
#13353=DIRECTION('',(0.,-1.,0.));
#13354=DIRECTION('',(0.,0.,-1.));
#13355=DIRECTION('',(0.,0.,-1.));
#13356=DIRECTION('',(0.,-1.,0.));
#13357=DIRECTION('',(-1.,0.,0.));
#13358=DIRECTION('',(0.,1.,0.));
#13359=DIRECTION('',(1.,0.,0.));
#13360=DIRECTION('',(0.,-1.,0.));
#13361=DIRECTION('',(0.,-1.,0.));
#13362=DIRECTION('',(0.,0.,-1.));
#13363=DIRECTION('',(-1.,0.,0.));
#13364=DIRECTION('',(-1.,0.,0.));
#13365=DIRECTION('',(0.,0.,1.));
#13366=DIRECTION('',(-1.,0.,0.));
#13367=DIRECTION('',(0.,0.,-1.));
#13368=DIRECTION('',(-1.,0.,0.));
#13369=DIRECTION('',(0.,0.,-1.));
#13370=DIRECTION('',(-1.,0.,0.));
#13371=DIRECTION('',(-1.,0.,0.));
#13372=DIRECTION('',(0.,1.,0.));
#13373=DIRECTION('',(-1.,0.,0.));
#13374=DIRECTION('',(1.,0.,0.));
#13375=DIRECTION('',(0.,1.,0.));
#13376=DIRECTION('',(0.,1.,0.));
#13377=DIRECTION('',(0.,0.,1.));
#13378=DIRECTION('',(0.,1.,0.));
#13379=DIRECTION('',(0.,0.,1.));
#13380=DIRECTION('',(0.,0.951708617760242,0.307002779923717));
#13381=DIRECTION('',(1.,0.,0.));
#13382=DIRECTION('',(-1.,0.,0.));
#13383=DIRECTION('',(0.,-0.307002779922763,0.95170861776055));
#13384=DIRECTION('',(-1.,0.,0.));
#13385=DIRECTION('',(0.,1.,0.));
#13386=DIRECTION('',(-1.73472521922533E-14,1.,0.));
#13387=DIRECTION('',(-1.,-1.73472521922533E-14,0.));
#13388=DIRECTION('',(0.,1.,0.));
#13389=DIRECTION('',(0.,0.,1.));
#13390=DIRECTION('',(0.707116644481328,0.707096917754184,0.));
#13391=DIRECTION('',(1.73472521922533E-14,-1.,0.));
#13392=DIRECTION('',(-1.,-1.73472521922533E-14,0.));
#13393=DIRECTION('',(2.45327193179948E-14,-0.707096917754172,-0.70711664448134));
#13394=DIRECTION('',(0.,1.,0.));
#13395=DIRECTION('',(0.,1.,0.));
#13396=DIRECTION('',(0.,-1.,0.));
#13397=DIRECTION('',(0.,0.,-1.));
#13398=DIRECTION('',(0.,0.,1.));
#13399=DIRECTION('',(1.,0.,0.));
#13400=DIRECTION('',(0.,0.,-1.));
#13401=DIRECTION('',(1.,0.,0.));
#13402=DIRECTION('',(0.707106781186537,0.,0.707106781186558));
#13403=DIRECTION('',(0.,-1.,0.));
#13404=DIRECTION('',(-0.707106781186558,0.,0.707106781186537));
#13405=DIRECTION('',(0.,-1.,0.));
#13406=DIRECTION('',(0.707106781186558,0.,-0.707106781186537));
#13407=DIRECTION('',(0.,-1.,0.));
#13408=DIRECTION('',(0.,0.,1.));
#13409=DIRECTION('',(0.,1.,0.));
#13410=DIRECTION('',(0.,-1.,0.));
#13411=DIRECTION('',(0.,0.,-1.));
#13412=DIRECTION('',(0.,1.,0.));
#13413=DIRECTION('',(0.,-1.,0.));
#13414=DIRECTION('',(0.,0.,-1.));
#13415=DIRECTION('',(0.,0.,1.));
#13416=DIRECTION('',(1.,0.,0.));
#13417=DIRECTION('',(-1.,0.,0.));
#13418=DIRECTION('',(0.,1.,0.));
#13419=DIRECTION('',(1.,0.,0.));
#13420=DIRECTION('',(0.,1.,0.));
#13421=DIRECTION('',(0.,-1.,-3.52648305246687E-30));
#13422=DIRECTION('',(-1.,0.,0.));
#13423=DIRECTION('',(0.,1.,0.));
#13424=DIRECTION('',(0.,0.,1.));
#13425=DIRECTION('',(0.,1.,3.52648305246687E-30));
#13426=DIRECTION('',(0.,-1.,0.));
#13427=DIRECTION('',(0.,0.,-1.));
#13428=DIRECTION('',(0.,1.,3.52648305246687E-30));
#13429=DIRECTION('',(-1.,0.,0.));
#13430=DIRECTION('',(0.,0.,1.));
#13431=DIRECTION('',(0.,1.,0.));
#13432=DIRECTION('',(0.,0.,1.));
#13433=DIRECTION('',(0.,-1.,0.));
#13434=DIRECTION('',(0.,0.,-1.));
#13435=DIRECTION('',(-1.,0.,0.));
#13436=DIRECTION('',(0.,0.,-1.));
#13437=DIRECTION('',(-1.,0.,0.));
#13438=DIRECTION('',(0.,0.,-1.));
#13439=DIRECTION('',(-1.,0.,0.));
#13440=DIRECTION('',(-1.,0.,0.));
#13441=DIRECTION('',(0.,0.996400021048467,-0.0847761644249958));
#13442=DIRECTION('',(-1.,0.,0.));
#13443=DIRECTION('',(1.,0.,0.));
#13444=DIRECTION('',(0.,1.,0.));
#13445=DIRECTION('',(0.,0.,1.));
#13446=DIRECTION('',(0.,1.,0.));
#13447=DIRECTION('',(0.,0.,-1.));
#13448=DIRECTION('',(0.,-1.,0.));
#13449=DIRECTION('',(1.,0.,0.));
#13450=DIRECTION('',(0.,1.,0.));
#13451=DIRECTION('',(0.,0.,1.));
#13452=DIRECTION('',(0.,1.,0.));
#13453=DIRECTION('',(0.,0.,-1.));
#13454=DIRECTION('',(0.,-1.,0.));
#13455=DIRECTION('',(0.,-1.,0.));
#13456=DIRECTION('',(0.,-1.,-3.52648305246687E-30));
#13457=DIRECTION('',(-1.,0.,0.));
#13458=DIRECTION('',(0.,-1.,0.));
#13459=DIRECTION('',(0.,0.,-1.));
#13460=DIRECTION('',(0.,1.,0.));
#13461=DIRECTION('',(0.,-1.,0.));
#13462=DIRECTION('',(-1.,0.,0.));
#13463=DIRECTION('',(0.,1.,0.));
#13464=DIRECTION('',(0.,1.,0.));
#13465=DIRECTION('',(0.,0.,1.));
#13466=DIRECTION('',(0.,1.,0.));
#13467=DIRECTION('',(0.,0.,1.));
#13468=DIRECTION('',(0.70711664448134,0.707096917754172,0.));
#13469=DIRECTION('',(0.,-1.,0.));
#13470=DIRECTION('',(0.,0.,1.));
#13471=DIRECTION('',(0.,-0.707096917754172,-0.70711664448134));
#13472=DIRECTION('',(0.999999999892953,1.03463569869344E-5,1.03463560720551E-5));
#13473=DIRECTION('',(-1.03463569869344E-5,0.999999999946476,-5.35235744614224E-11));
#13474=DIRECTION('',(-1.,0.,0.));
#13475=DIRECTION('',(0.,0.707106812449598,0.707106749923496));
#13476=DIRECTION('',(-0.70710678111085,-1.4632109761094E-5,0.707106781110855));
#13477=DIRECTION('',(-0.707106781111497,0.707106781110208,-1.46321084672459E-5));
#13478=DIRECTION('',(0.,0.,-1.));
#13479=DIRECTION('',(0.,-1.,0.));
#13480=DIRECTION('',(0.,-1.,0.));
#13481=DIRECTION('',(1.,0.,0.));
#13482=DIRECTION('',(0.,-1.,0.));
#13483=DIRECTION('',(-1.,0.,0.));
#13484=DIRECTION('',(0.,0.,-1.));
#13485=DIRECTION('',(0.,-1.,0.));
#13486=DIRECTION('',(-1.,0.,0.));
#13487=DIRECTION('',(0.,1.,0.));
#13488=DIRECTION('',(1.,0.,0.));
#13489=DIRECTION('',(0.,1.,0.));
#13490=DIRECTION('',(1.,0.,0.));
#13491=DIRECTION('',(1.,0.,0.));
#13492=DIRECTION('',(0.,0.,1.));
#13493=DIRECTION('',(1.,0.,0.));
#13494=DIRECTION('',(0.,0.,1.));
#13495=DIRECTION('',(0.,0.,-1.));
#13496=DIRECTION('',(0.,-1.,0.));
#13497=DIRECTION('',(0.,-1.,0.));
#13498=DIRECTION('',(1.,0.,0.));
#13499=DIRECTION('',(-1.,0.,0.));
#13500=DIRECTION('',(0.,-1.,0.));
#13501=DIRECTION('',(0.,1.,0.));
#13502=DIRECTION('',(0.,-1.,0.));
#13503=DIRECTION('',(0.,1.,0.));
#13504=DIRECTION('',(-1.,0.,0.));
#13505=DIRECTION('',(1.,0.,0.));
#13506=DIRECTION('',(0.,1.,0.));
#13507=DIRECTION('',(-1.,0.,0.));
#13508=DIRECTION('',(-1.,0.,0.));
#13509=DIRECTION('',(0.,-1.,0.));
#13510=DIRECTION('',(1.,0.,0.));
#13511=DIRECTION('',(0.,1.,0.));
#13512=DIRECTION('',(-1.,0.,0.));
#13513=DIRECTION('',(1.,0.,0.));
#13514=DIRECTION('',(0.,1.,0.));
#13515=DIRECTION('',(-1.,0.,0.));
#13516=DIRECTION('',(0.,-1.,0.));
#13517=DIRECTION('',(1.,0.,0.));
#13518=DIRECTION('',(0.,1.,0.));
#13519=DIRECTION('',(0.,-1.,0.));
#13520=DIRECTION('',(1.,0.,0.));
#13521=DIRECTION('',(0.,1.,0.));
#13522=DIRECTION('',(-1.,0.,0.));
#13523=DIRECTION('',(0.,-1.,0.));
#13524=DIRECTION('',(1.,0.,0.));
#13525=DIRECTION('',(0.,1.,0.));
#13526=DIRECTION('',(-1.,0.,0.));
#13527=DIRECTION('',(0.,-1.,0.));
#13528=DIRECTION('',(1.,0.,0.));
#13529=DIRECTION('',(0.,1.,0.));
#13530=DIRECTION('',(0.,1.,0.));
#13531=DIRECTION('',(1.,0.,0.));
#13532=DIRECTION('',(0.,1.,0.));
#13533=DIRECTION('',(-1.,0.,0.));
#13534=DIRECTION('',(0.,1.,0.));
#13535=DIRECTION('',(1.,0.,0.));
#13536=DIRECTION('',(0.,1.,0.));
#13537=DIRECTION('',(-1.,0.,0.));
#13538=DIRECTION('',(0.,1.,0.));
#13539=DIRECTION('',(1.,0.,0.));
#13540=DIRECTION('',(0.,1.,0.));
#13541=DIRECTION('',(-1.,0.,0.));
#13542=DIRECTION('',(0.,1.,0.));
#13543=DIRECTION('',(1.,0.,0.));
#13544=DIRECTION('',(0.,1.,0.));
#13545=DIRECTION('',(-1.,0.,0.));
#13546=DIRECTION('',(1.,0.,0.));
#13547=DIRECTION('',(0.,1.,0.));
#13548=DIRECTION('',(-1.,0.,0.));
#13549=DIRECTION('',(1.,0.,0.));
#13550=DIRECTION('',(0.,1.,0.));
#13551=DIRECTION('',(-1.,0.,0.));
#13552=DIRECTION('',(-1.,0.,0.));
#13553=DIRECTION('',(0.,0.,1.));
#13554=DIRECTION('',(0.,0.,1.));
#13555=DIRECTION('',(0.,1.,0.));
#13556=DIRECTION('',(0.,0.,-1.));
#13557=DIRECTION('',(0.,-0.70711664448134,0.707096917754172));
#13558=DIRECTION('',(-1.,0.,0.));
#13559=DIRECTION('',(-1.,0.,0.));
#13560=DIRECTION('',(0.,-0.707096917754172,-0.70711664448134));
#13561=DIRECTION('',(-1.,0.,0.));
#13562=DIRECTION('',(0.,0.707096917754172,0.70711664448134));
#13563=DIRECTION('',(0.707106781186537,0.,0.707106781186558));
#13564=DIRECTION('',(0.,-1.,0.));
#13565=DIRECTION('',(-0.707106781186558,0.,0.707106781186537));
#13566=DIRECTION('',(0.,-1.,0.));
#13567=DIRECTION('',(0.707106781186558,0.,-0.707106781186537));
#13568=DIRECTION('',(-1.,0.,0.));
#13569=DIRECTION('',(0.,0.,1.));
#13570=DIRECTION('',(0.,1.,0.));
#13571=DIRECTION('',(0.,0.,1.));
#13572=DIRECTION('',(0.,1.,0.));
#13573=DIRECTION('',(0.,0.,-1.));
#13574=DIRECTION('',(1.,0.,0.));
#13575=DIRECTION('',(0.,-0.707106885226609,0.70710667714647));
#13576=DIRECTION('',(0.,1.,0.));
#13577=DIRECTION('',(1.,0.,0.));
#13578=DIRECTION('',(1.,0.,0.));
#13579=DIRECTION('',(0.743294146243764,0.,-0.668964731626229));
#13580=DIRECTION('',(0.,0.,-1.));
#13581=DIRECTION('',(-1.,0.,0.));
#13582=DIRECTION('',(0.,0.,1.));
#13583=DIRECTION('',(-1.,0.,0.));
#13584=DIRECTION('',(0.,1.,0.));
#13585=DIRECTION('',(0.,0.,-1.));
#13586=DIRECTION('',(0.,1.,0.));
#13587=DIRECTION('',(0.,0.,-1.));
#13588=DIRECTION('',(0.,-1.,0.));
#13589=DIRECTION('',(0.,-1.,0.));
#13590=DIRECTION('',(0.,0.,1.));
#13591=DIRECTION('',(0.,1.,0.));
#13592=DIRECTION('',(-1.,0.,0.));
#13593=DIRECTION('',(0.,0.,-1.));
#13594=DIRECTION('',(-1.,0.,0.));
#13595=DIRECTION('',(0.,0.,-1.));
#13596=DIRECTION('',(1.,0.,0.));
#13597=DIRECTION('',(0.,1.,0.));
#13598=DIRECTION('',(0.,0.951708617760242,0.307002779923717));
#13599=DIRECTION('',(1.,0.,0.));
#13600=DIRECTION('',(-1.,0.,0.));
#13601=DIRECTION('',(0.,-0.307002779922768,0.951708617760548));
#13602=DIRECTION('',(-1.,0.,0.));
#13603=DIRECTION('',(-1.,0.,0.));
#13604=DIRECTION('',(0.,0.,1.));
#13605=DIRECTION('',(0.,-0.307002779923724,0.95170861776024));
#13606=DIRECTION('',(0.,1.,0.));
#13607=DIRECTION('',(0.,0.,1.));
#13608=DIRECTION('',(0.,1.,0.));
#13609=DIRECTION('',(0.,-1.,0.));
#13610=DIRECTION('',(0.,0.,-1.));
#13611=DIRECTION('',(1.,0.,0.));
#13612=DIRECTION('',(0.,0.,1.));
#13613=DIRECTION('',(-0.743294146243764,0.,0.668964731626229));
#13614=DIRECTION('',(-1.,0.,0.));
#13615=DIRECTION('',(-1.,0.,0.));
#13616=DIRECTION('',(0.,0.,1.));
#13617=DIRECTION('',(1.,0.,0.));
#13618=DIRECTION('',(0.,0.,1.));
#13619=DIRECTION('',(0.,1.,0.));
#13620=DIRECTION('',(0.,0.,-1.));
#13621=DIRECTION('',(0.,-1.,0.));
#13622=DIRECTION('',(0.,-1.,0.));
#13623=DIRECTION('',(1.,0.,0.));
#13624=DIRECTION('',(0.,-1.,0.));
#13625=DIRECTION('',(-1.,0.,0.));
#13626=DIRECTION('',(0.,1.,0.));
#13627=DIRECTION('',(1.,0.,0.));
#13628=DIRECTION('',(0.,0.,-1.));
#13629=DIRECTION('',(0.,1.,0.));
#13630=DIRECTION('',(0.,0.,1.));
#13631=DIRECTION('',(0.,0.,1.));
#13632=DIRECTION('',(-1.,0.,0.));
#13633=DIRECTION('',(0.,0.,1.));
#13634=DIRECTION('',(1.,0.,0.));
#13635=DIRECTION('',(0.,-1.,0.));
#13636=DIRECTION('',(1.,0.,0.));
#13637=DIRECTION('',(0.,1.,0.));
#13638=DIRECTION('',(1.,0.,0.));
#13639=DIRECTION('',(0.,-1.,0.));
#13640=DIRECTION('',(1.,0.,0.));
#13641=DIRECTION('',(0.,0.,1.));
#13642=DIRECTION('',(-1.29247260258148E-36,-1.,0.));
#13643=DIRECTION('',(0.,-1.,0.));
#13644=DIRECTION('',(0.,1.,0.));
#13645=DIRECTION('',(-1.,0.,0.));
#13646=DIRECTION('',(0.,0.,1.));
#13647=DIRECTION('',(0.,0.,1.));
#13648=DIRECTION('',(0.,0.,1.));
#13649=DIRECTION('',(1.,0.,0.));
#13650=DIRECTION('',(0.,1.,0.));
#13651=DIRECTION('',(0.,0.,1.));
#13652=DIRECTION('',(0.,1.,0.));
#13653=DIRECTION('',(0.,0.,-1.));
#13654=DIRECTION('',(0.,1.,0.));
#13655=DIRECTION('',(0.,0.95170861776024,0.307002779923722));
#13656=DIRECTION('',(1.,0.,0.));
#13657=DIRECTION('',(0.,-0.307002779923728,0.951708617760238));
#13658=DIRECTION('',(-1.,0.,0.));
#13659=DIRECTION('',(0.,-0.307002779922773,0.951708617760546));
#13660=DIRECTION('',(-1.,0.,0.));
#13661=DIRECTION('',(0.,0.,1.));
#13662=DIRECTION('',(1.,0.,0.));
#13663=DIRECTION('',(0.,-1.,0.));
#13664=DIRECTION('',(-1.,0.,0.));
#13665=DIRECTION('',(0.,1.,0.));
#13666=DIRECTION('',(-1.,0.,0.));
#13667=DIRECTION('',(0.,-1.,0.));
#13668=DIRECTION('',(0.,0.,-1.));
#13669=DIRECTION('',(0.,0.,1.));
#13670=DIRECTION('',(0.,-1.,0.));
#13671=DIRECTION('',(0.,0.,-1.));
#13672=DIRECTION('',(0.,0.,1.));
#13673=DIRECTION('',(-1.,0.,0.));
#13674=DIRECTION('',(-0.707106781186558,0.,-0.707106781186537));
#13675=DIRECTION('',(-1.,0.,0.));
#13676=DIRECTION('',(0.,1.,0.));
#13677=DIRECTION('',(1.,0.,0.));
#13678=DIRECTION('',(0.,0.,-1.));
#13679=DIRECTION('',(1.,0.,0.));
#13680=DIRECTION('',(0.,0.,1.));
#13681=DIRECTION('',(-1.,0.,0.));
#13682=DIRECTION('',(0.,1.,0.));
#13683=DIRECTION('',(1.,0.,0.));
#13684=DIRECTION('',(-1.,0.,0.));
#13685=DIRECTION('',(0.,0.,1.));
#13686=DIRECTION('',(-0.707106781186545,0.,0.70710678118655));
#13687=DIRECTION('',(0.,0.,-1.));
#13688=DIRECTION('',(-1.,0.,0.));
#13689=DIRECTION('',(0.,0.,-1.));
#13690=DIRECTION('',(0.,-1.,0.));
#13691=DIRECTION('',(0.,0.,-1.));
#13692=DIRECTION('',(0.,0.,1.));
#13693=DIRECTION('',(0.,0.,1.));
#13694=DIRECTION('',(-1.,0.,0.));
#13695=DIRECTION('',(-0.707106781186558,0.,-0.707106781186537));
#13696=DIRECTION('',(-1.,0.,0.));
#13697=DIRECTION('',(0.707096917754172,0.70711664448134,0.));
#13698=DIRECTION('',(0.,0.,-1.));
#13699=DIRECTION('',(0.,0.,-1.));
#13700=DIRECTION('',(-0.577355638049832,0.577339531319436,0.577355638049829));
#13701=DIRECTION('',(0.,0.,1.));
#13702=DIRECTION('',(-0.70711664448134,0.707096917754172,0.));
#13703=DIRECTION('',(0.,1.,0.));
#13704=DIRECTION('',(-1.,0.,0.));
#13705=DIRECTION('',(0.,1.,0.));
#13706=DIRECTION('',(0.,0.,1.));
#13707=DIRECTION('',(0.70711664448134,0.707096917754172,0.));
#13708=DIRECTION('',(0.,-0.707096917754172,-0.70711664448134));
#13709=DIRECTION('',(0.,0.,-1.));
#13710=DIRECTION('',(0.,-1.,0.));
#13711=DIRECTION('',(0.,-1.,0.));
#13712=DIRECTION('',(-1.,0.,0.));
#13713=DIRECTION('',(0.,1.,0.));
#13714=DIRECTION('',(0.,-1.,0.));
#13715=DIRECTION('',(0.,1.,0.));
#13716=DIRECTION('',(0.,1.,0.));
#13717=DIRECTION('',(1.,0.,0.));
#13718=DIRECTION('',(0.,0.,1.));
#13719=DIRECTION('',(1.,0.,0.));
#13720=DIRECTION('',(0.,0.,-1.));
#13721=DIRECTION('',(0.,0.951708617760242,0.307002779923717));
#13722=DIRECTION('',(1.,0.,0.));
#13723=DIRECTION('',(-1.,0.,0.));
#13724=DIRECTION('',(0.,-0.307002779922768,0.951708617760548));
#13725=DIRECTION('',(-1.,0.,0.));
#13726=DIRECTION('',(0.,0.,-1.));
#13727=DIRECTION('',(0.,-1.,0.));
#13728=DIRECTION('',(1.,0.,0.));
#13729=DIRECTION('',(0.,-1.,0.));
#13730=DIRECTION('',(-1.,0.,0.));
#13731=DIRECTION('',(0.,0.,1.));
#13732=DIRECTION('',(0.,0.,-1.));
#13733=DIRECTION('',(0.,-1.,0.));
#13734=DIRECTION('',(0.,0.,1.));
#13735=DIRECTION('',(0.,-1.,0.));
#13736=DIRECTION('',(0.,0.,1.));
#13737=DIRECTION('',(1.,0.,0.));
#13738=DIRECTION('',(-1.,0.,0.));
#13739=DIRECTION('',(1.,0.,0.));
#13740=DIRECTION('',(0.,-1.,0.));
#13741=DIRECTION('',(0.,0.,-1.));
#13742=DIRECTION('',(0.,-1.,0.));
#13743=DIRECTION('',(0.,-1.,0.));
#13744=DIRECTION('',(1.,0.,0.));
#13745=DIRECTION('',(0.,-1.,0.));
#13746=DIRECTION('',(-1.,0.,0.));
#13747=DIRECTION('',(0.,-1.,0.));
#13748=DIRECTION('',(0.,0.,1.));
#13749=DIRECTION('',(0.,-1.,0.));
#13750=DIRECTION('',(0.,0.,-1.));
#13751=DIRECTION('',(0.,1.,0.));
#13752=DIRECTION('',(0.,-1.,0.));
#13753=DIRECTION('',(0.,0.,1.));
#13754=DIRECTION('',(0.,1.,0.));
#13755=DIRECTION('',(0.,0.,1.));
#13756=DIRECTION('',(0.70711664448134,0.707096917754172,0.));
#13757=DIRECTION('',(0.,-1.,0.));
#13758=DIRECTION('',(1.,0.,0.));
#13759=DIRECTION('',(0.,0.70711664448134,0.707096917754172));
#13760=DIRECTION('',(1.,0.,0.));
#13761=DIRECTION('',(1.,0.,0.));
#13762=DIRECTION('',(0.,-0.707096917754172,0.70711664448134));
#13763=DIRECTION('',(1.,0.,0.));
#13764=DIRECTION('',(0.,0.707096917754172,-0.70711664448134));
#13765=DIRECTION('',(0.,0.,1.));
#13766=DIRECTION('',(1.,0.,0.));
#13767=DIRECTION('',(-1.,0.,0.));
#13768=DIRECTION('',(0.,-1.,0.));
#13769=DIRECTION('',(1.,0.,0.));
#13770=DIRECTION('',(0.,-1.,0.));
#13771=DIRECTION('',(0.,-1.,0.));
#13772=DIRECTION('',(0.,0.,-1.));
#13773=DIRECTION('',(0.,0.,-1.));
#13774=DIRECTION('',(0.,0.,1.));
#13775=DIRECTION('',(-1.,0.,0.));
#13776=DIRECTION('',(0.,0.,-1.));
#13777=DIRECTION('',(0.,-1.,0.));
#13778=DIRECTION('',(1.,0.,0.));
#13779=DIRECTION('',(0.,0.,-1.));
#13780=DIRECTION('',(-1.,0.,0.));
#13781=DIRECTION('',(0.,0.,-1.));
#13782=DIRECTION('',(-1.,0.,0.));
#13783=DIRECTION('',(0.,0.707106781186155,0.70710678118694));
#13784=DIRECTION('',(1.,0.,0.));
#13785=DIRECTION('',(0.,0.707106781186198,-0.707106781186897));
#13786=DIRECTION('',(-1.,0.,0.));
#13787=DIRECTION('',(0.,-0.707106781186198,0.707106781186897));
#13788=DIRECTION('',(1.,0.,0.));
#13789=DIRECTION('',(0.,0.,1.));
#13790=DIRECTION('',(1.,0.,0.));
#13791=DIRECTION('',(-1.,0.,0.));
#13792=DIRECTION('',(0.,1.,0.));
#13793=DIRECTION('',(1.,0.,0.));
#13794=DIRECTION('',(0.,1.,0.));
#13795=DIRECTION('',(0.,0.,-1.));
#13796=DIRECTION('',(0.,-1.,0.));
#13797=DIRECTION('',(1.,0.,0.));
#13798=DIRECTION('',(0.,-1.,0.));
#13799=DIRECTION('',(-0.70710678118655,0.,-0.707106781186545));
#13800=DIRECTION('',(-0.707106781186545,0.,0.70710678118655));
#13801=DIRECTION('',(0.,-1.,0.));
#13802=DIRECTION('',(0.,-1.,0.));
#13803=DIRECTION('',(0.,0.,-1.));
#13804=DIRECTION('',(0.,-1.,0.));
#13805=DIRECTION('',(0.,-1.,0.));
#13806=DIRECTION('',(0.,-1.,0.));
#13807=DIRECTION('',(0.,0.,1.));
#13808=DIRECTION('',(-1.,0.,0.));
#13809=DIRECTION('',(0.,-1.,0.));
#13810=DIRECTION('',(-1.,0.,0.));
#13811=DIRECTION('',(0.,-1.,0.));
#13812=DIRECTION('',(0.,0.,1.));
#13813=DIRECTION('',(-1.,0.,0.));
#13814=DIRECTION('',(0.,0.,1.));
#13815=DIRECTION('',(-1.,0.,0.));
#13816=DIRECTION('',(1.,0.,0.));
#13817=DIRECTION('',(0.,1.,0.));
#13818=DIRECTION('',(0.,1.,0.));
#13819=DIRECTION('',(0.,1.,0.));
#13820=DIRECTION('',(0.,0.,1.));
#13821=DIRECTION('',(0.,-1.,0.));
#13822=DIRECTION('',(0.,0.,-1.));
#13823=DIRECTION('',(0.,0.,1.));
#13824=DIRECTION('',(-1.,0.,0.));
#13825=DIRECTION('',(-0.707106781186558,0.,-0.707106781186537));
#13826=DIRECTION('',(0.,0.,-1.));
#13827=DIRECTION('',(0.707106781186558,0.,-0.707106781186537));
#13828=DIRECTION('',(-1.,0.,0.));
#13829=DIRECTION('',(0.,-1.,0.));
#13830=DIRECTION('',(0.,0.,-1.));
#13831=DIRECTION('',(0.,0.,1.));
#13832=DIRECTION('',(-1.,0.,0.));
#13833=DIRECTION('',(0.,0.,-1.));
#13834=DIRECTION('',(-1.,0.,0.));
#13835=DIRECTION('',(0.,0.,-1.));
#13836=DIRECTION('',(0.,-1.,0.));
#13837=DIRECTION('',(0.,1.,0.));
#13838=DIRECTION('',(0.,-1.,0.));
#13839=DIRECTION('',(0.,0.,-1.));
#13840=DIRECTION('',(0.,0.,1.));
#13841=DIRECTION('',(0.,0.,1.));
#13842=DIRECTION('',(0.707106781186537,0.,-0.707106781186558));
#13843=DIRECTION('',(0.,-1.,0.));
#13844=DIRECTION('',(0.707106781186558,0.,0.707106781186537));
#13845=DIRECTION('',(0.,-1.,0.));
#13846=DIRECTION('',(0.,-1.,0.));
#13847=DIRECTION('',(0.,-0.951708617760242,0.307002779923717));
#13848=DIRECTION('',(-1.,0.,0.));
#13849=DIRECTION('',(1.,0.,0.));
#13850=DIRECTION('',(1.,0.,0.));
#13851=DIRECTION('',(0.,-0.307002779922762,-0.95170861776055));
#13852=DIRECTION('',(0.707106781186537,0.,0.707106781186558));
#13853=DIRECTION('',(0.,-1.,0.));
#13854=DIRECTION('',(-0.707106781186558,0.,0.707106781186537));
#13855=DIRECTION('',(0.,-1.,0.));
#13856=DIRECTION('',(0.707106781186558,0.,-0.707106781186537));
#13857=DIRECTION('',(0.,0.,-1.));
#13858=DIRECTION('',(0.,-1.,0.));
#13859=DIRECTION('',(-1.,0.,0.));
#13860=DIRECTION('',(1.,0.,0.));
#13861=DIRECTION('',(-1.,0.,0.));
#13862=DIRECTION('',(0.,0.,1.));
#13863=DIRECTION('',(0.,0.,-1.));
#13864=DIRECTION('',(0.,1.,0.));
#13865=DIRECTION('',(0.,0.,1.));
#13866=DIRECTION('',(0.,0.,-1.));
#13867=DIRECTION('',(0.,-1.,0.));
#13868=DIRECTION('',(0.,1.,0.));
#13869=DIRECTION('',(-1.,0.,0.));
#13870=DIRECTION('',(1.,0.,0.));
#13871=DIRECTION('',(0.,0.,-1.));
#13872=DIRECTION('',(-1.,0.,0.));
#13873=DIRECTION('',(-1.,0.,0.));
#13874=DIRECTION('',(0.,0.,1.));
#13875=DIRECTION('',(0.,0.,1.));
#13876=DIRECTION('',(0.,0.,-1.));
#13877=DIRECTION('',(0.,1.,0.));
#13878=DIRECTION('',(0.,0.,-1.));
#13879=DIRECTION('',(0.,-1.,0.));
#13880=DIRECTION('',(-2.5850580280684E-36,0.,-1.));
#13881=DIRECTION('',(0.,-1.,0.));
#13882=DIRECTION('',(0.,-1.,0.));
#13883=DIRECTION('',(0.,0.,1.));
#13884=DIRECTION('',(0.,1.,0.));
#13885=DIRECTION('',(0.707096917754172,0.70711664448134,0.));
#13886=DIRECTION('',(0.,0.,-1.));
#13887=DIRECTION('',(0.,0.,-1.));
#13888=DIRECTION('',(-0.577355638049832,0.577339531319436,0.577355638049829));
#13889=DIRECTION('',(0.,0.,1.));
#13890=DIRECTION('',(-0.70711664448134,0.707096917754172,0.));
#13891=DIRECTION('',(0.,-1.,0.));
#13892=DIRECTION('',(0.,0.,-1.));
#13893=DIRECTION('',(0.,0.,1.));
#13894=DIRECTION('',(0.,0.,1.));
#13895=DIRECTION('',(-0.668964731626229,0.,-0.743294146243764));
#13896=DIRECTION('',(-0.743294146243764,0.,0.668964731626229));
#13897=DIRECTION('',(0.743294146243764,0.,-0.668964731626229));
#13898=DIRECTION('',(-0.743294146243764,0.,0.668964731626229));
#13899=DIRECTION('',(0.,1.,0.));
#13900=DIRECTION('',(1.,0.,0.));
#13901=DIRECTION('',(0.707106781186558,0.,0.707106781186537));
#13902=DIRECTION('',(1.,0.,0.));
#13903=DIRECTION('',(0.,0.,1.));
#13904=DIRECTION('',(0.,0.,-1.));
#13905=DIRECTION('',(1.,0.,0.));
#13906=DIRECTION('',(-0.707106781186558,0.,0.707106781186537));
#13907=DIRECTION('',(0.,0.,1.));
#13908=DIRECTION('',(1.,0.,0.));
#13909=DIRECTION('',(-1.,0.,0.));
#13910=DIRECTION('',(1.,0.,0.));
#13911=DIRECTION('',(0.,0.,-1.));
#13912=DIRECTION('',(0.,-1.,0.));
#13913=DIRECTION('',(1.,0.,0.));
#13914=DIRECTION('',(0.,1.,0.));
#13915=DIRECTION('',(-1.,0.,0.));
#13916=DIRECTION('',(0.,0.,1.));
#13917=DIRECTION('',(-1.,0.,0.));
#13918=DIRECTION('',(0.,0.,-1.));
#13919=DIRECTION('',(1.,0.,0.));
#13920=DIRECTION('',(0.,1.,0.));
#13921=DIRECTION('',(0.,0.707096917754172,0.70711664448134));
#13922=DIRECTION('',(0.,1.,0.));
#13923=DIRECTION('',(-1.,0.,0.));
#13924=DIRECTION('',(0.,0.,-1.));
#13925=DIRECTION('',(0.,1.,0.));
#13926=DIRECTION('',(0.,0.707096917754172,-0.70711664448134));
#13927=DIRECTION('',(0.,0.,-1.));
#13928=DIRECTION('',(0.,0.707096917754172,0.70711664448134));
#13929=DIRECTION('',(0.,1.,0.));
#13930=DIRECTION('',(0.,0.707096917754172,-0.70711664448134));
#13931=DIRECTION('',(0.,0.,-1.));
#13932=DIRECTION('',(0.,0.,1.));
#13933=DIRECTION('',(0.,0.707096917754172,0.70711664448134));
#13934=DIRECTION('',(0.,1.,0.));
#13935=DIRECTION('',(0.,0.,-1.));
#13936=DIRECTION('',(0.,1.,0.));
#13937=DIRECTION('',(0.,1.,0.));
#13938=DIRECTION('',(0.,0.,-1.));
#13939=DIRECTION('',(0.,1.,0.));
#13940=DIRECTION('',(0.,0.,1.));
#13941=DIRECTION('',(0.,0.707096917754172,0.70711664448134));
#13942=DIRECTION('',(0.,1.,0.));
#13943=DIRECTION('',(0.,0.,-1.));
#13944=DIRECTION('',(0.,0.,1.));
#13945=DIRECTION('',(-1.,0.,-2.50008131491292E-21));
#13946=DIRECTION('',(3.76158192263132E-37,0.,-1.));
#13947=DIRECTION('',(0.,0.,1.));
#13948=DIRECTION('',(1.,0.,0.));
#13949=DIRECTION('',(0.,0.,-1.));
#13950=DIRECTION('',(0.,0.,-1.));
#13951=DIRECTION('',(1.,0.,0.));
#13952=DIRECTION('',(0.,0.,-1.));
#13953=DIRECTION('',(-1.,0.,0.));
#13954=DIRECTION('',(0.,0.,-1.));
#13955=DIRECTION('',(0.,-1.,0.));
#13956=DIRECTION('',(1.,0.,0.));
#13957=DIRECTION('',(0.,0.,-1.));
#13958=DIRECTION('',(0.,0.707106781186547,0.707106781186548));
#13959=DIRECTION('',(1.,0.,0.));
#13960=DIRECTION('',(0.,1.,0.));
#13961=DIRECTION('',(0.,0.,1.));
#13962=DIRECTION('',(0.,-1.,0.));
#13963=DIRECTION('',(0.,0.,1.));
#13964=DIRECTION('',(0.,0.,-1.));
#13965=DIRECTION('',(0.,-1.,0.));
#13966=DIRECTION('',(1.,0.,0.));
#13967=DIRECTION('',(0.,-1.,0.));
#13968=DIRECTION('',(-0.66896473162623,0.,0.743294146243764));
#13969=DIRECTION('',(0.,1.,0.));
#13970=DIRECTION('',(-0.743294146243764,0.,-0.66896473162623));
#13971=DIRECTION('',(0.743294146247168,0.,0.668964731622448));
#13972=DIRECTION('',(-0.668964731626229,0.,-0.743294146243764));
#13973=DIRECTION('',(-0.743294146243764,0.,0.668964731626229));
#13974=DIRECTION('',(0.743294146243764,0.,-0.668964731626229));
#13975=DIRECTION('',(-0.743294146243764,0.,0.668964731626229));
#13976=DIRECTION('',(0.,-1.,0.));
#13977=DIRECTION('',(0.,0.,1.));
#13978=DIRECTION('',(1.,0.,0.));
#13979=DIRECTION('',(0.,1.,0.));
#13980=DIRECTION('',(0.,0.,-1.));
#13981=DIRECTION('',(1.,0.,0.));
#13982=DIRECTION('',(1.,0.,0.));
#13983=DIRECTION('',(0.,-1.,0.));
#13984=DIRECTION('',(1.,0.,0.));
#13985=DIRECTION('',(0.,0.,1.));
#13986=DIRECTION('',(1.,0.,0.));
#13987=DIRECTION('',(0.,0.,-1.));
#13988=DIRECTION('',(0.,-1.,0.));
#13989=DIRECTION('',(1.,0.,0.));
#13990=DIRECTION('',(0.,-1.,0.));
#13991=DIRECTION('',(0.707106781186537,0.,-0.707106781186558));
#13992=DIRECTION('',(0.,-1.,0.));
#13993=DIRECTION('',(0.707106781186558,0.,0.707106781186537));
#13994=DIRECTION('',(0.,0.,1.));
#13995=DIRECTION('',(-1.,0.,0.));
#13996=DIRECTION('',(0.,0.,1.));
#13997=DIRECTION('',(0.,0.,-1.));
#13998=DIRECTION('',(0.,0.,-1.));
#13999=DIRECTION('',(1.,0.,0.));
#14000=DIRECTION('',(0.,0.,-1.));
#14001=DIRECTION('',(0.,1.,0.));
#14002=DIRECTION('',(1.,0.,0.));
#14003=DIRECTION('',(0.,0.,1.));
#14004=DIRECTION('',(0.,0.,-1.));
#14005=DIRECTION('',(0.,-1.,0.));
#14006=DIRECTION('',(0.,0.,-1.));
#14007=DIRECTION('',(0.,0.,1.));
#14008=DIRECTION('',(0.,0.,-1.));
#14009=DIRECTION('',(0.,1.,0.));
#14010=DIRECTION('',(0.,-0.951708617760242,0.307002779923717));
#14011=DIRECTION('',(-1.,0.,0.));
#14012=DIRECTION('',(1.,0.,0.));
#14013=DIRECTION('',(0.,0.307002779923297,0.951708617760377));
#14014=DIRECTION('',(0.,-0.307002779922768,-0.951708617760548));
#14015=DIRECTION('',(0.,1.,0.));
#14016=DIRECTION('',(1.,0.,0.));
#14017=DIRECTION('',(0.,0.,1.));
#14018=DIRECTION('',(-1.,0.,0.));
#14019=DIRECTION('',(0.,0.,1.));
#14020=DIRECTION('',(0.707106781186537,0.,0.707106781186558));
#14021=DIRECTION('',(0.,-1.,0.));
#14022=DIRECTION('',(0.,-1.,0.));
#14023=DIRECTION('',(0.707106781186558,0.,-0.707106781186537));
#14024=DIRECTION('',(0.,0.951708617760242,0.307002779923715));
#14025=DIRECTION('',(1.,0.,0.));
#14026=DIRECTION('',(0.,-0.307002779923721,0.95170861776024));
#14027=DIRECTION('',(-1.,0.,0.));
#14028=DIRECTION('',(0.,-0.307002779922763,0.95170861776055));
#14029=DIRECTION('',(-1.,0.,0.));
#14030=DIRECTION('',(0.999999999892953,-1.03463591166197E-5,1.03463560719996E-5));
#14031=DIRECTION('',(1.03463560719996E-5,-5.35235744614203E-11,-0.999999999946476));
#14032=DIRECTION('',(0.707106781113003,0.707106781108702,1.46321084671674E-5));
#14033=DIRECTION('',(-1.,0.,0.));
#14034=DIRECTION('',(0.,1.,0.));
#14035=DIRECTION('',(-0.70710678111085,1.4632112772955E-5,0.707106781110855));
#14036=DIRECTION('',(1.,0.,0.));
#14037=DIRECTION('',(0.,1.,0.));
#14038=DIRECTION('',(1.,0.,0.));
#14039=DIRECTION('',(0.,0.,-1.));
#14040=DIRECTION('',(0.,-1.,0.));
#14041=DIRECTION('',(1.,0.,0.));
#14042=DIRECTION('',(0.,0.,-1.));
#14043=DIRECTION('',(1.,0.,0.));
#14044=DIRECTION('',(0.,0.,-1.));
#14045=DIRECTION('',(0.,0.,1.));
#14046=DIRECTION('',(0.,0.,-1.));
#14047=DIRECTION('',(0.,-1.,0.));
#14048=DIRECTION('',(0.,1.,0.));
#14049=DIRECTION('',(1.,0.,0.));
#14050=DIRECTION('',(0.707106781188698,0.707106781184397,0.));
#14051=DIRECTION('',(1.,0.,0.));
#14052=DIRECTION('',(0.,0.,1.));
#14053=DIRECTION('',(1.,0.,0.));
#14054=DIRECTION('',(1.,0.,0.));
#14055=DIRECTION('',(0.,-1.,0.));
#14056=DIRECTION('',(1.,0.,0.));
#14057=DIRECTION('',(0.,-0.951708617760243,0.307002779923713));
#14058=DIRECTION('',(-1.,0.,0.));
#14059=DIRECTION('',(1.,0.,0.));
#14060=DIRECTION('',(0.,0.307002779923293,0.951708617760379));
#14061=DIRECTION('',(-1.,0.,0.));
#14062=DIRECTION('',(0.,-0.307002779922765,-0.951708617760549));
#14063=DIRECTION('',(0.,-1.,0.));
#14064=DIRECTION('',(0.,0.,-1.));
#14065=DIRECTION('',(0.,0.,-1.));
#14066=DIRECTION('',(0.,0.,1.));
#14067=DIRECTION('',(0.,0.,-1.));
#14068=DIRECTION('',(0.,-1.,0.));
#14069=DIRECTION('',(0.,-1.,0.));
#14070=DIRECTION('',(-1.,0.,0.));
#14071=DIRECTION('',(0.,0.,-1.));
#14072=DIRECTION('',(0.,-1.,0.));
#14073=DIRECTION('',(0.,-1.,0.));
#14074=DIRECTION('',(0.,-1.,0.));
#14075=DIRECTION('',(-1.,0.,0.));
#14076=DIRECTION('',(0.,0.,1.));
#14077=DIRECTION('',(0.,0.,1.));
#14078=DIRECTION('',(0.,1.,0.));
#14079=DIRECTION('',(1.,0.,0.));
#14080=DIRECTION('',(0.,1.,0.));
#14081=DIRECTION('',(-0.707106781185903,-0.707106781187192,0.));
#14082=DIRECTION('',(-0.707106781187192,0.707106781185903,0.));
#14083=DIRECTION('',(0.,0.,1.));
#14084=DIRECTION('',(0.,0.,1.));
#14085=DIRECTION('',(-0.707106781186545,0.70710678118655,0.));
#14086=DIRECTION('',(0.,1.,0.));
#14087=DIRECTION('',(0.,0.,-1.));
#14088=DIRECTION('',(0.,1.,0.));
#14089=DIRECTION('',(0.,1.,0.));
#14090=DIRECTION('',(0.,0.,-1.));
#14091=DIRECTION('',(0.,-1.,0.));
#14092=DIRECTION('',(0.,0.,-1.));
#14093=DIRECTION('',(0.,-1.,0.));
#14094=DIRECTION('',(0.,0.,-1.));
#14095=DIRECTION('',(0.,0.,1.));
#14096=DIRECTION('',(1.,0.,0.));
#14097=DIRECTION('',(-1.,0.,0.));
#14098=DIRECTION('',(0.,0.,1.));
#14099=DIRECTION('',(0.,1.,0.));
#14100=DIRECTION('',(0.,0.,1.));
#14101=DIRECTION('',(-1.,0.,0.));
#14102=DIRECTION('',(0.,0.,1.));
#14103=DIRECTION('',(0.,0.307002779923293,0.951708617760379));
#14104=DIRECTION('',(0.,1.,0.));
#14105=DIRECTION('',(0.,0.,1.));
#14106=DIRECTION('',(1.,0.,0.));
#14107=DIRECTION('',(0.,-1.,0.));
#14108=DIRECTION('',(0.,0.,-1.));
#14109=DIRECTION('',(0.,-1.,0.));
#14110=DIRECTION('',(0.,1.,0.));
#14111=DIRECTION('',(0.,-1.,0.));
#14112=DIRECTION('',(-1.,0.,0.));
#14113=DIRECTION('',(0.,0.,1.));
#14114=DIRECTION('',(0.,1.,0.));
#14115=DIRECTION('',(0.,0.,1.));
#14116=DIRECTION('',(0.,1.,0.));
#14117=DIRECTION('',(0.,0.,-1.));
#14118=DIRECTION('',(0.,-1.,0.));
#14119=DIRECTION('',(-1.,0.,0.));
#14120=DIRECTION('',(1.,0.,0.));
#14121=DIRECTION('',(0.,0.,1.));
#14122=DIRECTION('',(1.,0.,0.));
#14123=DIRECTION('',(1.,0.,0.));
#14124=DIRECTION('',(-1.,0.,0.));
#14125=DIRECTION('',(0.,0.,1.));
#14126=DIRECTION('',(0.,1.,0.));
#14127=DIRECTION('',(0.,0.,1.));
#14128=DIRECTION('',(0.,-0.70711664448134,0.707096917754172));
#14129=DIRECTION('',(-1.,0.,0.));
#14130=DIRECTION('',(-1.,0.,0.));
#14131=DIRECTION('',(0.,-0.707096917754172,-0.70711664448134));
#14132=DIRECTION('',(-1.,0.,0.));
#14133=DIRECTION('',(0.,-1.,0.));
#14134=DIRECTION('',(0.,0.,-1.));
#14135=DIRECTION('',(0.,1.,0.));
#14136=DIRECTION('',(0.,0.,-1.));
#14137=DIRECTION('',(0.,0.,1.));
#14138=DIRECTION('',(1.,0.,0.));
#14139=DIRECTION('',(0.,0.,-1.));
#14140=DIRECTION('',(0.,0.70711664448134,0.707096917754172));
#14141=DIRECTION('',(1.,0.,0.));
#14142=DIRECTION('',(0.,-0.707096917754172,0.70711664448134));
#14143=DIRECTION('',(1.,0.,0.));
#14144=DIRECTION('',(0.,-1.,0.));
#14145=DIRECTION('',(0.,0.,-1.));
#14146=DIRECTION('',(0.743294146247168,0.,-0.668964731622448));
#14147=DIRECTION('',(0.,0.,-1.));
#14148=DIRECTION('',(-1.,0.,0.));
#14149=DIRECTION('',(0.,0.,1.));
#14150=DIRECTION('',(0.,-1.,0.));
#14151=DIRECTION('',(0.,1.,0.));
#14152=DIRECTION('',(0.,1.,0.));
#14153=DIRECTION('',(1.,0.,0.));
#14154=DIRECTION('',(0.,0.,1.));
#14155=DIRECTION('',(0.,0.,-1.));
#14156=DIRECTION('',(0.,-1.,0.));
#14157=DIRECTION('',(-1.,0.,0.));
#14158=DIRECTION('',(0.,1.,0.));
#14159=DIRECTION('',(1.,0.,0.));
#14160=DIRECTION('',(0.,-1.,0.));
#14161=DIRECTION('',(0.,-1.,0.));
#14162=DIRECTION('',(0.,0.,-1.));
#14163=DIRECTION('',(0.,0.,1.));
#14164=DIRECTION('',(-1.,0.,0.));
#14165=DIRECTION('',(0.,0.,1.));
#14166=DIRECTION('',(0.,1.,0.));
#14167=DIRECTION('',(-1.,0.,0.));
#14168=DIRECTION('',(0.,0.,1.));
#14169=DIRECTION('',(0.,1.,0.));
#14170=DIRECTION('',(0.,-1.,0.));
#14171=DIRECTION('',(0.,0.,-1.));
#14172=DIRECTION('',(0.707106781186558,0.,0.707106781186537));
#14173=DIRECTION('',(0.,0.,-1.));
#14174=DIRECTION('',(1.,0.,0.));
#14175=DIRECTION('',(-1.,0.,0.));
#14176=DIRECTION('',(0.,0.,1.));
#14177=DIRECTION('',(0.,0.,1.));
#14178=DIRECTION('',(0.,0.,1.));
#14179=DIRECTION('',(1.,0.,0.));
#14180=DIRECTION('',(-1.,0.,0.));
#14181=DIRECTION('',(0.,0.,1.));
#14182=DIRECTION('',(0.,0.,-1.));
#14183=DIRECTION('',(0.,-1.,0.));
#14184=DIRECTION('',(0.,0.,1.));
#14185=DIRECTION('',(1.,0.,0.));
#14186=DIRECTION('',(-1.,0.,0.));
#14187=DIRECTION('',(0.,-1.,0.));
#14188=DIRECTION('',(0.,-1.,0.));
#14189=DIRECTION('',(0.,0.,-1.));
#14190=DIRECTION('',(-1.,0.,0.));
#14191=DIRECTION('',(0.,0.,1.));
#14192=DIRECTION('',(0.,-1.,0.));
#14193=DIRECTION('',(-1.,0.,0.));
#14194=DIRECTION('',(0.,0.,1.));
#14195=DIRECTION('',(0.,0.,-1.));
#14196=DIRECTION('',(0.,0.,1.));
#14197=DIRECTION('',(0.,0.,1.));
#14198=DIRECTION('',(-1.,0.,0.));
#14199=DIRECTION('',(0.,1.,0.));
#14200=DIRECTION('',(1.,0.,0.));
#14201=DIRECTION('',(0.,0.,-1.));
#14202=DIRECTION('',(1.,0.,0.));
#14203=DIRECTION('',(1.,0.,0.));
#14204=DIRECTION('',(0.,1.,0.));
#14205=DIRECTION('',(1.,0.,0.));
#14206=DIRECTION('',(0.,0.,1.));
#14207=DIRECTION('',(0.,0.,1.));
#14208=DIRECTION('',(1.,0.,0.));
#14209=DIRECTION('',(0.,0.,-1.));
#14210=DIRECTION('',(0.,-0.707106781186547,-0.707106781186548));
#14211=DIRECTION('',(1.,0.,0.));
#14212=DIRECTION('',(0.,0.,-1.));
#14213=DIRECTION('',(0.,-1.,0.));
#14214=DIRECTION('',(0.,1.,0.));
#14215=DIRECTION('',(1.,0.,0.));
#14216=DIRECTION('',(1.,0.,0.));
#14217=DIRECTION('',(0.,-1.,0.));
#14218=DIRECTION('',(0.,0.,1.));
#14219=DIRECTION('',(0.,0.,-1.));
#14220=DIRECTION('',(1.,0.,0.));
#14221=DIRECTION('',(-0.707106781186537,0.,0.707106781186558));
#14222=DIRECTION('',(0.,0.,1.));
#14223=DIRECTION('',(0.,-0.70711664448134,0.707096917754172));
#14224=DIRECTION('',(-1.,0.,0.));
#14225=DIRECTION('',(0.707096917754172,-0.70711664448134,0.));
#14226=DIRECTION('',(0.,0.,-1.));
#14227=DIRECTION('',(0.,0.,-1.));
#14228=DIRECTION('',(-0.577355638049832,-0.577339531319436,0.577355638049829));
#14229=DIRECTION('',(0.,0.,1.));
#14230=DIRECTION('',(0.70711664448134,0.707096917754172,0.));
#14231=DIRECTION('',(0.,-0.70711664448134,0.707096917754172));
#14232=DIRECTION('',(-1.,0.,0.));
#14233=DIRECTION('',(1.,0.,0.));
#14234=DIRECTION('',(0.,1.,0.));
#14235=DIRECTION('',(0.,0.,1.));
#14236=DIRECTION('',(0.,1.,0.));
#14237=DIRECTION('',(0.,0.,1.));
#14238=DIRECTION('',(0.,0.,1.));
#14239=DIRECTION('',(1.,0.,0.));
#14240=DIRECTION('',(0.,1.,0.));
#14241=DIRECTION('',(1.,0.,0.));
#14242=DIRECTION('',(0.,1.,0.));
#14243=DIRECTION('',(0.707106781186546,0.,0.707106781186549));
#14244=DIRECTION('',(0.,-1.,0.));
#14245=DIRECTION('',(-0.577355638049832,0.577339531319436,0.577355638049829));
#14246=DIRECTION('',(0.,1.,0.));
#14247=DIRECTION('',(-0.577355638049832,-0.577339531319436,0.577355638049829));
#14248=DIRECTION('',(-0.668964731626229,0.,-0.743294146243764));
#14249=DIRECTION('',(-0.743294146243764,0.,0.668964731626229));
#14250=DIRECTION('',(1.,0.,0.));
#14251=DIRECTION('',(0.,1.,0.));
#14252=DIRECTION('',(0.,1.,0.));
#14253=DIRECTION('',(0.,0.,1.));
#14254=DIRECTION('',(0.,1.,0.));
#14255=DIRECTION('',(0.,-1.,0.));
#14256=DIRECTION('',(0.,0.,-1.));
#14257=DIRECTION('',(0.707106781186558,0.,0.707106781186537));
#14258=DIRECTION('',(1.,0.,0.));
#14259=DIRECTION('',(0.,-1.,0.));
#14260=DIRECTION('',(0.,0.,-1.));
#14261=DIRECTION('',(0.,0.,-1.));
#14262=DIRECTION('',(0.,-1.,0.));
#14263=DIRECTION('',(0.,0.,1.));
#14264=DIRECTION('',(0.,1.,0.));
#14265=DIRECTION('',(0.,0.,1.));
#14266=DIRECTION('',(0.,-1.,0.));
#14267=DIRECTION('',(0.,1.,0.));
#14268=DIRECTION('',(0.,0.,1.));
#14269=DIRECTION('',(0.,1.,0.));
#14270=DIRECTION('',(0.,0.,1.));
#14271=DIRECTION('',(0.707096917754172,0.70711664448134,0.));
#14272=DIRECTION('',(0.,0.,-1.));
#14273=DIRECTION('',(0.,0.,-1.));
#14274=DIRECTION('',(0.,0.,1.));
#14275=DIRECTION('',(-0.70711664448134,0.707096917754172,0.));
#14276=DIRECTION('',(0.,0.,-1.));
#14277=DIRECTION('',(0.,-1.,0.));
#14278=DIRECTION('',(0.,-0.707106781186604,0.707106781186491));
#14279=DIRECTION('',(-1.,0.,0.));
#14280=DIRECTION('',(-1.,0.,0.));
#14281=DIRECTION('',(1.,0.,0.));
#14282=DIRECTION('',(-1.,0.,0.));
#14283=DIRECTION('',(0.,0.,-1.));
#14284=DIRECTION('',(1.,0.,0.));
#14285=DIRECTION('',(1.,0.,0.));
#14286=DIRECTION('',(0.,1.,0.));
#14287=DIRECTION('',(0.,1.,0.));
#14288=DIRECTION('',(0.,1.,0.));
#14289=DIRECTION('',(0.,0.,-1.));
#14290=DIRECTION('',(0.,1.,0.));
#14291=DIRECTION('',(0.,1.,0.));
#14292=DIRECTION('',(0.,0.,-1.));
#14293=DIRECTION('',(0.,-1.,0.));
#14294=DIRECTION('',(-1.,0.,0.));
#14295=DIRECTION('',(0.,0.,-1.));
#14296=DIRECTION('',(1.,0.,0.));
#14297=DIRECTION('',(0.,-1.,0.));
#14298=DIRECTION('',(0.,0.,1.));
#14299=DIRECTION('',(0.,-1.,0.));
#14300=DIRECTION('',(0.,0.,-1.));
#14301=DIRECTION('',(0.,1.,0.));
#14302=DIRECTION('',(-1.,0.,0.));
#14303=DIRECTION('',(0.,0.,1.));
#14304=DIRECTION('',(0.,1.,0.));
#14305=DIRECTION('',(0.,1.,0.));
#14306=DIRECTION('',(1.,0.,0.));
#14307=DIRECTION('',(0.,0.,1.));
#14308=DIRECTION('',(1.,0.,0.));
#14309=DIRECTION('',(-1.,-4.83943241001205E-19,0.));
#14310=DIRECTION('',(0.,-1.,0.));
#14311=DIRECTION('',(0.,1.,0.));
#14312=DIRECTION('',(0.,0.,-1.));
#14313=DIRECTION('',(0.,1.,0.));
#14314=DIRECTION('',(-1.,0.,0.));
#14315=DIRECTION('',(0.,0.,1.));
#14316=DIRECTION('',(1.,0.,0.));
#14317=DIRECTION('',(0.,1.,0.));
#14318=DIRECTION('',(0.,1.,0.));
#14319=DIRECTION('',(-1.,0.,0.));
#14320=DIRECTION('',(0.,0.,1.));
#14321=DIRECTION('',(0.,-1.,0.));
#14322=DIRECTION('',(0.,-1.,0.));
#14323=DIRECTION('',(0.,0.,-1.));
#14324=DIRECTION('',(1.,0.,0.));
#14325=DIRECTION('',(0.,1.,0.));
#14326=DIRECTION('',(0.,-1.,0.));
#14327=DIRECTION('',(0.,-1.,0.));
#14328=DIRECTION('',(0.,0.,-1.));
#14329=DIRECTION('',(0.,0.,1.));
#14330=DIRECTION('',(-0.707106781186555,0.,-0.70710678118654));
#14331=DIRECTION('',(-1.,0.,0.));
#14332=DIRECTION('',(-1.,0.,0.));
#14333=DIRECTION('',(0.,0.,1.));
#14334=DIRECTION('',(0.,-1.,0.));
#14335=DIRECTION('',(0.,0.,-1.));
#14336=DIRECTION('',(0.438423632018563,0.,0.898768445645291));
#14337=DIRECTION('',(1.,0.,0.));
#14338=DIRECTION('',(0.,-1.,0.));
#14339=DIRECTION('',(1.,0.,0.));
#14340=DIRECTION('',(0.,-1.,0.));
#14341=DIRECTION('',(0.,0.,-1.));
#14342=DIRECTION('',(0.,-0.707096917754172,0.70711664448134));
#14343=DIRECTION('',(0.,1.,0.));
#14344=DIRECTION('',(1.,0.,0.));
#14345=DIRECTION('',(0.,0.,-1.));
#14346=DIRECTION('',(0.707096917754172,0.70711664448134,0.));
#14347=DIRECTION('',(0.,0.,-1.));
#14348=DIRECTION('',(0.,0.,-1.));
#14349=DIRECTION('',(-0.577355638049832,0.577339531319436,0.577355638049829));
#14350=DIRECTION('',(-0.70711664448134,0.707096917754172,0.));
#14351=DIRECTION('',(3.42204320696197E-19,-0.70711664448134,0.707096917754172));
#14352=DIRECTION('',(-1.,-2.41976683359601E-19,2.41973308071632E-19));
#14353=DIRECTION('',(-1.,0.,4.83956742143751E-19));
#14354=DIRECTION('',(-0.668964731626229,0.,-0.743294146243764));
#14355=DIRECTION('',(-0.743294146243764,0.,0.668964731626229));
#14356=DIRECTION('',(0.743294146243764,0.,-0.668964731626229));
#14357=DIRECTION('',(0.,-1.,0.));
#14358=DIRECTION('',(0.,0.,-1.));
#14359=DIRECTION('',(1.,0.,0.));
#14360=DIRECTION('',(0.,0.,1.));
#14361=DIRECTION('',(0.,0.,1.));
#14362=DIRECTION('',(0.,0.,1.));
#14363=DIRECTION('',(1.,0.,0.));
#14364=DIRECTION('',(-0.70710678118655,0.,-0.707106781186545));
#14365=DIRECTION('',(-0.707106781186545,0.,0.70710678118655));
#14366=DIRECTION('',(-0.707106781186548,0.,0.707106781186548));
#14367=DIRECTION('',(0.,-1.,0.));
#14368=DIRECTION('',(0.,0.,-1.));
#14369=DIRECTION('',(-1.,0.,0.));
#14370=DIRECTION('',(-0.438423632021418,0.,-0.898768445643898));
#14371=DIRECTION('',(0.,1.,0.));
#14372=DIRECTION('',(0.,0.,-1.));
#14373=DIRECTION('',(0.,1.,0.));
#14374=DIRECTION('',(1.,0.,0.));
#14375=DIRECTION('',(0.,1.,0.));
#14376=DIRECTION('',(-1.,0.,0.));
#14377=DIRECTION('',(0.,0.,-1.));
#14378=DIRECTION('',(1.,0.,0.));
#14379=DIRECTION('',(-1.,0.,0.));
#14380=DIRECTION('',(1.,0.,0.));
#14381=DIRECTION('',(0.,0.,-1.));
#14382=DIRECTION('',(-1.,0.,0.));
#14383=DIRECTION('',(0.,0.,1.));
#14384=DIRECTION('',(0.,-1.,0.));
#14385=DIRECTION('',(0.,0.,1.));
#14386=DIRECTION('',(0.,-1.,0.));
#14387=DIRECTION('',(0.,0.,-1.));
#14388=DIRECTION('',(-1.,0.,0.));
#14389=DIRECTION('',(0.,0.,1.));
#14390=DIRECTION('',(1.,0.,0.));
#14391=DIRECTION('',(0.,0.70711664448134,0.707096917754172));
#14392=DIRECTION('',(1.,0.,0.));
#14393=DIRECTION('',(1.,0.,0.));
#14394=DIRECTION('',(1.,0.,0.));
#14395=DIRECTION('',(1.,0.,0.));
#14396=DIRECTION('',(0.,1.,0.));
#14397=DIRECTION('',(0.,0.,-1.));
#14398=DIRECTION('',(0.,1.,0.));
#14399=DIRECTION('',(0.,0.,-1.));
#14400=DIRECTION('',(1.,0.,0.));
#14401=DIRECTION('',(0.,0.,1.));
#14402=DIRECTION('',(0.,-1.,0.));
#14403=DIRECTION('',(1.,0.,0.));
#14404=DIRECTION('',(0.,1.,0.));
#14405=DIRECTION('',(0.,0.,1.));
#14406=DIRECTION('',(0.,-1.,0.));
#14407=DIRECTION('',(0.,0.,1.));
#14408=DIRECTION('',(0.,-1.,0.));
#14409=DIRECTION('',(0.,0.,-1.));
#14410=DIRECTION('',(0.,0.,1.));
#14411=DIRECTION('',(0.,0.,1.));
#14412=DIRECTION('',(0.,1.,0.));
#14413=DIRECTION('',(1.,0.,0.));
#14414=DIRECTION('',(0.,0.,1.));
#14415=DIRECTION('',(0.,0.,-1.));
#14416=DIRECTION('',(1.,0.,0.));
#14417=DIRECTION('',(0.,1.,0.));
#14418=DIRECTION('',(-1.,0.,0.));
#14419=DIRECTION('',(0.,0.,-1.));
#14420=DIRECTION('',(-1.,0.,0.));
#14421=DIRECTION('',(-1.,0.,0.));
#14422=DIRECTION('',(0.,0.,1.));
#14423=DIRECTION('',(0.,-1.,0.));
#14424=DIRECTION('',(0.,0.,1.));
#14425=DIRECTION('',(0.,1.,0.));
#14426=DIRECTION('',(0.,-1.,0.));
#14427=DIRECTION('',(0.,0.,-1.));
#14428=DIRECTION('',(1.,0.,0.));
#14429=DIRECTION('',(-1.,0.,-1.73472347597681E-15));
#14430=DIRECTION('',(1.73472347597681E-15,0.,-1.));
#14431=DIRECTION('',(1.,0.,0.));
#14432=DIRECTION('',(-0.707106781184397,0.707106781188698,0.));
#14433=DIRECTION('',(0.,0.,1.));
#14434=DIRECTION('',(0.,0.,-1.));
#14435=DIRECTION('',(0.707106781186537,0.,0.707106781186558));
#14436=DIRECTION('',(0.,-1.,0.));
#14437=DIRECTION('',(0.,-1.,0.));
#14438=DIRECTION('',(0.,-1.,0.));
#14439=DIRECTION('',(0.,0.,-1.));
#14440=DIRECTION('',(0.,0.,1.));
#14441=DIRECTION('',(1.,0.,0.));
#14442=DIRECTION('',(0.,1.,0.));
#14443=DIRECTION('',(0.,-1.,0.));
#14444=DIRECTION('',(0.,0.,-1.));
#14445=DIRECTION('',(0.707096917754172,-0.70711664448134,0.));
#14446=DIRECTION('',(0.,0.,-1.));
#14447=DIRECTION('',(-0.577355638049832,-0.577339531319436,0.577355638049829));
#14448=DIRECTION('',(0.,0.,1.));
#14449=DIRECTION('',(0.,-1.,0.));
#14450=DIRECTION('',(0.,0.,1.));
#14451=DIRECTION('',(0.,1.,0.));
#14452=DIRECTION('',(-1.,0.,0.));
#14453=DIRECTION('',(0.,0.,-1.));
#14454=DIRECTION('',(-1.,0.,0.));
#14455=DIRECTION('',(0.,0.,-1.));
#14456=DIRECTION('',(0.,-1.,0.));
#14457=DIRECTION('',(0.,1.,0.));
#14458=DIRECTION('',(0.,1.,0.));
#14459=DIRECTION('',(1.,0.,0.));
#14460=DIRECTION('',(-0.898768445645291,0.,0.438423632018563));
#14461=DIRECTION('',(0.,1.,0.));
#14462=DIRECTION('',(0.,-1.,0.));
#14463=DIRECTION('',(-1.,0.,0.));
#14464=DIRECTION('',(0.,0.,1.));
#14465=DIRECTION('',(0.,-1.,0.));
#14466=DIRECTION('',(0.,0.,-1.));
#14467=DIRECTION('',(0.707106781186546,0.,0.707106781186549));
#14468=DIRECTION('',(0.,-1.,0.));
#14469=DIRECTION('',(0.,1.,0.));
#14470=DIRECTION('',(-0.577355638049832,-0.577339531319436,0.577355638049829));
#14471=DIRECTION('',(1.,0.,0.));
#14472=DIRECTION('',(0.,1.,0.));
#14473=DIRECTION('',(0.,1.,0.));
#14474=DIRECTION('',(0.,1.,0.));
#14475=DIRECTION('',(1.,0.,0.));
#14476=DIRECTION('',(1.,0.,0.));
#14477=DIRECTION('',(0.,1.,0.));
#14478=DIRECTION('',(0.,0.,1.));
#14479=DIRECTION('',(0.707106781186537,0.,-0.707106781186558));
#14480=DIRECTION('',(0.,-1.,0.));
#14481=DIRECTION('',(0.,-1.,0.));
#14482=DIRECTION('',(-1.,0.,0.));
#14483=DIRECTION('',(0.,0.,1.));
#14484=DIRECTION('',(0.,0.,-1.));
#14485=DIRECTION('',(0.,-1.,0.));
#14486=DIRECTION('',(0.,0.,-1.));
#14487=DIRECTION('',(-1.,0.,0.));
#14488=DIRECTION('',(-1.,0.,0.));
#14489=DIRECTION('',(0.707096917754172,0.70711664448134,0.));
#14490=DIRECTION('',(0.,0.,-1.));
#14491=DIRECTION('',(0.,0.,-1.));
#14492=DIRECTION('',(0.577355638049832,-0.577339531319436,-0.577355638049829));
#14493=DIRECTION('',(-1.,0.,0.));
#14494=DIRECTION('',(0.,0.,1.));
#14495=DIRECTION('',(0.,-1.,0.));
#14496=DIRECTION('',(0.,0.,-1.));
#14497=DIRECTION('',(0.,-1.,0.));
#14498=DIRECTION('',(0.,-0.307002779922765,-0.951708617760549));
#14499=DIRECTION('',(0.,-1.,0.));
#14500=DIRECTION('',(0.,-1.,0.));
#14501=DIRECTION('',(0.,-1.,0.));
#14502=DIRECTION('',(0.,-1.,0.));
#14503=DIRECTION('',(0.,-1.,0.));
#14504=DIRECTION('',(1.,-5.71420864983056E-32,0.));
#14505=DIRECTION('',(0.,0.,1.));
#14506=DIRECTION('',(-1.,0.,0.));
#14507=DIRECTION('',(0.,-1.,0.));
#14508=DIRECTION('',(0.,0.,-1.));
#14509=DIRECTION('',(0.,0.,1.));
#14510=DIRECTION('',(1.,0.,0.));
#14511=DIRECTION('',(0.,-0.951708617760242,0.307002779923715));
#14512=DIRECTION('',(-1.,0.,0.));
#14513=DIRECTION('',(1.,0.,0.));
#14514=DIRECTION('',(1.,0.,0.));
#14515=DIRECTION('',(0.,1.,0.));
#14516=DIRECTION('',(0.,-1.,0.));
#14517=DIRECTION('',(0.,0.,-1.));
#14518=DIRECTION('',(-1.,0.,0.));
#14519=DIRECTION('',(-1.,0.,0.));
#14520=DIRECTION('',(0.,0.,1.));
#14521=DIRECTION('',(0.,1.,0.));
#14522=DIRECTION('',(0.,1.,0.));
#14523=DIRECTION('',(0.,-1.,0.));
#14524=DIRECTION('',(0.,0.,-1.));
#14525=DIRECTION('',(0.,-1.,0.));
#14526=DIRECTION('',(0.,0.,-1.));
#14527=DIRECTION('',(0.,1.,0.));
#14528=DIRECTION('',(1.,0.,0.));
#14529=DIRECTION('',(-1.,0.,0.));
#14530=DIRECTION('',(0.,0.,1.));
#14531=DIRECTION('',(1.,0.,0.));
#14532=DIRECTION('',(0.,-1.,0.));
#14533=DIRECTION('',(-1.,0.,0.));
#14534=DIRECTION('',(-1.,0.,0.));
#14535=DIRECTION('',(0.,0.,1.));
#14536=DIRECTION('',(1.,0.,0.));
#14537=DIRECTION('',(0.707106781186546,0.,0.707106781186549));
#14538=DIRECTION('',(0.,-1.,0.));
#14539=DIRECTION('',(0.,1.,0.));
#14540=DIRECTION('',(0.,1.,0.));
#14541=DIRECTION('',(1.,0.,0.));
#14542=DIRECTION('',(0.,1.,0.));
#14543=DIRECTION('',(0.,0.,1.));
#14544=DIRECTION('',(0.,1.,0.));
#14545=DIRECTION('',(0.,1.,0.));
#14546=DIRECTION('',(0.,0.,1.));
#14547=DIRECTION('',(0.,0.,1.));
#14548=DIRECTION('',(0.,0.,1.));
#14549=DIRECTION('',(0.,0.,1.));
#14550=DIRECTION('',(0.,-1.,0.));
#14551=DIRECTION('',(0.707096917754184,-0.707116644481328,0.));
#14552=DIRECTION('',(0.,0.,-1.));
#14553=DIRECTION('',(0.,0.,-1.));
#14554=DIRECTION('',(-0.577355638049825,-0.577339531319449,0.577355638049823));
#14555=DIRECTION('',(-0.668964731626229,0.,-0.743294146243764));
#14556=DIRECTION('',(-0.743294146243764,0.,0.668964731626229));
#14557=DIRECTION('',(-0.743294146247168,0.,0.668964731622448));
#14558=DIRECTION('',(0.,-1.,0.));
#14559=DIRECTION('',(0.,0.,-1.));
#14560=DIRECTION('',(-1.,0.,0.));
#14561=DIRECTION('',(-0.707106781186558,0.,-0.707106781186537));
#14562=DIRECTION('',(0.707106781186546,0.,0.707106781186549));
#14563=DIRECTION('',(0.,-1.,0.));
#14564=DIRECTION('',(-1.,0.,0.));
#14565=DIRECTION('',(0.,0.,1.));
#14566=DIRECTION('',(0.707106781186546,0.,0.707106781186549));
#14567=DIRECTION('',(0.,-1.,0.));
#14568=DIRECTION('',(0.,1.,0.));
#14569=DIRECTION('',(1.,0.,0.));
#14570=DIRECTION('',(0.,0.,-1.));
#14571=DIRECTION('',(0.,-1.,0.));
#14572=DIRECTION('',(0.,0.,1.));
#14573=DIRECTION('',(1.,0.,0.));
#14574=DIRECTION('',(0.,0.,1.));
#14575=DIRECTION('',(1.,0.,0.));
#14576=DIRECTION('',(1.,0.,0.));
#14577=DIRECTION('',(1.,0.,0.));
#14578=DIRECTION('',(-1.,0.,0.));
#14579=DIRECTION('',(1.,0.,0.));
#14580=DIRECTION('',(0.,0.,-1.));
#14581=DIRECTION('',(0.,-1.,0.));
#14582=DIRECTION('',(1.,0.,0.));
#14583=DIRECTION('',(0.,1.,0.));
#14584=DIRECTION('',(1.,0.,0.));
#14585=DIRECTION('',(0.,1.,0.));
#14586=DIRECTION('',(-1.,0.,0.));
#14587=DIRECTION('',(0.,0.,1.));
#14588=DIRECTION('',(0.,-1.,0.));
#14589=DIRECTION('',(0.,0.,-1.));
#14590=DIRECTION('',(0.,-1.,0.));
#14591=DIRECTION('',(0.,0.,-1.));
#14592=DIRECTION('',(1.,0.,0.));
#14593=DIRECTION('',(0.,0.,-1.));
#14594=DIRECTION('',(0.,-1.,0.));
#14595=DIRECTION('',(0.707096917754172,-0.70711664448134,0.));
#14596=DIRECTION('',(0.,0.,-1.));
#14597=DIRECTION('',(0.707106781186537,0.,-0.707106781186558));
#14598=DIRECTION('',(0.,-1.,0.));
#14599=DIRECTION('',(0.,-1.,0.));
#14600=DIRECTION('',(-1.,0.,0.));
#14601=DIRECTION('',(0.,0.,-1.));
#14602=DIRECTION('',(0.,-1.,0.));
#14603=DIRECTION('',(0.,0.,-1.));
#14604=DIRECTION('',(0.,0.,-1.));
#14605=DIRECTION('',(0.,-1.,0.));
#14606=DIRECTION('',(0.,-1.,0.));
#14607=DIRECTION('',(0.,0.,-1.));
#14608=DIRECTION('',(0.,-1.,0.));
#14609=DIRECTION('',(0.,0.,-1.));
#14610=DIRECTION('',(0.,1.,0.));
#14611=DIRECTION('',(1.,0.,0.));
#14612=DIRECTION('',(0.,-1.,0.));
#14613=DIRECTION('',(0.,0.,-1.));
#14614=DIRECTION('',(0.707096917754172,-0.70711664448134,0.));
#14615=DIRECTION('',(0.,0.,-1.));
#14616=DIRECTION('',(0.707106781186537,0.,-0.707106781186558));
#14617=DIRECTION('',(0.,-1.,0.));
#14618=DIRECTION('',(0.,0.,1.));
#14619=DIRECTION('',(-1.,0.,0.));
#14620=DIRECTION('',(0.,0.,-1.));
#14621=DIRECTION('',(0.,-1.,0.));
#14622=DIRECTION('',(0.,-1.,0.));
#14623=DIRECTION('',(0.,0.,-1.));
#14624=DIRECTION('',(0.,-1.,0.));
#14625=DIRECTION('',(0.,0.,1.));
#14626=DIRECTION('',(0.,0.,-1.));
#14627=DIRECTION('',(0.,-1.,0.));
#14628=DIRECTION('',(-1.,0.,0.));
#14629=DIRECTION('',(0.,0.,1.));
#14630=DIRECTION('',(-1.,0.,0.));
#14631=DIRECTION('',(0.,1.,0.));
#14632=DIRECTION('',(0.,0.,1.));
#14633=DIRECTION('',(-1.,0.,0.));
#14634=DIRECTION('',(-1.,0.,0.));
#14635=DIRECTION('',(0.,-1.,0.));
#14636=DIRECTION('',(0.,-1.,0.));
#14637=DIRECTION('',(0.,0.,1.));
#14638=DIRECTION('',(0.,-1.,0.));
#14639=DIRECTION('',(0.,1.,0.));
#14640=DIRECTION('',(0.,0.,1.));
#14641=DIRECTION('',(0.,1.,0.));
#14642=DIRECTION('',(0.,1.,0.));
#14643=DIRECTION('',(0.,0.,1.));
#14644=DIRECTION('',(0.,1.,0.));
#14645=DIRECTION('',(0.,0.,-1.));
#14646=DIRECTION('',(0.,1.,0.));
#14647=DIRECTION('',(0.,-1.,0.));
#14648=DIRECTION('',(0.,0.,-1.));
#14649=DIRECTION('',(0.,1.,0.));
#14650=DIRECTION('',(0.,-1.,0.));
#14651=DIRECTION('',(0.,0.,-1.));
#14652=DIRECTION('',(2.34706212572378E-5,-9.72181458153143E-6,0.999999999677308));
#14653=DIRECTION('',(0.999999999724565,1.14088514957986E-10,-2.34706212572378E-5));
#14654=DIRECTION('',(0.,0.,-1.));
#14655=DIRECTION('',(0.923880020448468,-0.382682254378405,0.));
#14656=DIRECTION('',(-0.500000001484252,1.12256324296182E-5,-0.86602540285475));
#14657=DIRECTION('',(0.,0.,1.));
#14658=DIRECTION('',(0.,-1.,0.));
#14659=DIRECTION('',(-0.353561329397299,0.353545453857934,-0.866025402867146));
#14660=DIRECTION('',(-7.22801448323672E-16,1.,0.));
#14661=DIRECTION('',(1.,7.22801448323672E-16,0.));
#14662=DIRECTION('',(0.,-1.,0.));
#14663=DIRECTION('',(0.,0.,1.));
#14664=DIRECTION('',(0.,-1.,0.));
#14665=DIRECTION('',(0.,-1.,0.));
#14666=DIRECTION('',(0.,0.,-1.));
#14667=DIRECTION('',(0.,-1.,0.));
#14668=DIRECTION('',(-2.71050543121375E-15,-1.,0.));
#14669=DIRECTION('',(-1.,2.71050543121375E-15,0.));
#14670=DIRECTION('',(0.,-1.,0.));
#14671=DIRECTION('',(2.71050543121375E-15,1.,0.));
#14672=DIRECTION('',(-1.,2.71050543121375E-15,0.));
#14673=DIRECTION('',(0.,-1.,0.));
#14674=DIRECTION('',(2.71050543121375E-15,1.,0.));
#14675=DIRECTION('',(-1.,2.71050543121375E-15,0.));
#14676=DIRECTION('',(-2.71050543121375E-15,-1.,0.));
#14677=DIRECTION('',(-1.,2.71050543121375E-15,0.));
#14678=DIRECTION('',(0.,1.,0.));
#14679=DIRECTION('',(2.71050543121375E-15,1.,0.));
#14680=DIRECTION('',(-1.,2.71050543121375E-15,0.));
#14681=DIRECTION('',(0.,-1.,0.));
#14682=DIRECTION('',(2.71050543121375E-15,1.,0.));
#14683=DIRECTION('',(-1.,2.71050543121375E-15,0.));
#14684=DIRECTION('',(1.,0.,0.));
#14685=DIRECTION('',(0.,1.,0.));
#14686=DIRECTION('',(0.,1.,0.));
#14687=DIRECTION('',(0.,1.,0.));
#14688=DIRECTION('',(0.,0.,1.));
#14689=DIRECTION('',(0.,-1.,0.));
#14690=DIRECTION('',(0.,0.,-1.));
#14691=DIRECTION('',(0.,1.,0.));
#14692=DIRECTION('',(-1.,0.,0.));
#14693=DIRECTION('',(0.,0.,-1.));
#14694=DIRECTION('',(0.,-1.,0.));
#14695=DIRECTION('',(-1.,0.,0.));
#14696=DIRECTION('',(0.,0.,-1.));
#14697=DIRECTION('',(0.,0.,-1.));
#14698=DIRECTION('',(-1.,0.,0.));
#14699=DIRECTION('',(0.,0.,1.));
#14700=DIRECTION('',(0.,1.,0.));
#14701=DIRECTION('',(-1.,0.,0.));
#14702=DIRECTION('',(0.,0.,-1.));
#14703=DIRECTION('',(0.,-1.,0.));
#14704=DIRECTION('',(0.,0.,-1.));
#14705=DIRECTION('',(0.,1.,0.));
#14706=DIRECTION('',(1.,0.,0.));
#14707=DIRECTION('',(0.,1.,0.));
#14708=DIRECTION('',(0.,0.,1.));
#14709=DIRECTION('',(0.,1.,0.));
#14710=DIRECTION('',(0.,0.,-1.));
#14711=DIRECTION('',(0.,-1.,0.));
#14712=DIRECTION('',(0.,0.,1.));
#14713=DIRECTION('',(-1.,0.,0.));
#14714=DIRECTION('',(0.,0.,1.));
#14715=DIRECTION('',(0.,0.,-1.));
#14716=DIRECTION('',(-1.,0.,0.));
#14717=DIRECTION('',(0.,0.,-1.));
#14718=DIRECTION('',(1.,0.,0.));
#14719=DIRECTION('',(-7.2280144832367E-16,1.,0.));
#14720=DIRECTION('',(1.,7.2280144832367E-16,0.));
#14721=DIRECTION('',(0.,-1.,0.));
#14722=DIRECTION('',(0.,0.,-1.));
#14723=DIRECTION('',(0.,1.,0.));
#14724=DIRECTION('',(0.,-1.,0.));
#14725=DIRECTION('',(0.,0.,1.));
#14726=DIRECTION('',(0.,-1.,0.));
#14727=DIRECTION('',(1.,0.,0.));
#14728=DIRECTION('',(0.,-1.,0.));
#14729=DIRECTION('',(1.,0.,0.));
#14730=DIRECTION('',(-1.,0.,0.));
#14731=DIRECTION('',(0.,0.,1.));
#14732=DIRECTION('',(1.,0.,0.));
#14733=DIRECTION('',(-1.,0.,0.));
#14734=DIRECTION('',(0.,0.,1.));
#14735=DIRECTION('',(0.,0.,-1.));
#14736=DIRECTION('',(1.,0.,0.));
#14737=DIRECTION('',(0.,0.,-1.));
#14738=DIRECTION('',(0.,0.,-1.));
#14739=DIRECTION('',(0.,0.,1.));
#14740=DIRECTION('',(1.,0.,0.));
#14741=DIRECTION('',(0.,2.16840434497101E-15,-1.));
#14742=DIRECTION('',(0.,-1.,-2.16840434497101E-15));
#14743=DIRECTION('',(0.,2.16840434497101E-15,-1.));
#14744=DIRECTION('',(0.,0.,1.));
#14745=DIRECTION('',(1.,0.,0.));
#14746=DIRECTION('',(0.,2.16840434497101E-15,-1.));
#14747=DIRECTION('',(0.,0.,-1.));
#14748=DIRECTION('',(-1.,0.,0.));
#14749=DIRECTION('',(-0.707106781186548,0.707106781186548,0.));
#14750=DIRECTION('',(0.,0.,1.));
#14751=DIRECTION('',(-0.707106781186548,-0.707106781186548,0.));
#14752=DIRECTION('',(0.707106781186548,0.707106781186548,0.));
#14753=DIRECTION('',(2.16840434497101E-15,0.,-1.));
#14754=DIRECTION('',(1.57537033827482E-5,-2.34669344340577E-5,0.999999999600562));
#14755=DIRECTION('',(0.99999999987591,1.84845537753916E-10,-1.57537033827482E-5));
#14756=DIRECTION('',(0.,0.,-1.));
#14757=DIRECTION('',(0.557369150547967,-0.830264795121073,0.));
#14758=DIRECTION('',(-1.81905633045006E-5,0.499999998278565,-0.866025404587267));
#14759=DIRECTION('',(0.,0.,1.));
#14760=DIRECTION('',(1.,0.,0.));
#14761=DIRECTION('',(0.353519714972202,0.353565002450182,-0.866034410499015));
#14762=DIRECTION('',(0.,1.,0.));
#14763=DIRECTION('',(1.,0.,0.));
#14764=DIRECTION('',(0.,-1.,0.));
#14765=DIRECTION('',(0.,-1.,0.));
#14766=DIRECTION('',(1.,0.,0.));
#14767=DIRECTION('',(0.,-1.,0.));
#14768=DIRECTION('',(0.,-1.,0.));
#14769=DIRECTION('',(0.,0.,-1.));
#14770=DIRECTION('',(-1.,0.,0.));
#14771=DIRECTION('',(0.,0.,1.));
#14772=DIRECTION('',(0.,0.,-1.));
#14773=DIRECTION('',(-1.,0.,0.));
#14774=DIRECTION('',(0.,0.,1.));
#14775=DIRECTION('',(0.,-0.86602540376901,0.500000000026724));
#14776=DIRECTION('',(0.,0.,1.));
#14777=DIRECTION('',(0.,0.544704779042046,0.838627869611281));
#14778=DIRECTION('',(0.,-0.866536917449153,0.499112983900158));
#14779=DIRECTION('',(0.,-0.86602540376901,0.500000000026724));
#14780=DIRECTION('',(0.,1.,0.));
#14781=DIRECTION('',(1.,0.,0.));
#14782=DIRECTION('',(0.,-1.,0.));
#14783=DIRECTION('',(0.,-1.,0.));
#14784=DIRECTION('',(0.,0.,-1.));
#14785=DIRECTION('',(0.,1.,0.));
#14786=DIRECTION('',(0.,-1.,0.));
#14787=DIRECTION('',(0.,0.,1.));
#14788=DIRECTION('',(1.,0.,0.));
#14789=DIRECTION('',(0.,1.,0.));
#14790=DIRECTION('',(0.,-1.,0.));
#14791=DIRECTION('',(0.,0.,1.));
#14792=DIRECTION('',(0.,1.,0.));
#14793=DIRECTION('',(0.,0.,-1.));
#14794=DIRECTION('',(0.,1.,0.));
#14795=DIRECTION('',(0.,0.,-1.));
#14796=DIRECTION('',(0.,-1.,0.));
#14797=DIRECTION('',(0.,-1.,0.));
#14798=DIRECTION('',(0.,0.,-1.));
#14799=DIRECTION('',(0.,1.,0.));
#14800=DIRECTION('',(0.,-1.,0.));
#14801=DIRECTION('',(0.,0.,-1.));
#14802=DIRECTION('',(-1.,0.,0.));
#14803=DIRECTION('',(0.,0.,1.));
#14804=DIRECTION('',(0.,0.,1.));
#14805=DIRECTION('',(0.,0.,1.));
#14806=DIRECTION('',(1.,0.,0.));
#14807=DIRECTION('',(0.,0.,1.));
#14808=DIRECTION('',(0.,0.,-1.));
#14809=DIRECTION('',(0.,1.,0.));
#14810=DIRECTION('',(0.,0.,-1.));
#14811=DIRECTION('',(0.,-1.,0.));
#14812=DIRECTION('',(0.,-1.,0.));
#14813=DIRECTION('',(0.,0.,1.));
#14814=DIRECTION('',(0.,1.,0.));
#14815=DIRECTION('',(0.,-1.,0.));
#14816=DIRECTION('',(0.,0.,-1.));
#14817=DIRECTION('',(1.,0.,0.));
#14818=DIRECTION('',(0.,0.,1.));
#14819=DIRECTION('',(-1.,0.,0.));
#14820=DIRECTION('',(0.,0.,-1.));
#14821=DIRECTION('',(1.,0.,0.));
#14822=DIRECTION('',(-1.,0.,0.));
#14823=DIRECTION('',(0.,0.,1.));
#14824=DIRECTION('',(-1.,0.,0.));
#14825=DIRECTION('',(0.,0.,1.));
#14826=DIRECTION('',(-1.,0.,0.));
#14827=DIRECTION('',(0.,0.,1.));
#14828=DIRECTION('',(0.,0.,-1.));
#14829=DIRECTION('',(-1.,0.,0.));
#14830=DIRECTION('',(0.,0.,-1.));
#14831=DIRECTION('',(0.,0.,-1.));
#14832=DIRECTION('',(-1.,0.,0.));
#14833=DIRECTION('',(1.,0.,0.));
#14834=DIRECTION('',(0.,1.,0.));
#14835=DIRECTION('',(0.,1.,0.));
#14836=DIRECTION('',(0.,0.,-1.));
#14837=DIRECTION('',(0.,-0.86602540376901,0.500000000026724));
#14838=DIRECTION('',(-1.,0.,0.));
#14839=DIRECTION('',(0.,0.,-1.));
#14840=DIRECTION('',(0.,0.,1.));
#14841=DIRECTION('',(0.,-1.,0.));
#14842=DIRECTION('',(0.,0.,1.));
#14843=DIRECTION('',(0.,-1.,0.));
#14844=DIRECTION('',(0.,1.,0.));
#14845=DIRECTION('',(0.,0.,1.));
#14846=DIRECTION('',(0.,1.,0.));
#14847=DIRECTION('',(0.,0.,1.));
#14848=DIRECTION('',(0.,0.,-1.));
#14849=DIRECTION('',(0.,-1.,0.));
#14850=DIRECTION('',(0.,0.,-1.));
#14851=DIRECTION('',(-1.,0.,0.));
#14852=DIRECTION('',(0.,0.,-1.));
#14853=DIRECTION('',(0.,0.,1.));
#14854=DIRECTION('',(1.,0.,0.));
#14855=DIRECTION('',(0.,0.,1.));
#14856=DIRECTION('',(0.,0.838627869611281,-0.544704779042046));
#14857=DIRECTION('',(-1.,0.,0.));
#14858=DIRECTION('',(1.,0.,0.));
#14859=DIRECTION('',(0.,0.544704779042046,0.838627869611281));
#14860=DIRECTION('',(1.,0.,0.));
#14861=DIRECTION('',(0.,0.544704779042046,0.838627869611281));
#14862=DIRECTION('',(0.,-1.,0.));
#14863=DIRECTION('',(-1.,0.,0.));
#14864=DIRECTION('',(0.,1.,0.));
#14865=DIRECTION('',(0.,1.,0.));
#14866=DIRECTION('',(0.,0.,1.));
#14867=DIRECTION('',(0.,-1.,0.));
#14868=DIRECTION('',(0.,1.,0.));
#14869=DIRECTION('',(0.,0.,1.));
#14870=DIRECTION('',(0.,-1.,0.));
#14871=DIRECTION('',(-1.,0.,0.));
#14872=DIRECTION('',(0.,1.,0.));
#14873=DIRECTION('',(0.,0.,1.));
#14874=DIRECTION('',(0.,1.,0.));
#14875=DIRECTION('',(0.,1.,0.));
#14876=DIRECTION('',(0.,0.,1.));
#14877=DIRECTION('',(1.,0.,0.));
#14878=DIRECTION('',(0.,1.,0.));
#14879=DIRECTION('',(0.,0.,-1.));
#14880=DIRECTION('',(0.,-1.,0.));
#14881=DIRECTION('',(0.,0.,1.));
#14882=DIRECTION('',(1.,0.,0.));
#14883=DIRECTION('',(0.,0.,-1.));
#14884=DIRECTION('',(0.,0.,-1.));
#14885=DIRECTION('',(-1.,0.,0.));
#14886=DIRECTION('',(0.,0.,1.));
#14887=DIRECTION('',(-1.,0.,0.));
#14888=DIRECTION('',(0.,0.,1.));
#14889=DIRECTION('',(0.,-1.,0.));
#14890=DIRECTION('',(0.,0.,-1.));
#14891=DIRECTION('',(0.,0.499999998361289,-0.866025404730549));
#14892=DIRECTION('',(0.,1.,0.));
#14893=DIRECTION('',(0.,0.,1.));
#14894=DIRECTION('',(1.,0.,0.));
#14895=DIRECTION('',(0.,0.,1.));
#14896=DIRECTION('',(1.,0.,0.));
#14897=DIRECTION('',(-1.,0.,0.));
#14898=DIRECTION('',(0.,0.,1.));
#14899=DIRECTION('',(-1.,0.,0.));
#14900=DIRECTION('',(0.,0.,1.));
#14901=DIRECTION('',(-1.,0.,0.));
#14902=DIRECTION('',(0.,0.,-1.));
#14903=DIRECTION('',(-1.,0.,0.));
#14904=DIRECTION('',(0.,0.,-1.));
#14905=DIRECTION('',(0.,0.,-1.));
#14906=DIRECTION('',(-1.,0.,0.));
#14907=DIRECTION('',(0.707106781186547,-0.707106781186548,0.));
#14908=DIRECTION('',(0.,0.,-1.));
#14909=DIRECTION('',(0.707106781186548,0.707106781186547,0.));
#14910=DIRECTION('',(-0.707106781186548,-0.707106781186547,0.));
#14911=DIRECTION('',(0.,0.,-1.));
#14912=DIRECTION('',(0.,1.,0.));
#14913=DIRECTION('',(1.,0.,0.));
#14914=DIRECTION('',(-1.,0.,0.));
#14915=DIRECTION('',(0.,2.16840434497101E-15,-1.));
#14916=DIRECTION('',(-1.,0.,0.));
#14917=DIRECTION('',(0.,1.,0.));
#14918=DIRECTION('',(0.,0.,1.));
#14919=DIRECTION('',(0.,0.,-1.));
#14920=DIRECTION('',(0.,-1.,0.));
#14921=DIRECTION('',(0.,0.,1.));
#14922=DIRECTION('',(1.,0.,0.));
#14923=DIRECTION('',(0.,-1.,0.));
#14924=DIRECTION('',(0.,0.,1.));
#14925=DIRECTION('',(0.,1.,0.));
#14926=DIRECTION('',(0.,0.,1.));
#14927=DIRECTION('',(-1.,0.,0.));
#14928=DIRECTION('',(0.,-1.,0.));
#14929=DIRECTION('',(0.,0.,1.));
#14930=DIRECTION('',(0.,0.,1.));
#14931=DIRECTION('',(0.,1.,0.));
#14932=DIRECTION('',(0.,0.,1.));
#14933=DIRECTION('',(-1.,0.,0.));
#14934=DIRECTION('',(0.,0.,1.));
#14935=DIRECTION('',(-0.956304754832082,0.,-0.29237170842192));
#14936=DIRECTION('',(0.,0.,1.));
#14937=DIRECTION('',(0.,-1.,0.));
#14938=DIRECTION('',(0.,0.,1.));
#14939=DIRECTION('',(0.956304756091593,0.,-0.292371704302245));
#14940=DIRECTION('',(0.,0.,1.));
#14941=DIRECTION('',(0.,0.,1.));
#14942=DIRECTION('',(1.,0.,0.));
#14943=DIRECTION('',(0.,0.,1.));
#14944=DIRECTION('',(1.,0.,0.));
#14945=DIRECTION('',(0.,1.,0.));
#14946=DIRECTION('',(1.,0.,0.));
#14947=DIRECTION('',(-1.,0.,0.));
#14948=DIRECTION('',(1.,0.,0.));
#14949=DIRECTION('',(0.,1.,0.));
#14950=DIRECTION('',(0.,0.,1.));
#14951=DIRECTION('',(1.,0.,0.));
#14952=DIRECTION('',(-1.,0.,0.));
#14953=DIRECTION('',(0.,1.,0.));
#14954=DIRECTION('',(1.,0.,0.));
#14955=DIRECTION('',(0.,1.,0.));
#14956=DIRECTION('',(1.,0.,0.));
#14957=DIRECTION('',(0.,-1.,0.));
#14958=DIRECTION('',(1.,0.,0.));
#14959=DIRECTION('',(0.,-1.,0.));
#14960=DIRECTION('',(0.,0.,-1.));
#14961=DIRECTION('',(0.,-1.,0.));
#14962=DIRECTION('',(0.,0.,1.));
#14963=DIRECTION('',(1.,0.,0.));
#14964=DIRECTION('',(0.,0.,-1.));
#14965=DIRECTION('',(0.,0.,1.));
#14966=DIRECTION('',(-1.,0.,0.));
#14967=DIRECTION('',(0.,0.,-1.));
#14968=DIRECTION('',(0.,1.,0.));
#14969=DIRECTION('',(0.,0.,-1.));
#14970=DIRECTION('',(0.,-1.,0.));
#14971=DIRECTION('',(0.,0.,-1.));
#14972=DIRECTION('',(0.,-1.,0.));
#14973=DIRECTION('',(0.,0.,-1.));
#14974=DIRECTION('',(0.292371704302245,0.,0.956304756091593));
#14975=DIRECTION('',(0.,-1.,0.));
#14976=DIRECTION('',(0.956304756091593,0.,-0.292371704302245));
#14977=DIRECTION('',(0.,-1.,0.));
#14978=DIRECTION('',(-0.956304756091593,0.,0.292371704302245));
#14979=DIRECTION('',(0.,1.,0.));
#14980=DIRECTION('',(1.,0.,0.));
#14981=DIRECTION('',(0.,1.,0.));
#14982=DIRECTION('',(0.,-1.,0.));
#14983=DIRECTION('',(0.,0.,-1.));
#14984=DIRECTION('',(0.,1.,0.));
#14985=DIRECTION('',(0.,0.,1.));
#14986=DIRECTION('',(1.,0.,0.));
#14987=DIRECTION('',(-1.,0.,0.));
#14988=DIRECTION('',(0.,-1.,0.));
#14989=DIRECTION('',(-1.,0.,0.));
#14990=DIRECTION('',(1.,0.,0.));
#14991=DIRECTION('',(0.,0.,1.));
#14992=DIRECTION('',(-1.,0.,0.));
#14993=DIRECTION('',(-1.,0.,0.));
#14994=DIRECTION('',(0.,0.,1.));
#14995=DIRECTION('',(1.,0.,0.));
#14996=DIRECTION('',(0.,-1.,0.));
#14997=DIRECTION('',(0.,0.,1.));
#14998=DIRECTION('',(0.,1.,0.));
#14999=DIRECTION('',(0.,-1.,0.));
#15000=DIRECTION('',(0.,1.,0.));
#15001=DIRECTION('',(0.,0.,-1.));
#15002=DIRECTION('',(0.,0.,-1.));
#15003=DIRECTION('',(0.,-1.,0.));
#15004=DIRECTION('',(1.,0.,0.));
#15005=DIRECTION('',(-1.,0.,0.));
#15006=DIRECTION('',(0.,0.,1.));
#15007=DIRECTION('',(1.,0.,0.));
#15008=DIRECTION('',(0.,-1.,0.));
#15009=DIRECTION('',(0.,0.,1.));
#15010=DIRECTION('',(1.,0.,0.));
#15011=DIRECTION('',(0.,-1.,0.));
#15012=DIRECTION('',(-1.,0.,0.));
#15013=DIRECTION('',(0.,1.,0.));
#15014=DIRECTION('',(0.,0.,1.));
#15015=DIRECTION('',(0.,-1.,0.));
#15016=DIRECTION('',(0.,1.,0.));
#15017=DIRECTION('',(0.,0.,1.));
#15018=DIRECTION('',(0.,-1.,0.));
#15019=DIRECTION('',(0.,-1.,0.));
#15020=DIRECTION('',(-1.,0.,0.));
#15021=DIRECTION('',(0.,-1.,0.));
#15022=DIRECTION('',(0.,1.,0.));
#15023=DIRECTION('',(0.,0.,1.));
#15024=DIRECTION('',(0.,1.,0.));
#15025=DIRECTION('',(0.,1.,0.));
#15026=DIRECTION('',(0.,0.,1.));
#15027=DIRECTION('',(0.,1.,0.));
#15028=DIRECTION('',(0.,0.,-1.));
#15029=DIRECTION('',(0.,1.,0.));
#15030=DIRECTION('',(0.,-1.,0.));
#15031=DIRECTION('',(0.,0.,-1.));
#15032=DIRECTION('',(0.,1.,0.));
#15033=DIRECTION('',(0.,-1.,0.));
#15034=DIRECTION('',(0.,0.,-1.));
#15035=DIRECTION('',(0.,1.,0.));
#15036=DIRECTION('',(1.,0.,0.));
#15037=DIRECTION('',(1.,0.,0.));
#15038=DIRECTION('',(0.,0.,1.));
#15039=DIRECTION('',(-1.,0.,0.));
#15040=DIRECTION('',(0.,0.,1.));
#15041=DIRECTION('',(0.,0.,1.));
#15042=DIRECTION('',(0.,-1.,0.));
#15043=DIRECTION('',(0.,0.,-1.));
#15044=DIRECTION('',(0.,1.,0.));
#15045=DIRECTION('',(1.,0.,0.));
#15046=DIRECTION('',(0.,1.,0.));
#15047=DIRECTION('',(0.,0.,-1.));
#15048=DIRECTION('',(1.,0.,0.));
#15049=DIRECTION('',(0.,0.,-1.));
#15050=DIRECTION('',(0.,0.,-1.));
#15051=DIRECTION('',(0.,-1.,0.));
#15052=DIRECTION('',(0.,0.,1.));
#15053=DIRECTION('',(-1.,0.,0.));
#15054=DIRECTION('',(0.,0.,1.));
#15055=DIRECTION('',(0.,-1.,0.));
#15056=DIRECTION('',(0.,0.,-1.));
#15057=DIRECTION('',(1.,0.,0.));
#15058=DIRECTION('',(0.,0.,-1.));
#15059=DIRECTION('',(0.,0.,1.));
#15060=DIRECTION('',(0.,0.,1.));
#15061=DIRECTION('',(-1.,0.,0.));
#15062=DIRECTION('',(0.,0.,-1.));
#15063=DIRECTION('',(0.,-1.,0.));
#15064=DIRECTION('',(1.,0.,0.));
#15065=DIRECTION('',(1.,0.,0.));
#15066=DIRECTION('',(0.,-1.,0.));
#15067=DIRECTION('',(-1.,0.,0.));
#15068=DIRECTION('',(0.,1.,0.));
#15069=DIRECTION('',(0.,0.,1.));
#15070=DIRECTION('',(1.,0.,0.));
#15071=DIRECTION('',(-1.,0.,0.));
#15072=DIRECTION('',(0.,0.,1.));
#15073=DIRECTION('',(1.,0.,0.));
#15074=DIRECTION('',(0.,0.,-1.));
#15075=DIRECTION('',(0.,-1.,0.));
#15076=DIRECTION('',(0.,-1.,0.));
#15077=DIRECTION('',(0.,0.,1.));
#15078=DIRECTION('',(-1.,0.,0.));
#15079=DIRECTION('',(1.,0.,0.));
#15080=DIRECTION('',(0.,-1.,0.));
#15081=DIRECTION('',(-1.,0.,0.));
#15082=DIRECTION('',(-1.,0.,0.));
#15083=DIRECTION('',(0.,-1.,0.));
#15084=DIRECTION('',(0.,0.,-1.));
#15085=DIRECTION('',(0.,0.,-1.));
#15086=DIRECTION('',(1.,0.,0.));
#15087=DIRECTION('',(0.,0.,-1.));
#15088=DIRECTION('',(0.,-1.,0.));
#15089=DIRECTION('',(0.,0.,-1.));
#15090=DIRECTION('',(1.,0.,0.));
#15091=DIRECTION('',(0.,1.,0.));
#15092=DIRECTION('',(0.,0.,-1.));
#15093=DIRECTION('',(0.,-1.,0.));
#15094=DIRECTION('',(0.,0.,-1.));
#15095=DIRECTION('',(0.,0.,1.));
#15096=DIRECTION('',(-1.,0.,0.));
#15097=DIRECTION('',(0.,0.,1.));
#15098=DIRECTION('',(0.,1.,0.));
#15099=DIRECTION('',(0.,0.,-1.));
#15100=DIRECTION('',(1.,0.,0.));
#15101=DIRECTION('',(0.,0.,1.));
#15102=DIRECTION('',(1.,0.,0.));
#15103=DIRECTION('',(0.,0.,-1.));
#15104=DIRECTION('',(-0.956304756091593,0.,0.292371704302245));
#15105=DIRECTION('',(0.,-1.,0.));
#15106=DIRECTION('',(0.,0.,-1.));
#15107=DIRECTION('',(0.,0.,-1.));
#15108=DIRECTION('',(0.956304754832082,0.,0.29237170842192));
#15109=DIRECTION('',(1.,0.,0.));
#15110=DIRECTION('',(0.,1.,0.));
#15111=DIRECTION('',(0.,-1.,0.));
#15112=DIRECTION('',(0.,0.,1.));
#15113=DIRECTION('',(8.67361737988401E-15,0.,-1.));
#15114=DIRECTION('',(1.,0.,8.67361737988401E-15));
#15115=DIRECTION('',(0.,0.,1.));
#15116=DIRECTION('',(0.,-1.,0.));
#15117=DIRECTION('',(0.,0.,1.));
#15118=DIRECTION('',(0.,0.,1.));
#15119=DIRECTION('',(0.,-1.,0.));
#15120=DIRECTION('',(-1.,0.,0.));
#15121=DIRECTION('',(0.,1.,0.));
#15122=DIRECTION('',(0.,0.,1.));
#15123=DIRECTION('',(0.,-1.,0.));
#15124=DIRECTION('',(0.,1.,0.));
#15125=DIRECTION('',(0.,0.,1.));
#15126=DIRECTION('',(0.,1.,0.));
#15127=DIRECTION('',(1.,0.,0.));
#15128=DIRECTION('',(0.,-1.,0.));
#15129=DIRECTION('',(0.,-1.,0.));
#15130=DIRECTION('',(0.,-1.,0.));
#15131=DIRECTION('',(0.,0.,1.));
#15132=DIRECTION('',(0.,-1.,0.));
#15133=DIRECTION('',(0.,1.,0.));
#15134=DIRECTION('',(0.,0.,1.));
#15135=DIRECTION('',(0.,1.,0.));
#15136=DIRECTION('',(0.,1.,0.));
#15137=DIRECTION('',(0.,0.,1.));
#15138=DIRECTION('',(0.,1.,0.));
#15139=DIRECTION('',(0.,0.,-1.));
#15140=DIRECTION('',(0.,-1.,0.));
#15141=DIRECTION('',(0.,0.,-1.));
#15142=DIRECTION('',(0.,-1.,0.));
#15143=DIRECTION('',(0.,-1.,0.));
#15144=DIRECTION('',(0.,0.,1.));
#15145=DIRECTION('',(-0.707106781186548,0.707106781186548,0.));
#15146=DIRECTION('',(0.,0.,1.));
#15147=DIRECTION('',(0.707106781186548,0.707106781186548,0.));
#15148=DIRECTION('',(2.16840434497101E-15,0.,-1.));
#15149=DIRECTION('',(-0.707106781186548,-0.707106781186548,0.));
#15150=DIRECTION('',(0.,0.,-1.));
#15151=DIRECTION('',(-1.,0.,0.));
#15152=DIRECTION('',(0.,0.,1.));
#15153=DIRECTION('',(0.,0.,-1.));
#15154=DIRECTION('',(0.,1.,0.));
#15155=DIRECTION('',(0.,0.,1.));
#15156=DIRECTION('',(0.,-1.,0.));
#15157=DIRECTION('',(0.,0.,1.));
#15158=DIRECTION('',(1.,0.,0.));
#15159=DIRECTION('',(1.,0.,0.));
#15160=DIRECTION('',(0.,-1.,0.));
#15161=DIRECTION('',(-1.,0.,0.));
#15162=DIRECTION('',(0.,1.,0.));
#15163=DIRECTION('',(0.,1.,0.));
#15164=DIRECTION('',(0.,0.,-1.));
#15165=DIRECTION('',(0.,-1.,0.));
#15166=DIRECTION('',(0.,0.,-1.));
#15167=DIRECTION('',(0.,-1.,0.));
#15168=DIRECTION('',(0.,0.,-1.));
#15169=DIRECTION('',(0.,-1.,0.));
#15170=DIRECTION('',(-1.,0.,0.));
#15171=DIRECTION('',(0.,1.,0.));
#15172=DIRECTION('',(0.,1.,0.));
#15173=DIRECTION('',(0.,0.,1.));
#15174=DIRECTION('',(0.,1.,0.));
#15175=DIRECTION('',(0.,1.,0.));
#15176=DIRECTION('',(0.,0.,1.));
#15177=DIRECTION('',(1.,0.,0.));
#15178=DIRECTION('',(0.,-1.,0.));
#15179=DIRECTION('',(-1.,0.,0.));
#15180=DIRECTION('',(-1.,0.,0.));
#15181=DIRECTION('',(0.,0.,1.));
#15182=DIRECTION('',(-1.,0.,0.));
#15183=DIRECTION('',(-1.,0.,0.));
#15184=DIRECTION('',(0.,0.,-1.));
#15185=DIRECTION('',(0.,1.,0.));
#15186=DIRECTION('',(0.,0.,-1.));
#15187=DIRECTION('',(0.,-1.,0.));
#15188=DIRECTION('',(0.,0.,-1.));
#15189=DIRECTION('',(0.,1.,0.));
#15190=DIRECTION('',(0.,-1.,0.));
#15191=DIRECTION('',(0.,0.,-1.));
#15192=DIRECTION('',(0.,0.,1.));
#15193=DIRECTION('',(1.,0.,0.));
#15194=DIRECTION('',(1.,0.,0.));
#15195=DIRECTION('',(0.,1.,0.));
#15196=DIRECTION('',(0.,0.,1.));
#15197=DIRECTION('',(1.,0.,0.));
#15198=DIRECTION('',(0.,0.,-1.));
#15199=DIRECTION('',(1.,0.,0.));
#15200=DIRECTION('',(0.,1.,0.));
#15201=DIRECTION('',(0.,0.,-1.));
#15202=DIRECTION('',(0.,-1.,0.));
#15203=DIRECTION('',(0.,-1.,0.));
#15204=DIRECTION('',(0.,0.,-1.));
#15205=DIRECTION('',(0.,1.,0.));
#15206=DIRECTION('',(0.,-1.,0.));
#15207=DIRECTION('',(0.,0.,-1.));
#15208=DIRECTION('',(0.,1.,0.));
#15209=DIRECTION('',(1.,0.,0.));
#15210=DIRECTION('',(0.,0.,1.));
#15211=DIRECTION('',(0.,0.,-1.));
#15212=DIRECTION('',(-1.,0.,0.));
#15213=DIRECTION('',(0.,0.,-1.));
#15214=DIRECTION('',(0.,-1.,0.));
#15215=DIRECTION('',(1.,0.,0.));
#15216=DIRECTION('',(-1.,0.,0.));
#15217=DIRECTION('',(0.,0.,1.));
#15218=DIRECTION('',(-1.,0.,0.));
#15219=DIRECTION('',(0.707106781186548,0.707106781186548,0.));
#15220=DIRECTION('',(0.,0.,-1.));
#15221=DIRECTION('',(-0.707106781186548,0.707106781186548,0.));
#15222=DIRECTION('',(0.,0.,1.));
#15223=DIRECTION('',(-0.707106781186548,0.707106781186548,0.));
#15224=DIRECTION('',(0.,0.,1.));
#15225=DIRECTION('',(-1.,0.,0.));
#15226=DIRECTION('',(0.,0.,1.));
#15227=DIRECTION('',(0.,0.,-1.));
#15228=DIRECTION('',(-1.,0.,0.));
#15229=DIRECTION('',(0.,0.,-1.));
#15230=DIRECTION('',(0.,0.,-1.));
#15231=DIRECTION('',(1.,0.,0.));
#15232=DIRECTION('',(0.,-1.,0.));
#15233=DIRECTION('',(-1.,0.,0.));
#15234=DIRECTION('',(0.,1.,0.));
#15235=DIRECTION('',(0.,1.,0.));
#15236=DIRECTION('',(0.,0.,1.));
#15237=DIRECTION('',(0.,1.,0.));
#15238=DIRECTION('',(0.,1.,0.));
#15239=DIRECTION('',(0.,0.,1.));
#15240=DIRECTION('',(1.,0.,0.));
#15241=DIRECTION('',(0.,-1.,0.));
#15242=DIRECTION('',(-1.,0.,0.));
#15243=DIRECTION('',(0.,0.,1.));
#15244=DIRECTION('',(0.29237170842192,0.,-0.956304754832082));
#15245=DIRECTION('',(0.,-1.,0.));
#15246=DIRECTION('',(0.,1.,0.));
#15247=DIRECTION('',(-0.956304754832082,0.,-0.29237170842192));
#15248=DIRECTION('',(0.956304754832082,0.,0.29237170842192));
#15249=DIRECTION('',(-1.06701843400891E-5,-1.06728322078475E-5,0.999999999886119));
#15250=DIRECTION('',(0.999999999943074,-5.69405616226612E-11,1.06701843400891E-5));
#15251=DIRECTION('',(0.,0.,-1.));
#15252=DIRECTION('',(-0.707019050318154,-0.707194501171507,0.));
#15253=DIRECTION('',(1.23209435173818E-5,-0.499999999184669,-0.866025404167525));
#15254=DIRECTION('',(-0.500000001477785,1.23240010305467E-5,-0.86602540284355));
#15255=DIRECTION('',(0.,1.,0.));
#15256=DIRECTION('',(0.,0.,-1.));
#15257=DIRECTION('',(0.,-1.,0.));
#15258=DIRECTION('',(0.,-1.,0.));
#15259=DIRECTION('',(0.,0.,-1.));
#15260=DIRECTION('',(0.,1.,0.));
#15261=DIRECTION('',(0.,-1.,0.));
#15262=DIRECTION('',(0.,0.,-1.));
#15263=DIRECTION('',(0.,0.,1.));
#15264=DIRECTION('',(1.,0.,0.));
#15265=DIRECTION('',(-1.,0.,0.));
#15266=DIRECTION('',(0.,-1.,0.));
#15267=DIRECTION('',(1.,0.,0.));
#15268=DIRECTION('',(0.,-1.,0.));
#15269=DIRECTION('',(-1.,0.,0.));
#15270=DIRECTION('',(0.,0.,1.));
#15271=DIRECTION('',(0.,0.,1.));
#15272=DIRECTION('',(0.,-1.,0.));
#15273=DIRECTION('',(0.,0.,-1.));
#15274=DIRECTION('',(1.,0.,0.));
#15275=DIRECTION('',(0.,0.,1.));
#15276=DIRECTION('',(1.,0.,0.));
#15277=DIRECTION('',(0.,0.,-1.));
#15278=DIRECTION('',(-1.,0.,0.));
#15279=DIRECTION('',(1.,0.,0.));
#15280=DIRECTION('',(0.,0.,1.));
#15281=DIRECTION('',(-1.,0.,0.));
#15282=DIRECTION('',(-1.,0.,0.));
#15283=DIRECTION('',(0.,0.,1.));
#15284=DIRECTION('',(0.,0.,-1.));
#15285=DIRECTION('',(0.,0.,1.));
#15286=DIRECTION('',(0.,-1.,0.));
#15287=DIRECTION('',(0.,0.,1.));
#15288=DIRECTION('',(-1.,0.,0.));
#15289=DIRECTION('',(0.,0.,1.));
#15290=DIRECTION('',(0.,0.,-1.));
#15291=DIRECTION('',(-1.,0.,0.));
#15292=DIRECTION('',(0.,0.,-1.));
#15293=DIRECTION('',(-1.,0.,0.));
#15294=DIRECTION('',(0.,1.,0.));
#15295=DIRECTION('',(0.,0.,-1.));
#15296=DIRECTION('',(0.,1.,0.));
#15297=DIRECTION('',(0.,-1.,0.));
#15298=DIRECTION('',(0.,0.,-1.));
#15299=DIRECTION('',(0.,-1.,0.));
#15300=DIRECTION('',(0.,-1.,0.));
#15301=DIRECTION('',(0.,0.,-1.));
#15302=DIRECTION('',(0.866034410943064,0.,0.499984398819104));
#15303=DIRECTION('',(0.,-1.,0.));
#15304=DIRECTION('',(0.,1.,0.));
#15305=DIRECTION('',(0.499984398819104,0.,-0.866034410943064));
#15306=DIRECTION('',(0.,-1.,0.));
#15307=DIRECTION('',(0.499976153551951,-0.00574298056524084,-0.866020129127275));
#15308=DIRECTION('',(0.,0.866025404730549,0.499999998361289));
#15309=DIRECTION('',(1.,0.,0.));
#15310=DIRECTION('',(-1.,0.,0.));
#15311=DIRECTION('',(-1.,0.,0.));
#15312=DIRECTION('',(0.,0.,1.));
#15313=DIRECTION('',(-1.,0.,0.));
#15314=DIRECTION('',(0.,0.,1.));
#15315=DIRECTION('',(0.,0.,-1.));
#15316=DIRECTION('',(-1.,0.,0.));
#15317=DIRECTION('',(0.,0.,-1.));
#15318=DIRECTION('',(0.,0.,1.));
#15319=DIRECTION('',(1.,0.,0.));
#15320=DIRECTION('',(0.,0.,1.));
#15321=DIRECTION('',(-1.,0.,0.));
#15322=DIRECTION('',(0.,0.,-1.));
#15323=DIRECTION('',(-1.,0.,0.));
#15324=DIRECTION('',(0.,0.,-1.));
#15325=DIRECTION('',(0.,0.,1.));
#15326=DIRECTION('',(-1.,0.,0.));
#15327=DIRECTION('',(0.,0.,1.));
#15328=DIRECTION('',(0.,0.,-1.));
#15329=DIRECTION('',(1.,0.,0.));
#15330=DIRECTION('',(0.,0.,1.));
#15331=DIRECTION('',(0.,-0.500000000026724,-0.86602540376901));
#15332=DIRECTION('',(0.,-0.86602540376901,0.500000000026724));
#15333=DIRECTION('',(0.,-0.86602540376901,0.500000000026724));
#15334=DIRECTION('',(-1.,0.,0.));
#15335=DIRECTION('',(-1.,0.,0.));
#15336=DIRECTION('',(-1.,0.,0.));
#15337=DIRECTION('',(0.,0.,1.));
#15338=DIRECTION('',(0.,1.,0.));
#15339=DIRECTION('',(0.,0.,1.));
#15340=DIRECTION('',(0.,-1.,0.));
#15341=DIRECTION('',(0.,0.,-1.));
#15342=DIRECTION('',(0.,1.,0.));
#15343=DIRECTION('',(1.,0.,0.));
#15344=DIRECTION('',(2.71050543121375E-15,1.,0.));
#15345=DIRECTION('',(-1.,2.71050543121375E-15,0.));
#15346=DIRECTION('',(0.,0.,1.));
#15347=DIRECTION('',(0.,0.,1.));
#15348=DIRECTION('',(-1.,0.,0.));
#15349=DIRECTION('',(0.,0.,-1.));
#15350=DIRECTION('',(2.71050543121375E-15,1.,0.));
#15351=DIRECTION('',(-1.,2.71050543121375E-15,0.));
#15352=DIRECTION('',(0.,-1.,0.));
#15353=DIRECTION('',(0.,0.,-1.));
#15354=DIRECTION('',(0.,-1.,0.));
#15355=DIRECTION('',(0.,0.,-1.));
#15356=DIRECTION('',(0.,-1.,0.));
#15357=DIRECTION('',(0.,0.,-1.));
#15358=DIRECTION('',(1.,0.,0.));
#15359=DIRECTION('',(0.,0.,1.));
#15360=DIRECTION('',(0.,0.,1.));
#15361=DIRECTION('',(0.,-1.,0.));
#15362=DIRECTION('',(0.,0.,-1.));
#15363=DIRECTION('',(1.,0.,0.));
#15364=DIRECTION('',(0.,0.,1.));
#15365=DIRECTION('',(0.,-1.,0.));
#15366=DIRECTION('',(0.,0.,-1.));
#15367=DIRECTION('',(2.71050543121375E-15,1.,0.));
#15368=DIRECTION('',(-1.,2.71050543121375E-15,0.));
#15369=DIRECTION('',(0.,0.,1.));
#15370=DIRECTION('',(0.,1.,0.));
#15371=DIRECTION('',(0.,0.,1.));
#15372=DIRECTION('',(0.,0.,1.));
#15373=DIRECTION('',(0.,0.,1.));
#15374=DIRECTION('',(0.,0.,-1.));
#15375=DIRECTION('',(0.,0.,-1.));
#15376=DIRECTION('',(-1.,0.,0.));
#15377=DIRECTION('',(0.,-1.,0.));
#15378=DIRECTION('',(0.,0.,-1.));
#15379=DIRECTION('',(-1.,0.,0.));
#15380=DIRECTION('',(-1.,0.,0.));
#15381=DIRECTION('',(0.,0.,1.));
#15382=DIRECTION('',(-1.,0.,0.));
#15383=DIRECTION('',(0.,0.,-1.));
#15384=DIRECTION('',(-1.,0.,0.));
#15385=DIRECTION('',(0.,0.,1.));
#15386=DIRECTION('',(-1.,0.,0.));
#15387=DIRECTION('',(-1.,0.,0.));
#15388=DIRECTION('',(0.,0.,-1.));
#15389=DIRECTION('',(-1.,0.,0.));
#15390=DIRECTION('',(0.,-1.,0.));
#15391=DIRECTION('',(0.,0.,-1.));
#15392=DIRECTION('',(0.,-1.,0.));
#15393=DIRECTION('',(0.,0.,-1.));
#15394=DIRECTION('',(1.,0.,0.));
#15395=DIRECTION('',(0.,1.,0.));
#15396=DIRECTION('',(0.,1.,0.));
#15397=DIRECTION('',(0.,-1.,0.));
#15398=DIRECTION('',(0.,0.,1.));
#15399=DIRECTION('',(0.,-1.,0.));
#15400=DIRECTION('',(0.,1.,0.));
#15401=DIRECTION('',(0.,0.,-1.));
#15402=DIRECTION('',(0.,-1.,0.));
#15403=DIRECTION('',(0.,1.,0.));
#15404=DIRECTION('',(1.,0.,0.));
#15405=DIRECTION('',(0.,1.,0.));
#15406=DIRECTION('',(0.,-1.,0.));
#15407=DIRECTION('',(0.,-0.499999998361289,0.866025404730549));
#15408=DIRECTION('',(0.612378804718738,0.612378804718738,0.499984398819103));
#15409=DIRECTION('',(-9.86749765065979E-6,0.632445665247208,-0.774604725271315));
#15410=DIRECTION('',(-0.707106781186548,0.707106781186547,0.));
#15411=DIRECTION('',(0.707106781186548,-0.707106781186548,2.49808841151968E-16));
#15412=DIRECTION('',(0.353542358892467,0.353542358892467,-0.866034410943064));
#15413=DIRECTION('',(-0.612372435085755,0.612372435085755,0.500000001494286));
#15414=DIRECTION('',(0.632455533545787,0.,0.77459666800685));
#15415=DIRECTION('',(-0.70710678205583,-0.707106780317265,0.));
#15416=DIRECTION('',(-0.353547302690925,0.353559480582646,-0.866025402889604));
#15417=DIRECTION('',(0.,1.,0.));
#15418=DIRECTION('',(1.,0.,0.));
#15419=DIRECTION('',(-2.50010841996725E-21,1.,0.));
#15420=DIRECTION('',(1.,0.,0.));
#15421=DIRECTION('',(0.,-1.,0.));
#15422=DIRECTION('',(-2.50010841996725E-21,1.,0.));
#15423=DIRECTION('',(1.,0.,0.));
#15424=DIRECTION('',(0.,1.,0.));
#15425=DIRECTION('',(0.,0.,-1.));
#15426=DIRECTION('',(0.,-1.,0.));
#15427=DIRECTION('',(0.,1.,0.));
#15428=DIRECTION('',(1.,0.,0.));
#15429=DIRECTION('',(0.,1.,0.));
#15430=DIRECTION('',(1.,0.,0.));
#15431=DIRECTION('',(0.,-1.,0.));
#15432=DIRECTION('',(-1.,0.,0.));
#15433=DIRECTION('',(0.,0.,1.));
#15434=DIRECTION('',(0.,-1.,0.));
#15435=DIRECTION('',(0.,-1.,0.));
#15436=DIRECTION('',(0.,0.,-1.));
#15437=DIRECTION('',(-2.71050543121375E-15,-1.,0.));
#15438=DIRECTION('',(-1.,2.71050543121375E-15,0.));
#15439=DIRECTION('',(0.,-1.,0.));
#15440=DIRECTION('',(0.,1.,0.));
#15441=DIRECTION('',(2.71050543121375E-15,1.,0.));
#15442=DIRECTION('',(-1.,2.71050543121375E-15,0.));
#15443=DIRECTION('',(1.,0.,0.));
#15444=DIRECTION('',(0.,1.,0.));
#15445=DIRECTION('',(0.,0.,1.));
#15446=DIRECTION('',(0.,0.,1.));
#15447=DIRECTION('',(1.,0.,0.));
#15448=DIRECTION('',(-1.,0.,0.));
#15449=DIRECTION('',(0.,0.,-1.));
#15450=DIRECTION('',(1.,0.,0.));
#15451=DIRECTION('',(-0.707106781186548,-0.707106781186547,0.));
#15452=DIRECTION('',(0.,1.,0.));
#15453=DIRECTION('',(0.,0.,-1.));
#15454=DIRECTION('',(-1.,0.,0.));
#15455=DIRECTION('',(-0.707106781186548,0.707106781186547,0.));
#15456=DIRECTION('',(-1.,0.,0.));
#15457=DIRECTION('',(0.,0.,-1.));
#15458=DIRECTION('',(1.,0.,0.));
#15459=DIRECTION('',(0.,0.,-1.));
#15460=DIRECTION('',(1.,0.,0.));
#15461=DIRECTION('',(1.,0.,0.));
#15462=DIRECTION('',(0.,-1.,0.));
#15463=DIRECTION('',(0.,0.,-1.));
#15464=DIRECTION('',(0.382907382272892,-0.92378673761909,0.));
#15465=DIRECTION('',(0.,-1.,0.));
#15466=DIRECTION('',(0.,0.,1.));
#15467=DIRECTION('',(0.,1.,0.));
#15468=DIRECTION('',(0.,0.,1.));
#15469=DIRECTION('',(0.,-1.,0.));
#15470=DIRECTION('',(0.,1.,0.));
#15471=DIRECTION('',(0.,0.,1.));
#15472=DIRECTION('',(1.,0.,0.));
#15473=DIRECTION('',(0.,1.,0.));
#15474=DIRECTION('',(0.,-1.,0.));
#15475=DIRECTION('',(-1.,0.,0.));
#15476=DIRECTION('',(0.,1.,0.));
#15477=DIRECTION('',(0.,0.,1.));
#15478=DIRECTION('',(0.,1.,0.));
#15479=DIRECTION('',(1.,0.,0.));
#15480=DIRECTION('',(0.,-1.,0.));
#15481=DIRECTION('',(0.,-1.,0.));
#15482=DIRECTION('',(-1.,0.,0.));
#15483=DIRECTION('',(0.,0.,1.));
#15484=DIRECTION('',(0.,1.,0.));
#15485=DIRECTION('',(0.,0.,-1.));
#15486=DIRECTION('',(0.,0.,1.));
#15487=DIRECTION('',(1.,0.,0.));
#15488=DIRECTION('',(1.,0.,0.));
#15489=DIRECTION('',(1.,0.,0.));
#15490=DIRECTION('',(0.,1.,0.));
#15491=DIRECTION('',(0.,0.,-1.));
#15492=DIRECTION('',(0.,-1.,0.));
#15493=DIRECTION('',(1.,0.,0.));
#15494=DIRECTION('',(0.,0.,1.));
#15495=DIRECTION('',(-1.,0.,0.));
#15496=DIRECTION('',(0.,0.,1.));
#15497=DIRECTION('',(0.,0.,-1.));
#15498=DIRECTION('',(0.,-1.,0.));
#15499=DIRECTION('',(0.,1.,0.));
#15500=DIRECTION('',(-1.,0.,0.));
#15501=DIRECTION('',(0.,-1.,0.));
#15502=DIRECTION('',(1.,0.,0.));
#15503=DIRECTION('',(0.,1.,0.));
#15504=DIRECTION('',(1.,0.,0.));
#15505=DIRECTION('',(0.,0.,1.));
#15506=DIRECTION('',(1.,0.,0.));
#15507=DIRECTION('',(0.,0.,1.));
#15508=DIRECTION('',(0.,0.838627869611281,-0.544704779042046));
#15509=DIRECTION('',(-1.,0.,0.));
#15510=DIRECTION('',(-1.,0.,0.));
#15511=DIRECTION('',(-1.,0.,0.));
#15512=DIRECTION('',(0.,0.544704779042046,0.838627869611281));
#15513=DIRECTION('',(0.,2.16840434497101E-15,-1.));
#15514=DIRECTION('',(0.,-1.,-2.16840434497101E-15));
#15515=DIRECTION('',(0.,0.,1.));
#15516=DIRECTION('',(1.,0.,0.));
#15517=DIRECTION('',(0.,0.,1.));
#15518=DIRECTION('',(-1.,0.,0.));
#15519=DIRECTION('',(0.,0.,-1.));
#15520=DIRECTION('',(1.,0.,0.));
#15521=DIRECTION('',(0.,0.,1.));
#15522=DIRECTION('',(1.,0.,0.));
#15523=DIRECTION('',(0.,0.,1.));
#15524=DIRECTION('',(0.,0.,1.));
#15525=DIRECTION('',(-1.,0.,0.));
#15526=DIRECTION('',(0.,0.,-1.));
#15527=DIRECTION('',(0.,1.,0.));
#15528=DIRECTION('',(1.,0.,0.));
#15529=DIRECTION('',(0.,0.,1.));
#15530=DIRECTION('',(0.,0.,-1.));
#15531=DIRECTION('',(0.,-1.,0.));
#15532=DIRECTION('',(0.,0.,1.));
#15533=DIRECTION('',(1.,0.,0.));
#15534=DIRECTION('',(0.,1.,0.));
#15535=DIRECTION('',(1.,0.,0.));
#15536=DIRECTION('',(-1.,0.,0.));
#15537=DIRECTION('',(1.,0.,0.));
#15538=DIRECTION('',(0.,1.,0.));
#15539=DIRECTION('',(0.,-0.86602540376901,0.500000000026724));
#15540=DIRECTION('',(0.,0.866536917449153,-0.499112983900158));
#15541=DIRECTION('',(0.,0.86602540376901,-0.500000000026724));
#15542=DIRECTION('',(0.,-1.,0.));
#15543=DIRECTION('',(0.,0.,-1.));
#15544=DIRECTION('',(0.,0.,-1.));
#15545=DIRECTION('',(0.,0.,1.));
#15546=DIRECTION('',(-1.,0.,0.));
#15547=DIRECTION('',(0.,0.,1.));
#15548=DIRECTION('',(0.,0.,-1.));
#15549=DIRECTION('',(-1.,0.,0.));
#15550=DIRECTION('',(0.,0.,-1.));
#15551=DIRECTION('',(0.,1.,0.));
#15552=DIRECTION('',(1.,0.,0.));
#15553=DIRECTION('',(-1.,0.,0.));
#15554=DIRECTION('',(0.,0.,-1.));
#15555=DIRECTION('',(1.,0.,0.));
#15556=DIRECTION('',(0.,0.,1.));
#15557=DIRECTION('',(0.,0.,1.));
#15558=DIRECTION('',(-2.71050543121375E-15,-1.,0.));
#15559=DIRECTION('',(-1.,2.71050543121375E-15,0.));
#15560=DIRECTION('',(0.,-1.,0.));
#15561=DIRECTION('',(2.71050543121375E-15,1.,0.));
#15562=DIRECTION('',(-1.,2.71050543121375E-15,0.));
#15563=DIRECTION('',(0.,1.,0.));
#15564=DIRECTION('',(0.,0.,-1.));
#15565=DIRECTION('',(0.,-1.,0.));
#15566=DIRECTION('',(0.,0.,-1.));
#15567=DIRECTION('',(0.,1.,0.));
#15568=DIRECTION('',(0.,0.,-1.));
#15569=DIRECTION('',(0.,-1.,0.));
#15570=DIRECTION('',(0.,0.,-1.));
#15571=DIRECTION('',(1.,0.,0.));
#15572=DIRECTION('',(0.,1.,0.));
#15573=DIRECTION('',(0.,0.,1.));
#15574=DIRECTION('',(1.,0.,0.));
#15575=DIRECTION('',(0.,1.,0.));
#15576=DIRECTION('',(0.,0.,-1.));
#15577=DIRECTION('',(1.,0.,0.));
#15578=DIRECTION('',(0.,0.,1.));
#15579=DIRECTION('',(-1.,0.,0.));
#15580=DIRECTION('',(0.,0.,1.));
#15581=DIRECTION('',(-1.,0.,0.));
#15582=DIRECTION('',(0.,0.,1.));
#15583=DIRECTION('',(0.,-1.,0.));
#15584=DIRECTION('',(0.,0.,1.));
#15585=DIRECTION('',(0.,-1.,0.));
#15586=DIRECTION('',(1.,0.,0.));
#15587=DIRECTION('',(0.,1.,0.));
#15588=DIRECTION('',(0.,1.,0.));
#15589=DIRECTION('',(-1.,0.,0.));
#15590=DIRECTION('',(0.,0.,1.));
#15591=DIRECTION('',(0.,1.,0.));
#15592=DIRECTION('',(-1.,0.,0.));
#15593=DIRECTION('',(0.,0.,1.));
#15594=DIRECTION('',(0.,-1.,0.));
#15595=DIRECTION('',(0.,0.,-1.));
#15596=DIRECTION('',(0.,1.,0.));
#15597=DIRECTION('',(1.,0.,0.));
#15598=DIRECTION('',(0.,1.,0.));
#15599=DIRECTION('',(0.,-0.86602540376901,0.500000000026724));
#15600=DIRECTION('',(2.71050543121375E-15,1.,0.));
#15601=DIRECTION('',(0.,0.,-1.));
#15602=DIRECTION('',(0.,1.,0.));
#15603=DIRECTION('',(0.,0.,-1.));
#15604=DIRECTION('',(0.,-1.,0.));
#15605=DIRECTION('',(0.,0.,-1.));
#15606=DIRECTION('',(0.,-1.06727993412131E-5,0.999999999943046));
#15607=DIRECTION('',(1.,0.,0.));
#15608=DIRECTION('',(0.,-0.499999999222621,-0.866025404233259));
#15609=DIRECTION('',(0.,1.,0.));
#15610=DIRECTION('',(1.,0.,0.));
#15611=DIRECTION('',(-3.46035767463406E-21,1.,0.));
#15612=DIRECTION('',(1.,0.,0.));
#15613=DIRECTION('',(0.,1.,0.));
#15614=DIRECTION('',(1.,0.,0.));
#15615=DIRECTION('',(0.,1.,0.));
#15616=DIRECTION('',(1.,0.,0.));
#15617=DIRECTION('',(0.707106781186547,-0.707106781186548,0.));
#15618=DIRECTION('',(0.,0.,-1.));
#15619=DIRECTION('',(0.707106781186548,0.707106781186547,0.));
#15620=DIRECTION('',(0.,0.,-1.));
#15621=DIRECTION('',(0.,0.,1.));
#15622=DIRECTION('',(1.,0.,0.));
#15623=DIRECTION('',(0.,0.,1.));
#15624=DIRECTION('',(1.,0.,0.));
#15625=DIRECTION('',(1.,0.,0.));
#15626=DIRECTION('',(0.,0.,-1.));
#15627=DIRECTION('',(0.,-1.,0.));
#15628=DIRECTION('',(-1.,0.,0.));
#15629=DIRECTION('',(-1.,0.,0.));
#15630=DIRECTION('',(0.,0.,1.));
#15631=DIRECTION('',(1.,0.,0.));
#15632=DIRECTION('',(0.,0.,1.));
#15633=DIRECTION('',(0.,0.,-1.));
#15634=DIRECTION('',(0.,1.,0.));
#15635=DIRECTION('',(1.,0.,0.));
#15636=DIRECTION('',(0.,0.,1.));
#15637=DIRECTION('',(1.,0.,0.));
#15638=DIRECTION('',(0.,-1.,0.));
#15639=DIRECTION('',(0.,-1.,0.));
#15640=DIRECTION('',(0.,0.,1.));
#15641=DIRECTION('',(0.,1.,0.));
#15642=DIRECTION('',(0.,0.,1.));
#15643=DIRECTION('',(0.,-1.,0.));
#15644=DIRECTION('',(0.,0.,1.));
#15645=DIRECTION('',(0.,1.,0.));
#15646=DIRECTION('',(1.,0.,0.));
#15647=DIRECTION('',(0.,-1.,0.));
#15648=DIRECTION('',(1.,0.,0.));
#15649=DIRECTION('',(0.,1.,0.));
#15650=DIRECTION('',(1.,0.,0.));
#15651=DIRECTION('',(7.46621670266734E-6,-1.80126899856914E-5,0.999999999809899));
#15652=DIRECTION('',(0.999999999972128,6.72433293450911E-11,-7.46621670266734E-6));
#15653=DIRECTION('',(-8.62115478129447E-6,0.499999998342708,-0.866025404698366));
#15654=DIRECTION('',(-1.,0.,0.));
#15655=DIRECTION('',(0.,0.,1.));
#15656=DIRECTION('',(0.,0.,1.));
#15657=DIRECTION('',(1.,0.,0.));
#15658=DIRECTION('',(1.,0.,0.));
#15659=DIRECTION('',(0.,1.,0.));
#15660=DIRECTION('',(0.,1.,0.));
#15661=DIRECTION('',(0.,0.,-1.));
#15662=DIRECTION('',(0.,-1.,0.));
#15663=DIRECTION('',(0.,0.,-1.));
#15664=DIRECTION('',(0.,0.,1.));
#15665=DIRECTION('',(1.,0.,0.));
#15666=DIRECTION('',(0.,-1.,0.));
#15667=DIRECTION('',(-1.,0.,0.));
#15668=DIRECTION('',(-1.,0.,0.));
#15669=DIRECTION('',(0.,0.,1.));
#15670=DIRECTION('',(0.,0.,1.));
#15671=DIRECTION('',(1.,0.,0.));
#15672=DIRECTION('',(0.,0.,1.));
#15673=DIRECTION('',(0.,0.,-1.));
#15674=DIRECTION('',(0.,-1.,0.));
#15675=DIRECTION('',(0.,0.,1.));
#15676=DIRECTION('',(-1.,0.,0.));
#15677=DIRECTION('',(0.,-1.,0.));
#15678=DIRECTION('',(0.,0.,-1.));
#15679=DIRECTION('',(-1.,0.,0.));
#15680=DIRECTION('',(0.,0.,1.));
#15681=DIRECTION('',(1.,0.,0.));
#15682=DIRECTION('',(0.,1.,0.));
#15683=DIRECTION('',(-1.,0.,0.));
#15684=DIRECTION('',(0.,0.,1.));
#15685=DIRECTION('',(1.,0.,0.));
#15686=DIRECTION('',(-1.,0.,0.));
#15687=DIRECTION('',(0.,1.,0.));
#15688=DIRECTION('',(0.707106782030263,-0.707106780342832,0.));
#15689=DIRECTION('',(-1.,0.,0.));
#15690=DIRECTION('',(0.,0.,1.));
#15691=DIRECTION('',(1.,0.,0.));
#15692=DIRECTION('',(1.,0.,0.));
#15693=DIRECTION('',(1.,0.,0.));
#15694=DIRECTION('',(0.,0.,1.));
#15695=DIRECTION('',(-1.,0.,0.));
#15696=DIRECTION('',(0.,0.,1.));
#15697=DIRECTION('',(0.,-0.500000000026724,-0.86602540376901));
#15698=DIRECTION('',(0.,-0.86602540376901,0.500000000026724));
#15699=DIRECTION('',(-1.,0.,0.));
#15700=DIRECTION('',(0.,0.86602540376901,-0.500000000026724));
#15701=DIRECTION('',(0.,0.86602540376901,-0.500000000026724));
#15702=DIRECTION('',(-1.,0.,0.));
#15703=DIRECTION('',(0.,0.,1.));
#15704=DIRECTION('',(0.,1.,0.));
#15705=DIRECTION('',(0.,1.,0.));
#15706=DIRECTION('',(-2.16840434497101E-15,0.,1.));
#15707=DIRECTION('',(-2.16840434497101E-15,0.,1.));
#15708=DIRECTION('',(-2.71050543121375E-15,-1.,0.));
#15709=DIRECTION('',(-1.,2.71050543121375E-15,0.));
#15710=DIRECTION('',(0.,1.,0.));
#15711=DIRECTION('',(2.71050543121375E-15,1.,0.));
#15712=DIRECTION('',(-1.,2.71050543121375E-15,0.));
#15713=DIRECTION('',(0.,0.,1.));
#15714=DIRECTION('',(1.,0.,0.));
#15715=DIRECTION('',(0.,-1.,0.));
#15716=DIRECTION('',(0.,0.,1.));
#15717=DIRECTION('',(0.,1.,0.));
#15718=DIRECTION('',(0.,0.,1.));
#15719=DIRECTION('',(0.,1.,0.));
#15720=DIRECTION('',(0.,1.,0.));
#15721=DIRECTION('',(0.,0.,1.));
#15722=DIRECTION('',(0.,1.,0.));
#15723=DIRECTION('',(0.,0.,-1.));
#15724=DIRECTION('',(0.,-1.,0.));
#15725=DIRECTION('',(0.,0.,-1.));
#15726=DIRECTION('',(-1.,0.,0.));
#15727=DIRECTION('',(0.,0.,1.));
#15728=DIRECTION('',(0.,-0.86602540376901,0.500000000026724));
#15729=DIRECTION('',(0.,0.866536917449153,-0.499112983900158));
#15730=DIRECTION('',(0.,0.866025404730549,0.499999998361289));
#15731=DIRECTION('',(1.,0.,0.));
#15732=DIRECTION('',(0.,-0.500000000026724,-0.86602540376901));
#15733=DIRECTION('',(0.,-0.86602540376901,0.500000000026724));
#15734=DIRECTION('',(0.,0.86602540376901,-0.500000000026724));
#15735=DIRECTION('',(0.,0.86602540376901,-0.500000000026724));
#15736=DIRECTION('',(-0.707106781186547,-0.707106781186548,0.));
#15737=DIRECTION('',(-0.707106781186548,0.707106781186547,0.));
#15738=DIRECTION('',(0.707106781186548,-0.707106781186547,0.));
#15739=DIRECTION('',(0.,0.,-1.));
#15740=DIRECTION('',(0.,-1.,0.));
#15741=DIRECTION('',(0.707106781186548,-0.707106781186547,0.));
#15742=DIRECTION('',(0.,-1.,0.));
#15743=DIRECTION('',(0.,0.,1.));
#15744=DIRECTION('',(-1.,0.,0.));
#15745=DIRECTION('',(0.,0.,-1.));
#15746=DIRECTION('',(1.,0.,0.));
#15747=DIRECTION('',(0.,0.,1.));
#15748=DIRECTION('',(-1.,0.,0.));
#15749=DIRECTION('',(0.,-1.,0.));
#15750=DIRECTION('',(0.,0.,-1.));
#15751=DIRECTION('',(1.,0.,0.));
#15752=DIRECTION('',(0.,0.,-1.));
#15753=DIRECTION('',(1.,0.,0.));
#15754=DIRECTION('',(0.,-1.,0.));
#15755=DIRECTION('',(1.,0.,0.));
#15756=DIRECTION('',(0.,0.,-1.));
#15757=DIRECTION('',(1.,0.,0.));
#15758=DIRECTION('',(0.,0.,-1.));
#15759=DIRECTION('',(0.,-1.,0.));
#15760=DIRECTION('',(1.,0.,0.));
#15761=DIRECTION('',(0.,0.,-1.));
#15762=DIRECTION('',(-1.,0.,0.));
#15763=DIRECTION('',(0.,-1.,0.));
#15764=DIRECTION('',(0.,0.,1.));
#15765=DIRECTION('',(-1.,0.,0.));
#15766=DIRECTION('',(-1.,0.,0.));
#15767=DIRECTION('',(0.,0.,-1.));
#15768=DIRECTION('',(-1.,0.,0.));
#15769=DIRECTION('',(0.,0.,1.));
#15770=DIRECTION('',(0.,0.,1.));
#15771=DIRECTION('',(1.,0.,0.));
#15772=DIRECTION('',(0.,0.,1.));
#15773=DIRECTION('',(-1.,0.,0.));
#15774=DIRECTION('',(0.,0.,1.));
#15775=DIRECTION('',(0.,0.,1.));
#15776=DIRECTION('',(-1.,0.,0.));
#15777=DIRECTION('',(0.,1.,0.));
#15778=DIRECTION('',(1.,0.,0.));
#15779=DIRECTION('',(-1.,0.,0.));
#15780=DIRECTION('',(0.,0.,-1.));
#15781=DIRECTION('',(0.,0.,-1.));
#15782=DIRECTION('',(0.,-1.,0.));
#15783=DIRECTION('',(0.,1.,0.));
#15784=DIRECTION('',(-1.,0.,0.));
#15785=DIRECTION('',(0.,1.,0.));
#15786=DIRECTION('',(0.,0.,-1.));
#15787=DIRECTION('',(0.,1.,0.));
#15788=DIRECTION('',(1.,0.,0.));
#15789=DIRECTION('',(0.,0.,-1.));
#15790=DIRECTION('',(2.16840434497101E-15,0.,-1.));
#15791=DIRECTION('',(1.,0.,2.16840434497101E-15));
#15792=DIRECTION('',(0.707106781186548,0.707106781186548,0.));
#15793=DIRECTION('',(0.,0.,-1.));
#15794=DIRECTION('',(0.,0.,1.));
#15795=DIRECTION('',(-0.707106781186548,0.707106781186548,0.));
#15796=DIRECTION('',(-0.292371704302245,0.,-0.956304756091593));
#15797=DIRECTION('',(-0.956304756091593,0.,0.292371704302245));
#15798=DIRECTION('',(1.,0.,0.));
#15799=DIRECTION('',(0.,1.,0.));
#15800=DIRECTION('',(0.,0.,1.));
#15801=DIRECTION('',(1.,0.,0.));
#15802=DIRECTION('',(0.,0.,1.));
#15803=DIRECTION('',(1.,0.,0.));
#15804=DIRECTION('',(-1.,0.,0.));
#15805=DIRECTION('',(0.,0.,1.));
#15806=DIRECTION('',(0.,0.,1.));
#15807=DIRECTION('',(1.,0.,0.));
#15808=DIRECTION('',(-1.,0.,0.));
#15809=DIRECTION('',(-1.,0.,0.));
#15810=DIRECTION('',(0.,0.,1.));
#15811=DIRECTION('',(0.,-1.,0.));
#15812=DIRECTION('',(0.,-0.499112983900158,-0.866536917449153));
#15813=DIRECTION('',(0.,-0.866536917449153,0.499112983900158));
#15814=DIRECTION('',(0.,1.,0.));
#15815=DIRECTION('',(0.,0.,-1.));
#15816=DIRECTION('',(0.,-1.,0.));
#15817=DIRECTION('',(0.,0.,-1.));
#15818=DIRECTION('',(0.,1.,0.));
#15819=DIRECTION('',(0.,0.,-1.));
#15820=DIRECTION('',(0.,-1.,0.));
#15821=DIRECTION('',(0.,0.,-1.));
#15822=DIRECTION('',(-0.866025402909317,0.,0.500000001515756));
#15823=DIRECTION('',(0.,1.,0.));
#15824=DIRECTION('',(0.,-1.,0.));
#15825=DIRECTION('',(0.,0.,-1.));
#15826=DIRECTION('',(0.,0.,1.));
#15827=DIRECTION('',(0.,0.,-1.));
#15828=DIRECTION('',(0.,-1.,0.));
#15829=DIRECTION('',(0.,0.,-1.));
#15830=DIRECTION('',(1.,0.,0.));
#15831=DIRECTION('',(0.,0.,-1.));
#15832=DIRECTION('',(1.,0.,0.));
#15833=DIRECTION('',(1.,0.,0.));
#15834=DIRECTION('',(-0.707106781186547,-0.707106781186548,0.));
#15835=DIRECTION('',(-0.707106781186548,0.707106781186547,0.));
#15836=DIRECTION('',(1.,0.,0.));
#15837=DIRECTION('',(0.,1.,0.));
#15838=DIRECTION('',(1.,0.,0.));
#15839=DIRECTION('',(0.,0.,1.));
#15840=DIRECTION('',(-1.,0.,0.));
#15841=DIRECTION('',(0.,0.,1.));
#15842=DIRECTION('',(0.,0.,-1.));
#15843=DIRECTION('',(1.,0.,0.));
#15844=DIRECTION('',(-0.29237170842192,0.,0.956304754832082));
#15845=DIRECTION('',(0.,1.,0.));
#15846=DIRECTION('',(0.,1.,0.));
#15847=DIRECTION('',(1.,0.,0.));
#15848=DIRECTION('',(0.,-1.,0.));
#15849=DIRECTION('',(0.,0.,-1.));
#15850=DIRECTION('',(1.,0.,0.));
#15851=DIRECTION('',(0.,0.,1.));
#15852=DIRECTION('',(0.,0.,-1.));
#15853=DIRECTION('',(0.,-1.,0.));
#15854=DIRECTION('',(0.,0.,1.));
#15855=DIRECTION('',(1.,0.,0.));
#15856=DIRECTION('',(0.,1.,0.));
#15857=DIRECTION('',(0.,0.,-1.));
#15858=DIRECTION('',(0.,-0.866025404233259,0.499999999222621));
#15859=DIRECTION('',(-1.,0.,0.));
#15860=DIRECTION('',(-1.,0.,0.));
#15861=DIRECTION('',(0.,0.,1.));
#15862=DIRECTION('',(0.,-0.500000000026724,-0.86602540376901));
#15863=DIRECTION('',(0.,-0.86602540376901,0.500000000026724));
#15864=DIRECTION('',(1.,0.,0.));
#15865=DIRECTION('',(0.,-1.,0.));
#15866=DIRECTION('',(1.,0.,0.));
#15867=DIRECTION('',(0.,1.,0.));
#15868=DIRECTION('',(0.,1.,0.));
#15869=DIRECTION('',(1.,0.,0.));
#15870=DIRECTION('',(2.16840434497101E-15,0.,-1.));
#15871=DIRECTION('',(1.,0.,2.16840434497101E-15));
#15872=DIRECTION('',(0.,0.,-1.));
#15873=DIRECTION('',(0.,-1.,0.));
#15874=DIRECTION('',(-1.,0.,0.));
#15875=DIRECTION('',(0.,0.,1.));
#15876=DIRECTION('',(1.,0.,0.));
#15877=DIRECTION('',(0.,1.,0.));
#15878=DIRECTION('',(0.,-0.499112983900158,-0.866536917449153));
#15879=DIRECTION('',(0.,-0.866536917449153,0.499112983900158));
#15880=DIRECTION('',(0.,0.866536917449153,-0.499112983900158));
#15881=DIRECTION('',(1.,0.,0.));
#15882=DIRECTION('',(0.,1.,0.));
#15883=DIRECTION('',(0.,0.,1.));
#15884=DIRECTION('',(1.,0.,0.));
#15885=CARTESIAN_POINT('',(0.,0.,0.));
#15886=CARTESIAN_POINT('',(3.514159265359,4.018812953692,-1.624765690071));
#15887=CARTESIAN_POINT('',(3.514159265359,4.018812953692,-1.98));
#15888=CARTESIAN_POINT('',(3.51415926536567,5.30857864376967,-1.98000000000667));
#15889=CARTESIAN_POINT('',(3.51415926536567,5.10857864376967,-1.98000000000667));
#15890=CARTESIAN_POINT('',(3.514159265359,5.108578643763,-1.624765690071));
#15891=CARTESIAN_POINT('',(3.51415926536567,5.10857864376967,-1.63500000000667));
#15892=CARTESIAN_POINT('',(3.514159265359,3.368812953692,-1.635));
#15893=CARTESIAN_POINT('',(3.51415926536567,5.30857864376967,-1.63500000000667));
#15894=CARTESIAN_POINT('',(3.514159265359,5.308578643763,-1.624765690071));
#15895=CARTESIAN_POINT('',(1.49347436802,4.693812953692,-0.1081536076048));
#15896=CARTESIAN_POINT('',(1.49347436802,4.033578643763,-0.1081536076048));
#15897=CARTESIAN_POINT('',(1.48586726536542,4.03357864376967,-0.115000000010129));
#15898=CARTESIAN_POINT('',(1.43586726536882,4.03357864376967,-0.160000000006832));
#15899=CARTESIAN_POINT('',(1.435867265359,4.693812953692,-0.16000000000023));
#15900=CARTESIAN_POINT('',(1.43586726536882,3.78357864376967,-0.160000000006832));
#15901=CARTESIAN_POINT('',(1.49347436802,3.783578643763,-0.1081536076048));
#15902=CARTESIAN_POINT('',(1.48586726536542,3.78357864376967,-0.115000000010129));
#15903=CARTESIAN_POINT('',(1.48586726535874,2.743812953692,-0.115));
#15904=CARTESIAN_POINT('',(3.524393575288,2.508578643763,-1.624765690071));
#15905=CARTESIAN_POINT('',(3.524393575288,2.508578643763,-1.98));
#15906=CARTESIAN_POINT('',(4.71415926536567,2.50857864376967,-1.98000000000667));
#15907=CARTESIAN_POINT('',(4.41415926536567,2.50857864376967,-1.98000000000667));
#15908=CARTESIAN_POINT('',(4.414159265359,2.508578643763,-1.624765690071));
#15909=CARTESIAN_POINT('',(4.41415926536567,2.50857864376967,-1.63500000000667));
#15910=CARTESIAN_POINT('',(3.184159265359,2.508578643763,-1.635));
#15911=CARTESIAN_POINT('',(4.71415926536567,2.50857864376967,-1.63500000000667));
#15912=CARTESIAN_POINT('',(4.714159265359,2.508578643763,-1.624765690071));
#15913=CARTESIAN_POINT('',(1.964159265359,5.858578643763,-1.78262203094215));
#15914=CARTESIAN_POINT('',(1.964159265369,5.858578643773,-2.23000000001));
#15915=CARTESIAN_POINT('',(1.964159265364,5.6585786437705,-2.2300000000075));
#15916=CARTESIAN_POINT('',(2.164159265359,5.858578643763,-2.23));
#15917=CARTESIAN_POINT('',(1.964159265359,5.658578643763,-1.78262203094215));
#15918=CARTESIAN_POINT('',(1.96415926536233,5.658578643773,-2.48000000000667));
#15919=CARTESIAN_POINT('',(1.964159265369,5.858578643773,-2.48000000001));
#15920=CARTESIAN_POINT('',(2.164159265359,5.858578643763,-2.48));
#15921=CARTESIAN_POINT('',(2.164159265369,5.858578643773,-1.78262203095215));
#15922=CARTESIAN_POINT('',(1.75392495543,4.436720605362,-0.2552599190434));
#15923=CARTESIAN_POINT('',(2.164159265369,4.383578643773,-0.42000000001));
#15924=CARTESIAN_POINT('',(1.764159265359,4.383578643763,-0.42));
#15925=CARTESIAN_POINT('',(2.035867265359,4.383578643763,-0.42));
#15926=CARTESIAN_POINT('',(2.035867265369,4.383578643773,-0.42000000001));
#15927=CARTESIAN_POINT('',(2.0358672653589,4.41744961150499,-0.314999999999995));
#15928=CARTESIAN_POINT('',(1.985867265369,4.43357864377305,-0.265000000009987));
#15929=CARTESIAN_POINT('',(1.9912540036557,4.43357864377305,-0.265000000010117));
#15930=CARTESIAN_POINT('',(1.99671360797309,4.43328800172154,-0.265900990370459));
#15931=CARTESIAN_POINT('',(2.00179389744559,4.43273816597835,-0.267605481174345));
#15932=CARTESIAN_POINT('',(2.0068709231237,4.43218868347306,-0.269308876940724));
#15933=CARTESIAN_POINT('',(2.01170051655169,4.43136220695525,-0.271870954145366));
#15934=CARTESIAN_POINT('',(2.01592484873406,4.43033777885983,-0.275046681241163));
#15935=CARTESIAN_POINT('',(2.02024183914432,4.42929088054005,-0.278292066032486));
#15936=CARTESIAN_POINT('',(2.02403452800673,4.42800770154908,-0.282269920904384));
#15937=CARTESIAN_POINT('',(2.02704899319757,4.42659489075482,-0.286649634366569));
#15938=CARTESIAN_POINT('',(2.03019855839492,4.42511876168172,-0.291225634493158));
#15939=CARTESIAN_POINT('',(2.03258542825642,4.42346329565988,-0.296357579160847));
#15940=CARTESIAN_POINT('',(2.03404904412694,4.42175683723667,-0.301647600272789));
#15941=CARTESIAN_POINT('',(2.03524983609516,4.42035681035122,-0.305987683617681));
#15942=CARTESIAN_POINT('',(2.03586726536864,4.41889735993979,-0.310511979893056));
#15943=CARTESIAN_POINT('',(2.0358672653689,4.41744961151498,-0.315000000009995));
#15944=CARTESIAN_POINT('',(1.985867265359,4.43357864376305,-0.264999999999987));
#15945=CARTESIAN_POINT('',(1.810867265369,4.433578643773,-0.26500000001));
#15946=CARTESIAN_POINT('',(1.764159265364,4.43357864377099,-0.265000000008466));
#15947=CARTESIAN_POINT('',(1.764159265369,4.433578643773,-0.26500000001));
#15948=CARTESIAN_POINT('',(4.714159265359,2.718812953692,-1.624765690071));
#15949=CARTESIAN_POINT('',(4.714159265359,2.718812953692,-1.98));
#15950=CARTESIAN_POINT('',(4.71415926536567,5.30857864376967,-1.98000000000667));
#15951=CARTESIAN_POINT('',(4.71415926536567,5.10857864376967,-1.98000000000667));
#15952=CARTESIAN_POINT('',(4.714159265359,5.108578643763,-1.624765690071));
#15953=CARTESIAN_POINT('',(4.71415926536567,5.10857864376967,-1.63500000000667));
#15954=CARTESIAN_POINT('',(4.714159265359,3.368812953692,-1.635));
#15955=CARTESIAN_POINT('',(4.71415926536567,5.30857864376967,-1.63500000000667));
#15956=CARTESIAN_POINT('',(4.714159265359,5.308578643763,-1.624765690071));
#15957=CARTESIAN_POINT('',(2.514159265359,2.308578643763,-0.215));
#15958=CARTESIAN_POINT('',(2.664159265369,2.308578643773,-0.31750000001));
#15959=CARTESIAN_POINT('',(2.664159265359,2.308578643763,-0.42));
#15960=CARTESIAN_POINT('',(2.664159265359,2.308578643763,-0.215));
#15961=CARTESIAN_POINT('',(2.514159265369,2.308578643773,-0.21500000001));
#15962=CARTESIAN_POINT('',(2.51415926536233,2.158578643773,-0.215000000006667));
#15963=CARTESIAN_POINT('',(2.514159265359,2.158578643763,-0.215));
#15964=CARTESIAN_POINT('',(2.51415926536233,2.158578643773,-0.420000000006667));
#15965=CARTESIAN_POINT('',(2.514159265369,2.308578643773,-0.42000000001));
#15966=CARTESIAN_POINT('',(2.035867265359,5.442578643763,-0.3047656900707));
#15967=CARTESIAN_POINT('',(2.035867265369,4.058578643773,-0.34250000001));
#15968=CARTESIAN_POINT('',(2.035867265359,4.08357864376308,-0.419999999999975));
#15969=CARTESIAN_POINT('',(2.0358672653589,4.04970767602103,-0.314999999999995));
#15970=CARTESIAN_POINT('',(2.035867265369,3.908578643773,-0.31500000001));
#15971=CARTESIAN_POINT('',(2.03586726536897,4.03357864376967,-0.315000000006667));
#15972=CARTESIAN_POINT('',(2.035867265359,4.033578643763,-1.724765690071));
#15973=CARTESIAN_POINT('',(2.03586726536567,4.03357864376967,-0.420000000006667));
#15974=CARTESIAN_POINT('',(2.035867265369,3.90857864377285,-0.42000000001));
#15975=CARTESIAN_POINT('',(2.035867265359,5.442578643763,-0.3047656900707));
#15976=CARTESIAN_POINT('',(2.035867265369,2.758578643773,-0.34250000001));
#15977=CARTESIAN_POINT('',(2.035867265359,2.78357864376308,-0.419999999999975));
#15978=CARTESIAN_POINT('',(2.0358672653589,2.74970767602103,-0.314999999999995));
#15979=CARTESIAN_POINT('',(2.035867265369,3.908578643773,-0.31500000001));
#15980=CARTESIAN_POINT('',(2.0358672653589,2.733578643763,-0.315));
#15981=CARTESIAN_POINT('',(2.035867265369,2.733578643773,-0.36750000001));
#15982=CARTESIAN_POINT('',(2.035867265359,2.733578643763,-0.42));
#15983=CARTESIAN_POINT('',(2.035867265369,3.90857864377285,-0.42000000001));
#15984=CARTESIAN_POINT('',(5.574393575288,5.468578643763,-1.535));
#15985=CARTESIAN_POINT('',(4.239159265369,3.458578643773,-1.53500000001));
#15986=CARTESIAN_POINT('',(5.5641593815085,3.45857865828918,-1.53500000001));
#15987=CARTESIAN_POINT('',(5.15945462451704,3.458578643768,-1.53500000001));
#15988=CARTESIAN_POINT('',(5.159454624522,3.908578643773,-1.53500000001));
#15989=CARTESIAN_POINT('',(5.15945462451207,3.058578643763,-1.5349999999999));
#15990=CARTESIAN_POINT('',(4.239159265369,3.058578643773,-1.53500000001));
#15991=CARTESIAN_POINT('',(5.56415926536567,3.05857864377133,-1.53500000000667));
#15992=CARTESIAN_POINT('',(5.564159265359,5.468578643763,-1.535));
#15993=CARTESIAN_POINT('',(3.214159265359,2.498344333833,-1.624765690071));
#15994=CARTESIAN_POINT('',(3.214159265359,2.498344333833,-1.98));
#15995=CARTESIAN_POINT('',(3.21415926536567,3.80857864376967,-1.98000000000667));
#15996=CARTESIAN_POINT('',(3.21415926536567,4.00857864376967,-1.98000000000667));
#15997=CARTESIAN_POINT('',(3.214159265359,4.008578643763,-1.624765690071));
#15998=CARTESIAN_POINT('',(3.21415926536567,4.00857864376967,-1.63500000000667));
#15999=CARTESIAN_POINT('',(3.214159265359,3.368812953692,-1.635));
#16000=CARTESIAN_POINT('',(3.21415926536567,3.80857864376967,-1.63500000000667));
#16001=CARTESIAN_POINT('',(3.214159265359,3.808578643763,-1.624765690071));
#16002=CARTESIAN_POINT('',(3.20392495543,4.008578643763,-1.624765690071));
#16003=CARTESIAN_POINT('',(3.20392495543,4.008578643763,-1.98));
#16004=CARTESIAN_POINT('',(4.41415926536567,4.00857864376967,-1.98000000000667));
#16005=CARTESIAN_POINT('',(4.71415926536567,4.00857864376967,-1.98000000000667));
#16006=CARTESIAN_POINT('',(4.714159265359,4.008578643763,-1.624765690071));
#16007=CARTESIAN_POINT('',(4.71415926536567,4.00857864376967,-1.63500000000667));
#16008=CARTESIAN_POINT('',(3.184159265359,4.008578643763,-1.635));
#16009=CARTESIAN_POINT('',(4.41415926536567,4.00857864376967,-1.63500000000667));
#16010=CARTESIAN_POINT('',(4.414159265359,4.008578643763,-1.624765690071));
#16011=CARTESIAN_POINT('',(2.035867265359,5.442578643763,-0.3047656900707));
#16012=CARTESIAN_POINT('',(2.035867265369,5.033578643773,-0.42000000001));
#16013=CARTESIAN_POINT('',(2.035867265359,5.033578643763,-0.42));
#16014=CARTESIAN_POINT('',(2.0358672653589,5.06744961150499,-0.314999999999994));
#16015=CARTESIAN_POINT('',(2.035867265369,3.90857864377285,-0.42000000001));
#16016=CARTESIAN_POINT('',(2.035867265359,5.083578643763,-0.42));
#16017=CARTESIAN_POINT('',(2.035867265369,5.083578643773,-0.36750000001));
#16018=CARTESIAN_POINT('',(2.0358672653589,5.083578643763,-0.315));
#16019=CARTESIAN_POINT('',(2.035867265369,3.908578643773,-0.31500000001));
#16020=CARTESIAN_POINT('',(5.514159265359,5.00858008887515,-1.48));
#16021=CARTESIAN_POINT('',(5.514159265369,5.008578643773,-1.48000000001));
#16022=CARTESIAN_POINT('',(5.564159965369,5.008578643773,-1.47999999926248));
#16023=CARTESIAN_POINT('',(5.514159265622,5.00857861473901,-1.42999979677299));
#16024=CARTESIAN_POINT('',(5.514159265359,5.03357901755834,-1.45500176872233));
#16025=CARTESIAN_POINT('',(5.5141592660015,4.95857713196497,-1.38000000016753));
#16026=CARTESIAN_POINT('',(5.514159265359,4.95858138374874,-1.48));
#16027=CARTESIAN_POINT('',(5.614159265369,4.958576463081,-1.47999999829457));
#16028=CARTESIAN_POINT('',(5.53915749663234,5.033579017554,-1.48));
#16029=CARTESIAN_POINT('',(5.514159265359,5.50857864352,-1.98000000000038));
#16030=CARTESIAN_POINT('',(5.514159265359,5.59644660927774,-1.98000000014273));
#16031=CARTESIAN_POINT('',(5.514159265359,5.65857864376416,-1.91786796575641));
#16032=CARTESIAN_POINT('',(5.514159265359,5.65857864376338,-1.82999999999867));
#16033=CARTESIAN_POINT('',(5.57273790912189,5.50857864352,-1.98000000000038));
#16034=CARTESIAN_POINT('',(5.57273790912189,5.59644660927774,-1.98000000014273));
#16035=CARTESIAN_POINT('',(5.57273790912189,5.65857864376416,-1.91786796575641));
#16036=CARTESIAN_POINT('',(5.57273790912189,5.65857864376338,-1.82999999999867));
#16037=CARTESIAN_POINT('',(5.61415926535922,5.50857864358692,-1.93857864376285));
#16038=CARTESIAN_POINT('',(5.61415926535922,5.57218254060127,-1.93857864386599));
#16039=CARTESIAN_POINT('',(5.61415926535922,5.61715728752631,-1.89360389701357));
#16040=CARTESIAN_POINT('',(5.61415926535922,5.61715728752585,-1.82999999999922));
#16041=CARTESIAN_POINT('',(5.614159265359,5.50857864368156,-1.88));
#16042=CARTESIAN_POINT('',(5.614159265359,5.53786796560073,-1.88000000004771));
#16043=CARTESIAN_POINT('',(5.614159265359,5.558578643763,-1.85928932191918));
#16044=CARTESIAN_POINT('',(5.614159265359,5.558578643763,-1.83));
#16045=CARTESIAN_POINT('',(5.514159265369,5.508578643773,-1.83000000001));
#16046=CARTESIAN_POINT('',(5.514159265359,5.50857864358075,-1.98));
#16047=CARTESIAN_POINT('',(5.514159265364,5.6585786437731,-1.83000000000483));
#16048=CARTESIAN_POINT('',(5.514159265369,5.55857864377339,-1.83000000001));
#16049=CARTESIAN_POINT('',(5.614159265359,5.55857864376305,-1.83));
#16050=CARTESIAN_POINT('',(5.614159265369,5.55857864377305,-1.83000000001));
#16051=CARTESIAN_POINT('',(5.614159265369,5.558578643773,-1.85928932189135));
#16052=CARTESIAN_POINT('',(5.614159265369,5.53786796565434,-1.88000000001));
#16053=CARTESIAN_POINT('',(5.614159265369,5.508578643773,-1.88000000001));
#16054=CARTESIAN_POINT('',(5.614159265359,5.508578643763,-1.88));
#16055=CARTESIAN_POINT('',(5.514159265369,5.508578643773,-1.88000000001));
#16056=CARTESIAN_POINT('',(1.49347436802,4.693812953692,-0.1081536076048));
#16057=CARTESIAN_POINT('',(1.49347436802,2.733578643763,-0.1081536076048));
#16058=CARTESIAN_POINT('',(1.48586726536542,2.73357864376967,-0.115000000010129));
#16059=CARTESIAN_POINT('',(1.43586726536882,2.73357864376967,-0.160000000006832));
#16060=CARTESIAN_POINT('',(1.435867265359,4.693812953692,-0.16000000000023));
#16061=CARTESIAN_POINT('',(1.43586726536882,2.48357864376967,-0.160000000006832));
#16062=CARTESIAN_POINT('',(1.49347436802,2.483578643763,-0.1081536076048));
#16063=CARTESIAN_POINT('',(1.48586726536542,2.48357864376967,-0.115000000010129));
#16064=CARTESIAN_POINT('',(1.48586726535874,2.743812953692,-0.115));
#16065=CARTESIAN_POINT('',(3.184159265359,3.368812953692,-1.635));
#16066=CARTESIAN_POINT('',(3.184159265359,3.808578643763,-1.635));
#16067=CARTESIAN_POINT('',(4.71415926536567,3.80857864376967,-1.63500000000667));
#16068=CARTESIAN_POINT('',(4.41415926536567,3.80857864376967,-1.63500000000667));
#16069=CARTESIAN_POINT('',(4.414159265359,3.368812953692,-1.635));
#16070=CARTESIAN_POINT('',(4.714159265359,3.368812953692,-1.635));
#16071=CARTESIAN_POINT('',(5.566159265359,4.30134234348009,-1.37276280038937));
#16072=CARTESIAN_POINT('',(2.862159265359,4.30857934119155,-1.38));
#16073=CARTESIAN_POINT('',(5.5141592660015,4.30857713196497,-1.38000000016753));
#16074=CARTESIAN_POINT('',(2.91415926536567,4.30857864387791,-1.38000000011502));
#16075=CARTESIAN_POINT('',(5.514159265359,4.38357901755834,-1.45500176872233));
#16076=CARTESIAN_POINT('',(5.514159265622,4.35857861473901,-1.42999979677299));
#16077=CARTESIAN_POINT('',(5.566159265359,4.358578643763,-1.43000069746171));
#16078=CARTESIAN_POINT('',(2.91415926536567,4.358578643773,-1.42999992258693));
#16079=CARTESIAN_POINT('',(2.914159265359,2.76813433040062,0.160487986425079));
#16080=CARTESIAN_POINT('',(5.514159265359,2.30857864376333,-1.3799999999997));
#16081=CARTESIAN_POINT('',(5.514159265359,2.22071067811927,-1.37999999999951));
#16082=CARTESIAN_POINT('',(5.514159265359,2.15857864376309,-1.44213203435528));
#16083=CARTESIAN_POINT('',(5.514159265359,2.1585786437627,-1.52999999999934));
#16084=CARTESIAN_POINT('',(5.57273790912184,2.30857864376333,-1.3799999999997));
#16085=CARTESIAN_POINT('',(5.57273790912184,2.22071067811927,-1.37999999999951));
#16086=CARTESIAN_POINT('',(5.57273790912184,2.15857864376309,-1.44213203435528));
#16087=CARTESIAN_POINT('',(5.57273790912184,2.1585786437627,-1.52999999999934));
#16088=CARTESIAN_POINT('',(5.61415926535917,2.30857864376315,-1.42142135623719));
#16089=CARTESIAN_POINT('',(5.61415926535917,2.24497474683108,-1.4214213562371));
#16090=CARTESIAN_POINT('',(5.61415926535917,2.20000000000041,-1.46639610306754));
#16091=CARTESIAN_POINT('',(5.61415926535917,2.20000000000019,-1.52999999999961));
#16092=CARTESIAN_POINT('',(5.614159265359,2.30857864376289,-1.48));
#16093=CARTESIAN_POINT('',(5.614159265359,2.27928932188159,-1.48000000000007));
#16094=CARTESIAN_POINT('',(5.614159265359,2.258578643763,-1.50071067811871));
#16095=CARTESIAN_POINT('',(5.614159265359,2.258578643763,-1.53));
#16096=CARTESIAN_POINT('',(5.514159265369,2.308578643773,-1.53000000001));
#16097=CARTESIAN_POINT('',(5.514159265364,2.15857864377293,-1.53000000000484));
#16098=CARTESIAN_POINT('',(5.51415926593825,2.30857864378569,-1.38000000001));
#16099=CARTESIAN_POINT('',(5.514159265369,2.2585786437727,-1.53000000001));
#16100=CARTESIAN_POINT('',(5.614159265359,2.25857864376292,-1.53));
#16101=CARTESIAN_POINT('',(5.614159265369,2.25857864377292,-1.53000000001));
#16102=CARTESIAN_POINT('',(5.614159265369,2.25857864377285,-1.50071067812867));
#16103=CARTESIAN_POINT('',(5.614159265369,2.27928932189145,-1.48000000000998));
#16104=CARTESIAN_POINT('',(5.614159265369,2.30857864377294,-1.48000000000996));
#16105=CARTESIAN_POINT('',(5.614159265369,2.30857864376663,-1.48000000000664));
#16106=CARTESIAN_POINT('',(5.514159265369,2.308578643773,-1.48000000001));
#16107=CARTESIAN_POINT('',(1.49347436802,4.693812953692,-0.1081536076048));
#16108=CARTESIAN_POINT('',(1.49347436802,3.383578643763,-0.1081536076048));
#16109=CARTESIAN_POINT('',(1.48586726536542,3.38357864376967,-0.115000000010129));
#16110=CARTESIAN_POINT('',(1.43586726536882,3.38357864376967,-0.160000000006832));
#16111=CARTESIAN_POINT('',(1.435867265359,4.693812953692,-0.16000000000023));
#16112=CARTESIAN_POINT('',(1.43586726536882,3.13357864376967,-0.160000000006832));
#16113=CARTESIAN_POINT('',(1.49347436802,3.133578643763,-0.1081536076048));
#16114=CARTESIAN_POINT('',(1.48586726536542,3.13357864376967,-0.115000000010129));
#16115=CARTESIAN_POINT('',(1.48586726535874,2.743812953692,-0.115));
#16116=CARTESIAN_POINT('',(2.03586726535881,4.69980445021458,-0.314999999999999));
#16117=CARTESIAN_POINT('',(2.03586726535881,4.68357864376291,-0.314999999999999));
#16118=CARTESIAN_POINT('',(2.03586726535857,4.69980445021458,-0.308455015305037));
#16119=CARTESIAN_POINT('',(2.03586726535857,4.68357864376291,-0.308455015305037));
#16120=CARTESIAN_POINT('',(2.03326382748299,4.69980445021458,-0.295368097043389));
#16121=CARTESIAN_POINT('',(2.03326382748299,4.68357864376291,-0.295368097043389));
#16122=CARTESIAN_POINT('',(2.022143157678,4.69980445021458,-0.2787241076812));
#16123=CARTESIAN_POINT('',(2.022143157678,4.68357864376291,-0.2787241076812));
#16124=CARTESIAN_POINT('',(2.005499168316,4.69980445021458,-0.2676034378758));
#16125=CARTESIAN_POINT('',(2.005499168316,4.68357864376291,-0.2676034378758));
#16126=CARTESIAN_POINT('',(1.99225520703466,4.69980445021458,-0.26496875874548));
#16127=CARTESIAN_POINT('',(1.99225520703466,4.68357864376291,-0.26496875874548));
#16128=CARTESIAN_POINT('',(1.9855531052149,4.69980445021458,-0.265000749790081));
#16129=CARTESIAN_POINT('',(1.9855531052149,4.68357864376291,-0.265000749790081));
#16130=CARTESIAN_POINT('',(1.98539603068435,4.69980445021458,-0.265002250740717));
#16131=CARTESIAN_POINT('',(1.98539603068435,4.68357864376291,-0.265002250740717));
#16132=CARTESIAN_POINT('',(2.0358672653689,4.69970767603103,-0.315000000009995));
#16133=CARTESIAN_POINT('',(2.03586726536846,4.69783216765728,-0.309185924051372));
#16134=CARTESIAN_POINT('',(2.03482481525237,4.69593087695878,-0.303291922886814));
#16135=CARTESIAN_POINT('',(2.03281574445383,4.6941596905313,-0.297801244961626));
#16136=CARTESIAN_POINT('',(2.03080489188791,4.69238693330689,-0.292305697565991));
#16137=CARTESIAN_POINT('',(2.02775245442406,4.69069584363365,-0.287063319583141));
#16138=CARTESIAN_POINT('',(2.0239000797794,4.6892380992916,-0.282544312122793));
#16139=CARTESIAN_POINT('',(2.02014246652859,4.68781621280307,-0.278136464008361));
#16140=CARTESIAN_POINT('',(2.01549461690504,4.6865788801014,-0.274300732638662));
#16141=CARTESIAN_POINT('',(2.01036027600841,4.68564723480002,-0.271412632204386));
#16142=CARTESIAN_POINT('',(2.00547656850076,4.68476106786167,-0.268665514695497));
#16143=CARTESIAN_POINT('',(2.00000001334572,4.68413014644585,-0.266709658302517));
#16144=CARTESIAN_POINT('',(1.99441931027561,4.68381731999599,-0.265739896307931));
#16145=CARTESIAN_POINT('',(1.99160342742629,4.6836594756126,-0.265250578719417));
#16146=CARTESIAN_POINT('',(1.98872970187884,4.68357864377291,-0.265000000009982));
#16147=CARTESIAN_POINT('',(1.985867265369,4.68357864377296,-0.265000000009999));
#16148=CARTESIAN_POINT('',(2.0358672653589,4.69970767602103,-0.314999999999995));
#16149=CARTESIAN_POINT('',(1.98586726536567,4.68357864377295,-0.265000000010008));
#16150=CARTESIAN_POINT('',(1.985867265369,4.68357864377296,-0.265000000009999));
#16151=CARTESIAN_POINT('',(1.99145836385857,4.683578643773,-0.265000000010122));
#16152=CARTESIAN_POINT('',(1.99712549285552,4.683578643773,-0.265967431394157));
#16153=CARTESIAN_POINT('',(2.00240280183418,4.683578643773,-0.267814156133753));
#16154=CARTESIAN_POINT('',(2.00768056237891,4.683578643773,-0.26966103889295));
#16155=CARTESIAN_POINT('',(2.01270803379719,4.683578643773,-0.272451631084618));
#16156=CARTESIAN_POINT('',(2.01707798397065,4.683578643773,-0.275940078844761));
#16157=CARTESIAN_POINT('',(2.0214517345006,4.683578643773,-0.279431560356901));
#16158=CARTESIAN_POINT('',(2.02527765950764,4.683578643773,-0.283731466499135));
#16159=CARTESIAN_POINT('',(2.02824770192972,4.683578643773,-0.288474775982911));
#16160=CARTESIAN_POINT('',(2.03121489821044,4.683578643773,-0.293213540033539));
#16161=CARTESIAN_POINT('',(2.03340457410328,4.683578643773,-0.298530137629675));
#16162=CARTESIAN_POINT('',(2.03463554694203,4.683578643773,-0.303984021050331));
#16163=CARTESIAN_POINT('',(2.03544903801606,4.683578643773,-0.307588231754109));
#16164=CARTESIAN_POINT('',(2.03586726536867,4.683578643773,-0.311305124839612));
#16165=CARTESIAN_POINT('',(2.0358672653689,4.683578643773,-0.31500000001));
#16166=CARTESIAN_POINT('',(2.03586726536897,4.68357864376967,-0.315000000006667));
#16167=CARTESIAN_POINT('',(2.035867265369,3.908578643773,-0.31500000001));
#16168=CARTESIAN_POINT('',(3.184159265359,3.368812953692,-1.635));
#16169=CARTESIAN_POINT('',(3.184159265359,2.508578643763,-1.635));
#16170=CARTESIAN_POINT('',(3.51415926536567,2.50857864376967,-1.63500000000667));
#16171=CARTESIAN_POINT('',(3.21415926536567,2.50857864376967,-1.63500000000667));
#16172=CARTESIAN_POINT('',(3.214159265359,3.368812953692,-1.635));
#16173=CARTESIAN_POINT('',(3.21415926536567,2.70857864376967,-1.63500000000667));
#16174=CARTESIAN_POINT('',(3.184159265359,2.708578643763,-1.635));
#16175=CARTESIAN_POINT('',(3.51415926536567,2.70857864376967,-1.63500000000667));
#16176=CARTESIAN_POINT('',(3.514159265359,3.368812953692,-1.635));
#16177=CARTESIAN_POINT('',(5.051366285359,4.118812953692,-1.485));
#16178=CARTESIAN_POINT('',(5.009459557051,3.2585786437725,-1.48500000001));
#16179=CARTESIAN_POINT('',(5.00945964558832,3.458578643763,-1.485000000005));
#16180=CARTESIAN_POINT('',(5.00945979315041,3.058578643768,-1.48500007625993));
#16181=CARTESIAN_POINT('',(2.861159265359,3.458578643763,-1.485));
#16182=CARTESIAN_POINT('',(2.91415926536567,3.45857864376967,-1.48500000000667));
#16183=CARTESIAN_POINT('',(2.914159265359,0.3413786437627,-1.485));
#16184=CARTESIAN_POINT('',(2.91415926536567,3.05857864376967,-1.48500000000667));
#16185=CARTESIAN_POINT('',(5.051366285359,3.058578643763,-1.485));
#16186=CARTESIAN_POINT('',(1.49347436802,4.693812953692,-0.1081536076048));
#16187=CARTESIAN_POINT('',(1.49347436802,5.333578643763,-0.1081536076048));
#16188=CARTESIAN_POINT('',(1.48586726536542,5.33357864376967,-0.115000000010129));
#16189=CARTESIAN_POINT('',(1.43586726536882,5.33357864376967,-0.160000000006832));
#16190=CARTESIAN_POINT('',(1.435867265359,4.693812953692,-0.16000000000023));
#16191=CARTESIAN_POINT('',(1.43586726536882,5.08357864376967,-0.160000000006832));
#16192=CARTESIAN_POINT('',(1.49347436802,5.083578643763,-0.1081536076048));
#16193=CARTESIAN_POINT('',(1.48586726536542,5.08357864376967,-0.115000000010129));
#16194=CARTESIAN_POINT('',(1.48586726535874,2.743812953692,-0.115));
#16195=CARTESIAN_POINT('',(5.624393575288,3.783578643763,-1.724765690071));
#16196=CARTESIAN_POINT('',(1.98586726535931,3.783578643768,-0.114999999999994));
#16197=CARTESIAN_POINT('',(2.00332055787926,3.783578643768,-0.114999999999983));
#16198=CARTESIAN_POINT('',(2.038225552127,3.783578643768,-0.1195954193648));
#16199=CARTESIAN_POINT('',(2.087016177014,3.783578643768,-0.1398050406763));
#16200=CARTESIAN_POINT('',(2.12891333197,3.783578643768,-0.1719539333888));
#16201=CARTESIAN_POINT('',(2.161062224683,3.783578643768,-0.2138510883448));
#16202=CARTESIAN_POINT('',(2.181271845994,3.783578643768,-0.262641713232));
#16203=CARTESIAN_POINT('',(2.18586726535864,3.783578643768,-0.297546707480021));
#16204=CARTESIAN_POINT('',(2.18586726535882,3.783578643768,-0.315000000000001));
#16205=CARTESIAN_POINT('',(1.98586726536243,3.783578643768,-0.115000000006665));
#16206=CARTESIAN_POINT('',(2.18586726536561,3.783578643768,-0.315000000003341));
#16207=CARTESIAN_POINT('',(1.996101575288,3.783578643763,-0.115));
#16208=CARTESIAN_POINT('',(1.435867265359,3.783578643763,-0.1497656900707));
#16209=CARTESIAN_POINT('',(1.43586726536553,3.78357864376967,-0.220000000003449));
#16210=CARTESIAN_POINT('',(1.428260162698,3.783578643763,-0.2131536076048));
#16211=CARTESIAN_POINT('',(1.48586726536217,3.78357864376967,-0.265000000006851));
#16212=CARTESIAN_POINT('',(1.47563295543,3.783578643763,-0.265));
#16213=CARTESIAN_POINT('',(1.764159265364,3.78357864377099,-0.265000000008466));
#16214=CARTESIAN_POINT('',(1.75392495543,3.783578643763,-0.265000000000266));
#16215=CARTESIAN_POINT('',(1.98586726536567,3.78357864377303,-0.265000000009991));
#16216=CARTESIAN_POINT('',(2.0358672653689,3.783578643773,-0.31500000001));
#16217=CARTESIAN_POINT('',(2.03586726536848,3.783578643773,-0.309408901519974));
#16218=CARTESIAN_POINT('',(2.03489983398434,3.783578643773,-0.303741772522563));
#16219=CARTESIAN_POINT('',(2.03305310924448,3.783578643773,-0.298464463543514));
#16220=CARTESIAN_POINT('',(2.03120622648501,3.783578643773,-0.293186702998361));
#16221=CARTESIAN_POINT('',(2.02841563429292,3.783578643773,-0.28815923157972));
#16222=CARTESIAN_POINT('',(2.02492718653228,3.783578643773,-0.283789281406036));
#16223=CARTESIAN_POINT('',(2.02143570501987,3.783578643773,-0.279415530876158));
#16224=CARTESIAN_POINT('',(2.01713579887736,3.783578643773,-0.275589605869226));
#16225=CARTESIAN_POINT('',(2.01239248939333,3.783578643773,-0.272619563447346));
#16226=CARTESIAN_POINT('',(2.00765372534257,3.783578643773,-0.269652367166897));
#16227=CARTESIAN_POINT('',(2.00233712774634,3.783578643773,-0.267462691274369));
#16228=CARTESIAN_POINT('',(1.99688324432564,3.783578643773,-0.266231718435949));
#16229=CARTESIAN_POINT('',(1.99327903362282,3.783578643773,-0.265418227362363));
#16230=CARTESIAN_POINT('',(1.98956214053835,3.783578643773,-0.265000000009985));
#16231=CARTESIAN_POINT('',(1.985867265369,3.78357864377305,-0.265000000009987));
#16232=CARTESIAN_POINT('',(2.03586726536897,3.78357864376967,-0.315000000006667));
#16233=CARTESIAN_POINT('',(2.035867265359,3.783578643763,-0.3047656900707));
#16234=CARTESIAN_POINT('',(2.03586726536567,3.78357864376967,-0.420000000006667));
#16235=CARTESIAN_POINT('',(5.624393575288,3.783578643763,-0.42));
#16236=CARTESIAN_POINT('',(2.18586726536567,3.78357864376967,-0.420000000006667));
#16237=CARTESIAN_POINT('',(2.185867265359,3.783578643763,-1.724765690071));
#16238=CARTESIAN_POINT('',(5.566159265359,4.95134234348009,-1.37276280038937));
#16239=CARTESIAN_POINT('',(2.862159265359,4.95857934119155,-1.38));
#16240=CARTESIAN_POINT('',(2.91415926536567,4.95857864387791,-1.38000000011502));
#16241=CARTESIAN_POINT('',(5.566159265359,5.008578643763,-1.43000069746171));
#16242=CARTESIAN_POINT('',(2.91415926536567,5.008578643773,-1.42999992258692));
#16243=CARTESIAN_POINT('',(2.914159265359,3.09314339718728,0.485487986298607));
#16244=CARTESIAN_POINT('',(5.464159265359,4.423344333833,-1.754765690071));
#16245=CARTESIAN_POINT('',(5.464159265359,3.383578643763,-1.754765690071));
#16246=CARTESIAN_POINT('',(5.464159265369,3.38357864376967,-1.85500000000667));
#16247=CARTESIAN_POINT('',(5.46415926536567,3.38357864376967,-1.76500000000333));
#16248=CARTESIAN_POINT('',(5.464159265359,4.423344333833,-1.765));
#16249=CARTESIAN_POINT('',(5.46415926536567,3.13357864376967,-1.76500000000333));
#16250=CARTESIAN_POINT('',(5.464159265359,3.133578643763,-1.754765690071));
#16251=CARTESIAN_POINT('',(5.464159265369,3.13357864376967,-1.85500000000667));
#16252=CARTESIAN_POINT('',(5.464159265359,2.473344333833,-1.855));
#16253=CARTESIAN_POINT('',(5.514159265359,5.333578643763,-1.88));
#16254=CARTESIAN_POINT('',(5.514159265359,5.333578643763,-1.98));
#16255=CARTESIAN_POINT('',(5.51415926536233,3.38357864376967,-1.98000000001));
#16256=CARTESIAN_POINT('',(5.51415926536233,3.78357864376967,-1.98000000001));
#16257=CARTESIAN_POINT('',(5.514159265359,3.783578643763,-1.88));
#16258=CARTESIAN_POINT('',(5.614159265369,3.78357864376967,-1.88000000000333));
#16259=CARTESIAN_POINT('',(5.614159265359,5.333578643763,-1.88));
#16260=CARTESIAN_POINT('',(5.614159265369,3.38357864376967,-1.88000000000333));
#16261=CARTESIAN_POINT('',(5.514159265359,3.383578643763,-1.88));
#16262=CARTESIAN_POINT('',(3.184159265359,3.368812953692,-1.635));
#16263=CARTESIAN_POINT('',(3.184159265359,3.158578643763,-1.635));
#16264=CARTESIAN_POINT('',(3.51415926536567,3.15857864376967,-1.63500000000667));
#16265=CARTESIAN_POINT('',(3.21415926536567,3.15857864376967,-1.63500000000667));
#16266=CARTESIAN_POINT('',(3.214159265359,3.368812953692,-1.635));
#16267=CARTESIAN_POINT('',(3.21415926536567,3.35857864376967,-1.63500000000667));
#16268=CARTESIAN_POINT('',(3.364159265369,3.358578643773,-1.63500000001));
#16269=CARTESIAN_POINT('',(3.51415926536567,3.35857864376967,-1.63500000000667));
#16270=CARTESIAN_POINT('',(3.514159265359,3.368812953692,-1.635));
#16271=CARTESIAN_POINT('',(4.724393575288,3.808578643763,-1.624765690071));
#16272=CARTESIAN_POINT('',(4.724393575288,3.808578643763,-1.98));
#16273=CARTESIAN_POINT('',(3.51415926536567,3.80857864376967,-1.98000000000667));
#16274=CARTESIAN_POINT('',(3.184159265359,3.808578643763,-1.635));
#16275=CARTESIAN_POINT('',(3.51415926536567,3.80857864376967,-1.63500000000667));
#16276=CARTESIAN_POINT('',(3.514159265359,3.808578643763,-1.624765690071));
#16277=CARTESIAN_POINT('',(1.964160827465,0.7285786437627,-1.98));
#16278=CARTESIAN_POINT('',(2.914159265369,0.7285786437727,-1.98000000001));
#16279=CARTESIAN_POINT('',(2.914159265359,0.7285786437627,-2.23));
#16280=CARTESIAN_POINT('',(2.914159265359,0.4785786437627,-1.98));
#16281=CARTESIAN_POINT('',(2.164159265369,0.4785786437727,-1.98000000001));
#16282=CARTESIAN_POINT('',(1.9641597230605,0.4785786437727,-1.9799999991955));
#16283=CARTESIAN_POINT('',(1.964160827475,0.7285786437727,-1.98000000001));
#16284=CARTESIAN_POINT('',(1.9641592380987,0.7285786437677,-2.23000079309296));
#16285=CARTESIAN_POINT('',(2.439158759089,0.7285786437727,-2.23000000001));
#16286=CARTESIAN_POINT('',(2.185867265359,4.043812953692,-0.4302343099293));
#16287=CARTESIAN_POINT('',(2.185867265369,3.2585786437725,-0.31500000001));
#16288=CARTESIAN_POINT('',(2.18586726536561,3.133578643768,-0.315000000003341));
#16289=CARTESIAN_POINT('',(2.18586726536535,3.38357864376967,-0.314999815664421));
#16290=CARTESIAN_POINT('',(2.185867265359,3.133578643763,-0.1047656900707));
#16291=CARTESIAN_POINT('',(2.18586726536567,3.13357864376967,-0.420000000006667));
#16292=CARTESIAN_POINT('',(2.185867265359,4.043812953692,-0.42));
#16293=CARTESIAN_POINT('',(2.18586726536567,3.38357864376967,-0.420000000006667));
#16294=CARTESIAN_POINT('',(2.185867265359,3.383578643763,-0.4302343099293));
#16295=CARTESIAN_POINT('',(2.046101575288,4.030436682164,-0.2552599190434));
#16296=CARTESIAN_POINT('',(2.164159265369,4.083578643773,-0.42000000001));
#16297=CARTESIAN_POINT('',(1.764159265359,4.083578643763,-0.42));
#16298=CARTESIAN_POINT('',(1.764159265369,4.083578643773,-0.42000000001));
#16299=CARTESIAN_POINT('',(1.764159265364,4.0335786437695,-0.265000000007012));
#16300=CARTESIAN_POINT('',(5.30392495543,4.033578643763,-0.265000000000267));
#16301=CARTESIAN_POINT('',(1.98586726536567,4.03357864377295,-0.265000000010008));
#16302=CARTESIAN_POINT('',(2.0358672653689,4.04970767603103,-0.315000000009995));
#16303=CARTESIAN_POINT('',(2.03586726536846,4.04783216765728,-0.30918592405137));
#16304=CARTESIAN_POINT('',(2.03482481525237,4.04593087695878,-0.303291922886811));
#16305=CARTESIAN_POINT('',(2.03281574445383,4.04415969053129,-0.297801244961621));
#16306=CARTESIAN_POINT('',(2.0308048918879,4.04238693330689,-0.292305697565984));
#16307=CARTESIAN_POINT('',(2.02775245442405,4.04069584363365,-0.287063319583132));
#16308=CARTESIAN_POINT('',(2.0239000797794,4.03923809929159,-0.282544312122783));
#16309=CARTESIAN_POINT('',(2.02014246652858,4.03781621280306,-0.278136464008352));
#16310=CARTESIAN_POINT('',(2.01549461690503,4.0365788801014,-0.274300732638655));
#16311=CARTESIAN_POINT('',(2.0103602760084,4.03564723480002,-0.27141263220438));
#16312=CARTESIAN_POINT('',(2.00547656850075,4.03476106786167,-0.268665514695493));
#16313=CARTESIAN_POINT('',(2.00000001334571,4.03413014644585,-0.266709658302513));
#16314=CARTESIAN_POINT('',(1.9944193102756,4.03381731999599,-0.265739896307929));
#16315=CARTESIAN_POINT('',(1.99160342742629,4.0336594756126,-0.265250578719416));
#16316=CARTESIAN_POINT('',(1.98872970187884,4.03357864377291,-0.265000000009982));
#16317=CARTESIAN_POINT('',(1.985867265369,4.03357864377296,-0.265000000009999));
#16318=CARTESIAN_POINT('',(2.03586726535881,2.48357864376309,-0.314999999999987));
#16319=CARTESIAN_POINT('',(2.03586726535881,2.46735283731142,-0.314999999999987));
#16320=CARTESIAN_POINT('',(2.03586726535857,2.4835786437631,-0.308455015305029));
#16321=CARTESIAN_POINT('',(2.03586726535857,2.46735283731142,-0.308455015305029));
#16322=CARTESIAN_POINT('',(2.03326382748299,2.48357864376309,-0.295368097043385));
#16323=CARTESIAN_POINT('',(2.03326382748299,2.46735283731142,-0.295368097043385));
#16324=CARTESIAN_POINT('',(2.022143157678,2.48357864376309,-0.2787241076812));
#16325=CARTESIAN_POINT('',(2.022143157678,2.46735283731142,-0.2787241076812));
#16326=CARTESIAN_POINT('',(2.005499168316,2.48357864376309,-0.2676034378758));
#16327=CARTESIAN_POINT('',(2.005499168316,2.46735283731142,-0.2676034378758));
#16328=CARTESIAN_POINT('',(1.99225520703466,2.48357864376309,-0.26496875874548));
#16329=CARTESIAN_POINT('',(1.99225520703466,2.46735283731142,-0.26496875874548));
#16330=CARTESIAN_POINT('',(1.9855531052149,2.48357864376309,-0.265000749790081));
#16331=CARTESIAN_POINT('',(1.9855531052149,2.46735283731142,-0.265000749790081));
#16332=CARTESIAN_POINT('',(1.98539603068435,2.48357864376309,-0.265002250740717));
#16333=CARTESIAN_POINT('',(1.98539603068435,2.46735283731142,-0.265002250740717));
#16334=CARTESIAN_POINT('',(2.035867265369,3.908578643773,-0.31500000001));
#16335=CARTESIAN_POINT('',(2.0358672653589,2.46744961150498,-0.314999999999995));
#16336=CARTESIAN_POINT('',(2.03586726536897,2.48357864376967,-0.315000000006667));
#16337=CARTESIAN_POINT('',(2.0358672653689,2.483578643773,-0.31500000001));
#16338=CARTESIAN_POINT('',(2.03586726536848,2.483578643773,-0.309408901519974));
#16339=CARTESIAN_POINT('',(2.03489983398434,2.483578643773,-0.303741772522563));
#16340=CARTESIAN_POINT('',(2.03305310924448,2.483578643773,-0.298464463543514));
#16341=CARTESIAN_POINT('',(2.03120622648501,2.483578643773,-0.293186702998361));
#16342=CARTESIAN_POINT('',(2.02841563429292,2.483578643773,-0.28815923157972));
#16343=CARTESIAN_POINT('',(2.02492718653228,2.483578643773,-0.283789281406036));
#16344=CARTESIAN_POINT('',(2.02143570501987,2.483578643773,-0.279415530876158));
#16345=CARTESIAN_POINT('',(2.01713579887736,2.483578643773,-0.275589605869226));
#16346=CARTESIAN_POINT('',(2.01239248939333,2.483578643773,-0.272619563447346));
#16347=CARTESIAN_POINT('',(2.00765372534257,2.483578643773,-0.269652367166897));
#16348=CARTESIAN_POINT('',(2.00233712774634,2.483578643773,-0.267462691274369));
#16349=CARTESIAN_POINT('',(1.99688324432564,2.483578643773,-0.266231718435949));
#16350=CARTESIAN_POINT('',(1.99327903362282,2.483578643773,-0.265418227362363));
#16351=CARTESIAN_POINT('',(1.98956214053835,2.483578643773,-0.265000000009985));
#16352=CARTESIAN_POINT('',(1.985867265369,2.48357864377305,-0.265000000009987));
#16353=CARTESIAN_POINT('',(1.98586726536567,2.48357864377303,-0.265000000009991));
#16354=CARTESIAN_POINT('',(1.985867265369,2.48357864377305,-0.265000000009987));
#16355=CARTESIAN_POINT('',(1.9912540036557,2.48357864377305,-0.265000000010117));
#16356=CARTESIAN_POINT('',(1.99671360797309,2.48328800172154,-0.265900990370459));
#16357=CARTESIAN_POINT('',(2.00179389744559,2.48273816597835,-0.267605481174345));
#16358=CARTESIAN_POINT('',(2.0068709231237,2.48218868347306,-0.269308876940724));
#16359=CARTESIAN_POINT('',(2.01170051655169,2.48136220695525,-0.271870954145366));
#16360=CARTESIAN_POINT('',(2.01592484873406,2.48033777885983,-0.275046681241163));
#16361=CARTESIAN_POINT('',(2.02024183914432,2.47929088054004,-0.278292066032485));
#16362=CARTESIAN_POINT('',(2.02403452800673,2.47800770154908,-0.282269920904383));
#16363=CARTESIAN_POINT('',(2.02704899319757,2.47659489075482,-0.286649634366567));
#16364=CARTESIAN_POINT('',(2.03019855839492,2.47511876168172,-0.291225634493156));
#16365=CARTESIAN_POINT('',(2.03258542825642,2.47346329565988,-0.296357579160845));
#16366=CARTESIAN_POINT('',(2.03404904412693,2.47175683723667,-0.301647600272787));
#16367=CARTESIAN_POINT('',(2.03524983609516,2.47035681035122,-0.30598768361768));
#16368=CARTESIAN_POINT('',(2.03586726536864,2.46889735993979,-0.310511979893055));
#16369=CARTESIAN_POINT('',(2.0358672653689,2.46744961151498,-0.315000000009995));
#16370=CARTESIAN_POINT('',(5.514159265359,4.7585771986503,-1.48));
#16371=CARTESIAN_POINT('',(5.514159265369,4.758578643773,-1.48000000001));
#16372=CARTESIAN_POINT('',(5.51415926574851,4.758578643773,-1.42999930011522));
#16373=CARTESIAN_POINT('',(5.56415946861314,4.75857867280786,-1.4799999995115));
#16374=CARTESIAN_POINT('',(5.53915749663308,4.73357826997071,-1.48));
#16375=CARTESIAN_POINT('',(5.61415926536911,4.80858015573839,-1.479999998764));
#16376=CARTESIAN_POINT('',(5.514159265359,4.80857590377671,-1.48));
#16377=CARTESIAN_POINT('',(5.5141592661255,4.80858014116217,-1.37999992732686));
#16378=CARTESIAN_POINT('',(5.514159265359,4.73357826996574,-1.45500176872095));
#16379=CARTESIAN_POINT('',(5.35455703278588,2.483578643763,-1.88499974091779));
#16380=CARTESIAN_POINT('',(5.35455703278588,2.733578643763,-1.88499974091779));
#16381=CARTESIAN_POINT('',(5.35451611030987,2.483578643763,-1.88499976113266));
#16382=CARTESIAN_POINT('',(5.35451611030987,2.733578643763,-1.88499976113266));
#16383=CARTESIAN_POINT('',(5.34099140307778,2.483578643763,-1.88500310149073));
#16384=CARTESIAN_POINT('',(5.34099140307778,2.733578643763,-1.88500310149073));
#16385=CARTESIAN_POINT('',(5.3274670926317,2.483578643763,-1.88390246767729));
#16386=CARTESIAN_POINT('',(5.3274670926317,2.733578643763,-1.88390246767729));
#16387=CARTESIAN_POINT('',(5.31415926536969,2.483578643763,-1.88173130135344));
#16388=CARTESIAN_POINT('',(5.31415926536969,2.733578643763,-1.88173130135344));
#16389=CARTESIAN_POINT('',(5.35443708866927,2.473344333843,-1.88499977123374));
#16390=CARTESIAN_POINT('',(5.35443708866594,2.48357864376967,-1.88499986655718));
#16391=CARTESIAN_POINT('',(5.35443708866651,2.73357864376967,-1.88499984749537));
#16392=CARTESIAN_POINT('',(5.35443708866927,2.483578643773,-1.8849998284278));
#16393=CARTESIAN_POINT('',(5.34934138991012,2.483578643773,-1.88499982878139));
#16394=CARTESIAN_POINT('',(5.34424331258758,2.483578643773,-1.88484307201809));
#16395=CARTESIAN_POINT('',(5.33915718399965,2.483578643773,-1.88453091527165));
#16396=CARTESIAN_POINT('',(5.33078819795941,2.483578643773,-1.88401727598626));
#16397=CARTESIAN_POINT('',(5.32243458662037,2.483578643773,-1.88308141648352));
#16398=CARTESIAN_POINT('',(5.314159265369,2.483578643773,-1.881731301361));
#16399=CARTESIAN_POINT('',(5.314159265369,2.48357864376967,-1.88173130135767));
#16400=CARTESIAN_POINT('',(5.314159265369,2.6085786437725,-1.881731301361));
#16401=CARTESIAN_POINT('',(5.31415926536898,2.73357864376967,-1.88173130135789));
#16402=CARTESIAN_POINT('',(5.31415926536895,2.733578643773,-1.88173130136134));
#16403=CARTESIAN_POINT('',(5.31918844083217,2.733578643773,-1.88255180884869));
#16404=CARTESIAN_POINT('',(5.324244990355,2.733578643773,-1.88321923054375));
#16405=CARTESIAN_POINT('',(5.32931482483078,2.733578643773,-1.88373169202011));
#16406=CARTESIAN_POINT('',(5.33765706482914,2.733578643773,-1.88457492992976));
#16407=CARTESIAN_POINT('',(5.34605233951659,2.733578643773,-1.88499986648285));
#16408=CARTESIAN_POINT('',(5.35443708867013,2.733578643773,-1.88499984749537));
#16409=CARTESIAN_POINT('',(2.026159265359,2.158578643763,-2.5212));
#16410=CARTESIAN_POINT('',(2.914159265359,2.158578643763,-2.2662));
#16411=CARTESIAN_POINT('',(2.91415926536567,2.158578643773,-1.83000000000333));
#16412=CARTESIAN_POINT('',(2.91415926536567,2.158578643773,-1.53000000000333));
#16413=CARTESIAN_POINT('',(2.914159265359,2.158578643763,-1.83));
#16414=CARTESIAN_POINT('',(5.514159265364,2.15857864377293,-1.83000000000505));
#16415=CARTESIAN_POINT('',(5.514159265359,2.158578643763,-1.53));
#16416=CARTESIAN_POINT('',(2.914159265359,2.158578643763,-1.53));
#16417=CARTESIAN_POINT('',(5.426922515407,4.423344333833,-1.727763250048));
#16418=CARTESIAN_POINT('',(5.426922515407,3.383578643763,-1.727763250048));
#16419=CARTESIAN_POINT('',(5.43415926536233,3.38357864376967,-1.73500000000667));
#16420=CARTESIAN_POINT('',(5.434159265359,4.423344333833,-1.735));
#16421=CARTESIAN_POINT('',(5.43415926536233,3.13357864376967,-1.73500000000667));
#16422=CARTESIAN_POINT('',(5.426922515407,3.133578643763,-1.727763250048));
#16423=CARTESIAN_POINT('',(5.514159265359,5.333578643763,-1.88));
#16424=CARTESIAN_POINT('',(5.514159265359,5.333578643763,-1.98));
#16425=CARTESIAN_POINT('',(5.51415926536233,2.73357864376967,-1.98000000001));
#16426=CARTESIAN_POINT('',(5.51415926536233,3.13357864376967,-1.98000000001));
#16427=CARTESIAN_POINT('',(5.514159265359,3.133578643763,-1.88));
#16428=CARTESIAN_POINT('',(5.614159265369,3.13357864376967,-1.88000000000333));
#16429=CARTESIAN_POINT('',(5.614159265359,5.333578643763,-1.88));
#16430=CARTESIAN_POINT('',(5.614159265369,2.73357864376967,-1.88000000000333));
#16431=CARTESIAN_POINT('',(5.514159265359,2.733578643763,-1.88));
#16432=CARTESIAN_POINT('',(5.574393575288,5.468578643763,-1.535));
#16433=CARTESIAN_POINT('',(4.239159265369,4.108578643773,-1.53500000001));
#16434=CARTESIAN_POINT('',(5.5641593815085,4.10857865828918,-1.53500000001));
#16435=CARTESIAN_POINT('',(5.15945462451208,4.108578643763,-1.53499999999991));
#16436=CARTESIAN_POINT('',(5.159454624522,3.908578643773,-1.53500000001));
#16437=CARTESIAN_POINT('',(5.15945462451207,3.708578643763,-1.5349999999999));
#16438=CARTESIAN_POINT('',(4.239159265369,3.708578643773,-1.53500000001));
#16439=CARTESIAN_POINT('',(5.56415926536567,3.70857864377133,-1.53500000000667));
#16440=CARTESIAN_POINT('',(5.564159265359,5.468578643763,-1.535));
#16441=CARTESIAN_POINT('',(1.614159265359,5.658578643763,-2.28));
#16442=CARTESIAN_POINT('',(1.614159265359,1.578578643763,-2.28));
#16443=CARTESIAN_POINT('',(1.61415926536233,1.57857864376967,-2.48000000001));
#16444=CARTESIAN_POINT('',(1.414159265369,1.57857864376967,-2.28000000000333));
#16445=CARTESIAN_POINT('',(1.414159265359,5.658578643763,-2.28));
#16446=CARTESIAN_POINT('',(1.414159265369,2.15857864376967,-2.28000000000333));
#16447=CARTESIAN_POINT('',(1.614159265359,2.158578643763,-2.28));
#16448=CARTESIAN_POINT('',(1.61415926536233,2.15857864376967,-2.48000000001));
#16449=CARTESIAN_POINT('',(1.614159265359,5.658578643763,-2.48));
#16450=CARTESIAN_POINT('',(2.164159265359,5.72629107820977,-1.78262203094215));
#16451=CARTESIAN_POINT('',(2.164159265359,5.72629107820977,-2.48));
#16452=CARTESIAN_POINT('',(2.164159265369,1.77857864376633,-2.48000000000667));
#16453=CARTESIAN_POINT('',(2.164159265369,1.95857864376633,-2.48000000000667));
#16454=CARTESIAN_POINT('',(2.164159265359,1.958578643763,-2.5212));
#16455=CARTESIAN_POINT('',(2.164159265369,1.95857864376633,-2.23000000000667));
#16456=CARTESIAN_POINT('',(2.164159265359,5.72629107820977,-2.23));
#16457=CARTESIAN_POINT('',(2.164159265369,1.77857864376633,-2.23000000000667));
#16458=CARTESIAN_POINT('',(2.164159265359,1.778578643763,-1.78262203094215));
#16459=CARTESIAN_POINT('',(2.914159265359,5.508578643763,-1.53));
#16460=CARTESIAN_POINT('',(2.914159265369,5.508578643773,-1.53000000001));
#16461=CARTESIAN_POINT('',(2.914159265359,5.508578643739,-1.38));
#16462=CARTESIAN_POINT('',(2.91415926536567,5.658578643773,-1.530000000091));
#16463=CARTESIAN_POINT('',(4.214159265369,5.508578643725,-1.38000000001));
#16464=CARTESIAN_POINT('',(5.5141592653665,5.508578643737,-1.38000000001017));
#16465=CARTESIAN_POINT('',(5.514159265369,5.508578643773,-1.53000000001));
#16466=CARTESIAN_POINT('',(5.5141592653665,5.658578643773,-1.53000000019225));
#16467=CARTESIAN_POINT('',(2.914159265359,5.658578643763,-1.53));
#16468=CARTESIAN_POINT('',(5.464159265359,4.423344333833,-1.754765690071));
#16469=CARTESIAN_POINT('',(5.464159265359,4.033578643763,-1.754765690071));
#16470=CARTESIAN_POINT('',(5.464159265369,4.03357864376967,-1.85500000000667));
#16471=CARTESIAN_POINT('',(5.46415926536567,4.03357864376967,-1.76500000000333));
#16472=CARTESIAN_POINT('',(5.464159265359,4.423344333833,-1.765));
#16473=CARTESIAN_POINT('',(5.46415926536567,3.78357864376967,-1.76500000000333));
#16474=CARTESIAN_POINT('',(5.464159265359,3.783578643763,-1.754765690071));
#16475=CARTESIAN_POINT('',(5.464159265369,3.78357864376967,-1.85500000000667));
#16476=CARTESIAN_POINT('',(5.464159265359,2.473344333833,-1.855));
#16477=CARTESIAN_POINT('',(5.464159265359,4.423344333833,-1.754765690071));
#16478=CARTESIAN_POINT('',(5.464159265359,5.333578643763,-1.754765690071));
#16479=CARTESIAN_POINT('',(5.464159265369,5.33357864376967,-1.85500000000667));
#16480=CARTESIAN_POINT('',(5.46415926536567,5.33357864376967,-1.76500000000333));
#16481=CARTESIAN_POINT('',(5.464159265359,4.423344333833,-1.765));
#16482=CARTESIAN_POINT('',(5.46415926536567,5.08357864376967,-1.76500000000333));
#16483=CARTESIAN_POINT('',(5.464159265359,5.083578643763,-1.754765690071));
#16484=CARTESIAN_POINT('',(5.464159265369,5.08357864376967,-1.85500000000667));
#16485=CARTESIAN_POINT('',(5.464159265359,2.473344333833,-1.855));
#16486=CARTESIAN_POINT('',(2.18586726535882,3.383578643763,-0.315000000000001));
#16487=CARTESIAN_POINT('',(2.18586726535882,3.133578643763,-0.315000000000001));
#16488=CARTESIAN_POINT('',(2.18586726535864,3.383578643763,-0.297546707480021));
#16489=CARTESIAN_POINT('',(2.18586726535864,3.133578643763,-0.297546707480021));
#16490=CARTESIAN_POINT('',(2.181271845994,3.383578643763,-0.262641713232));
#16491=CARTESIAN_POINT('',(2.181271845994,3.133578643763,-0.262641713232));
#16492=CARTESIAN_POINT('',(2.161062224683,3.383578643763,-0.2138510883448));
#16493=CARTESIAN_POINT('',(2.161062224683,3.133578643763,-0.2138510883448));
#16494=CARTESIAN_POINT('',(2.12891333197,3.383578643763,-0.1719539333888));
#16495=CARTESIAN_POINT('',(2.12891333197,3.133578643763,-0.1719539333888));
#16496=CARTESIAN_POINT('',(2.087016177014,3.383578643763,-0.1398050406763));
#16497=CARTESIAN_POINT('',(2.087016177014,3.133578643763,-0.1398050406763));
#16498=CARTESIAN_POINT('',(2.038225552127,3.383578643763,-0.1195954193648));
#16499=CARTESIAN_POINT('',(2.038225552127,3.133578643763,-0.1195954193648));
#16500=CARTESIAN_POINT('',(2.00332055787926,3.383578643763,-0.114999999999983));
#16501=CARTESIAN_POINT('',(2.00332055787926,3.133578643763,-0.114999999999983));
#16502=CARTESIAN_POINT('',(1.98586726535931,3.383578643763,-0.114999999999994));
#16503=CARTESIAN_POINT('',(1.98586726535931,3.133578643763,-0.114999999999994));
#16504=CARTESIAN_POINT('',(2.18586726535882,3.383578643763,-0.315000000000001));
#16505=CARTESIAN_POINT('',(2.18586726535864,3.383578643763,-0.297546707480021));
#16506=CARTESIAN_POINT('',(2.181271845994,3.383578643763,-0.262641713232));
#16507=CARTESIAN_POINT('',(2.161062224683,3.383578643763,-0.2138510883448));
#16508=CARTESIAN_POINT('',(2.12891333197,3.383578643763,-0.1719539333888));
#16509=CARTESIAN_POINT('',(2.087016177014,3.383578643763,-0.1398050406763));
#16510=CARTESIAN_POINT('',(2.038225552127,3.383578643763,-0.1195954193648));
#16511=CARTESIAN_POINT('',(2.00332055787926,3.383578643763,-0.114999999999983));
#16512=CARTESIAN_POINT('',(1.98586726535931,3.383578643763,-0.114999999999994));
#16513=CARTESIAN_POINT('',(1.98586726536577,3.38357864376967,-0.115000000006665));
#16514=CARTESIAN_POINT('',(1.985867265369,3.2585786437725,-0.11500000001));
#16515=CARTESIAN_POINT('',(1.98586726536243,3.133578643768,-0.115000000006665));
#16516=CARTESIAN_POINT('',(1.98586726535931,3.133578643768,-0.114999999999994));
#16517=CARTESIAN_POINT('',(2.00332055787926,3.133578643768,-0.114999999999983));
#16518=CARTESIAN_POINT('',(2.038225552127,3.133578643768,-0.1195954193648));
#16519=CARTESIAN_POINT('',(2.087016177014,3.133578643768,-0.1398050406763));
#16520=CARTESIAN_POINT('',(2.12891333197,3.133578643768,-0.1719539333888));
#16521=CARTESIAN_POINT('',(2.161062224683,3.133578643768,-0.2138510883448));
#16522=CARTESIAN_POINT('',(2.181271845994,3.133578643768,-0.262641713232));
#16523=CARTESIAN_POINT('',(2.18586726535864,3.133578643768,-0.297546707480021));
#16524=CARTESIAN_POINT('',(2.18586726535882,3.133578643768,-0.315000000000001));
#16525=CARTESIAN_POINT('',(1.614159265359,5.658578643763,-2.28));
#16526=CARTESIAN_POINT('',(1.614159265359,5.658578643763,-2.28));
#16527=CARTESIAN_POINT('',(1.414159265369,5.65857864376967,-2.28000000000333));
#16528=CARTESIAN_POINT('',(1.61415926536233,5.65857864376967,-2.48000000001));
#16529=CARTESIAN_POINT('',(1.414159265369,3.90857864377285,-2.28000000001));
#16530=CARTESIAN_POINT('',(1.414159265359,6.238578643763,-2.28));
#16531=CARTESIAN_POINT('',(1.614159265369,6.238578643773,-2.28000000001));
#16532=CARTESIAN_POINT('',(1.614159265359,6.238578643763,-2.48));
#16533=CARTESIAN_POINT('',(1.614159265369,5.948578643773,-2.48000000001));
#16534=CARTESIAN_POINT('',(5.514159265359,2.80857719865029,-1.48));
#16535=CARTESIAN_POINT('',(5.514159265369,2.808578643773,-1.48000000001));
#16536=CARTESIAN_POINT('',(5.51415926574851,2.808578643773,-1.42999930001));
#16537=CARTESIAN_POINT('',(5.56415946861314,2.80857867280786,-1.4799999995115));
#16538=CARTESIAN_POINT('',(5.53915749663307,2.7835782699707,-1.48));
#16539=CARTESIAN_POINT('',(5.61415926536911,2.85858015573839,-1.479999998764));
#16540=CARTESIAN_POINT('',(5.514159265359,2.8585759037767,-1.48));
#16541=CARTESIAN_POINT('',(5.514159266128,2.85858015573828,-1.38000000000978));
#16542=CARTESIAN_POINT('',(5.514159265359,2.78357826996604,-1.45500176872126));
#16543=CARTESIAN_POINT('',(1.81415533666587,0.728577867756954,-1.98000077600568));
#16544=CARTESIAN_POINT('',(1.814159265359,0.728578902502602,-1.97999974126012));
#16545=CARTESIAN_POINT('',(1.814159265369,0.7285786437727,-2.08000103465223));
#16546=CARTESIAN_POINT('',(1.814159265369,0.628577593819479,-1.97999999919548));
#16547=CARTESIAN_POINT('',(1.76415768901528,0.728577867756954,-2.02999842365627));
#16548=CARTESIAN_POINT('',(1.76415768901527,0.678580220106256,-1.98000077600568));
#16549=CARTESIAN_POINT('',(1.47563295543,2.743812953692,-0.265));
#16550=CARTESIAN_POINT('',(1.48586726535874,3.393812953692,-0.265));
#16551=CARTESIAN_POINT('',(1.48586726536217,3.38357864376967,-0.265000000006851));
#16552=CARTESIAN_POINT('',(1.48586726536217,3.13357864376967,-0.265000000006851));
#16553=CARTESIAN_POINT('',(1.47563295543,3.383578643763,-0.265));
#16554=CARTESIAN_POINT('',(1.764159265364,3.3835786437695,-0.265000000007011));
#16555=CARTESIAN_POINT('',(1.764159265359,2.743812953692,-0.265));
#16556=CARTESIAN_POINT('',(1.764159265364,3.13357864377099,-0.265000000008466));
#16557=CARTESIAN_POINT('',(1.47563295543,3.133578643763,-0.265));
#16558=CARTESIAN_POINT('',(3.184159265359,3.368812953692,-1.635));
#16559=CARTESIAN_POINT('',(3.184159265359,5.108578643763,-1.635));
#16560=CARTESIAN_POINT('',(3.21415926536567,5.10857864376967,-1.63500000000667));
#16561=CARTESIAN_POINT('',(3.214159265359,3.368812953692,-1.635));
#16562=CARTESIAN_POINT('',(3.21415926536567,5.30857864376967,-1.63500000000667));
#16563=CARTESIAN_POINT('',(3.184159265359,5.308578643763,-1.635));
#16564=CARTESIAN_POINT('',(3.20392495543,4.658578643763,-1.624765690071));
#16565=CARTESIAN_POINT('',(3.20392495543,4.658578643763,-1.98));
#16566=CARTESIAN_POINT('',(4.41415926536567,4.65857864376967,-1.98000000000667));
#16567=CARTESIAN_POINT('',(4.71415926536567,4.65857864376967,-1.98000000000667));
#16568=CARTESIAN_POINT('',(4.714159265359,4.658578643763,-1.624765690071));
#16569=CARTESIAN_POINT('',(4.71415926536567,4.65857864376967,-1.63500000000667));
#16570=CARTESIAN_POINT('',(3.184159265359,4.658578643763,-1.635));
#16571=CARTESIAN_POINT('',(4.41415926536567,4.65857864376967,-1.63500000000667));
#16572=CARTESIAN_POINT('',(4.414159265359,4.658578643763,-1.624765690071));
#16573=CARTESIAN_POINT('',(2.862159265359,2.244578643763,-1.98));
#16574=CARTESIAN_POINT('',(3.514159265369,3.908578643773,-1.98000000001));
#16575=CARTESIAN_POINT('',(3.514159265359,4.008578643763,-1.98));
#16576=CARTESIAN_POINT('',(4.214159265369,4.008578643773,-1.98000000001));
#16577=CARTESIAN_POINT('',(4.214159265369,3.808578643773,-1.98000000001));
#16578=CARTESIAN_POINT('',(4.71415926536567,3.80857864376967,-1.98000000000667));
#16579=CARTESIAN_POINT('',(4.41415926536567,3.80857864376967,-1.98000000000667));
#16580=CARTESIAN_POINT('',(4.714159265359,2.718812953692,-1.98));
#16581=CARTESIAN_POINT('',(4.414159265359,3.148344333833,-1.98));
#16582=CARTESIAN_POINT('',(4.714159265359,2.718812953692,-1.98));
#16583=CARTESIAN_POINT('',(4.71415926536567,4.45857864376967,-1.98000000000667));
#16584=CARTESIAN_POINT('',(4.414159265359,3.148344333833,-1.98));
#16585=CARTESIAN_POINT('',(4.41415926536567,4.45857864376967,-1.98000000000667));
#16586=CARTESIAN_POINT('',(3.524393575288,4.458578643763,-1.98));
#16587=CARTESIAN_POINT('',(4.214159265369,5.308578643773,-1.98000000001));
#16588=CARTESIAN_POINT('',(4.41415926536567,5.30857864376967,-1.98000000000667));
#16589=CARTESIAN_POINT('',(4.414159265359,3.148344333833,-1.98));
#16590=CARTESIAN_POINT('',(4.41415926536567,5.10857864376967,-1.98000000000667));
#16591=CARTESIAN_POINT('',(4.214159265369,5.108578643773,-1.98000000001));
#16592=CARTESIAN_POINT('',(4.214159265369,4.458578643773,-1.98000000001));
#16593=CARTESIAN_POINT('',(3.51415926536567,4.45857864376967,-1.98000000000667));
#16594=CARTESIAN_POINT('',(3.21415926536567,4.45857864376967,-1.98000000000667));
#16595=CARTESIAN_POINT('',(3.514159265359,4.018812953692,-1.98));
#16596=CARTESIAN_POINT('',(3.51415926536567,4.65857864376967,-1.98000000000667));
#16597=CARTESIAN_POINT('',(4.214159265369,4.658578643773,-1.98000000001));
#16598=CARTESIAN_POINT('',(3.21415926536567,4.65857864376967,-1.98000000000667));
#16599=CARTESIAN_POINT('',(3.214159265359,2.498344333833,-1.98));
#16600=CARTESIAN_POINT('',(4.724393575288,5.108578643763,-1.98));
#16601=CARTESIAN_POINT('',(3.21415926536567,5.10857864376967,-1.98000000000667));
#16602=CARTESIAN_POINT('',(4.40392495543,5.308578643763,-1.98));
#16603=CARTESIAN_POINT('',(3.21415926536567,5.30857864376967,-1.98000000000667));
#16604=CARTESIAN_POINT('',(3.214159265359,2.498344333833,-1.98));
#16605=CARTESIAN_POINT('',(4.214159265369,3.158578643773,-1.98000000001));
#16606=CARTESIAN_POINT('',(4.71415926536567,3.15857864376967,-1.98000000000667));
#16607=CARTESIAN_POINT('',(4.414159265359,3.158578643763,-1.98));
#16608=CARTESIAN_POINT('',(4.714159265359,2.718812953692,-1.98));
#16609=CARTESIAN_POINT('',(4.71415926536567,3.35857864376967,-1.98000000000667));
#16610=CARTESIAN_POINT('',(3.20392495543,3.358578643763,-1.98));
#16611=CARTESIAN_POINT('',(4.41415926536567,3.35857864376967,-1.98000000000667));
#16612=CARTESIAN_POINT('',(4.414159265369,3.908578643773,-1.98000000001));
#16613=CARTESIAN_POINT('',(4.714159265369,3.908578643773,-1.98000000001));
#16614=CARTESIAN_POINT('',(4.71415926536567,2.70857864376967,-1.98000000000667));
#16615=CARTESIAN_POINT('',(3.20392495543,2.708578643763,-1.98));
#16616=CARTESIAN_POINT('',(4.41415926536567,2.70857864376967,-1.98000000000667));
#16617=CARTESIAN_POINT('',(4.414159265359,3.148344333833,-1.98));
#16618=CARTESIAN_POINT('',(4.724393575288,3.158578643763,-1.98));
#16619=CARTESIAN_POINT('',(3.51415926536567,3.15857864376967,-1.98000000000667));
#16620=CARTESIAN_POINT('',(3.21415926536567,3.15857864376967,-1.98000000000667));
#16621=CARTESIAN_POINT('',(3.514159265359,4.018812953692,-1.98));
#16622=CARTESIAN_POINT('',(3.51415926536567,3.35857864376967,-1.98000000000667));
#16623=CARTESIAN_POINT('',(4.214159265369,3.358578643773,-1.98000000001));
#16624=CARTESIAN_POINT('',(3.21415926536567,3.35857864376967,-1.98000000000667));
#16625=CARTESIAN_POINT('',(3.214159265359,2.498344333833,-1.98));
#16626=CARTESIAN_POINT('',(4.214159265369,2.508578643773,-1.98000000001));
#16627=CARTESIAN_POINT('',(3.51415926536567,2.50857864376967,-1.98000000000667));
#16628=CARTESIAN_POINT('',(3.214159265359,2.508578643763,-1.98));
#16629=CARTESIAN_POINT('',(3.514159265359,4.018812953692,-1.98));
#16630=CARTESIAN_POINT('',(3.51415926536567,2.70857864376967,-1.98000000000667));
#16631=CARTESIAN_POINT('',(4.214159265369,2.708578643773,-1.98000000001));
#16632=CARTESIAN_POINT('',(3.214159265359,2.708578643763,-1.98));
#16633=CARTESIAN_POINT('',(3.214159265369,3.908578643773,-1.98000000001));
#16634=CARTESIAN_POINT('',(5.514159265359,5.333578643763,-1.98));
#16635=CARTESIAN_POINT('',(5.514159265364,2.30857864377387,-1.98000000001));
#16636=CARTESIAN_POINT('',(5.51415926536233,2.48357864376967,-1.98000000001));
#16637=CARTESIAN_POINT('',(4.214159265369,2.308578643773,-1.98000000001));
#16638=CARTESIAN_POINT('',(2.914159265359,2.308578643763,-1.98));
#16639=CARTESIAN_POINT('',(2.914159265369,3.90857864377285,-1.98000000001));
#16640=CARTESIAN_POINT('',(2.914159265359,5.5085786436415,-1.98));
#16641=CARTESIAN_POINT('',(4.214159265369,5.50857864353,-1.98000000001));
#16642=CARTESIAN_POINT('',(5.514159265369,3.908578643773,-1.98000000001));
#16643=CARTESIAN_POINT('',(5.51415926536233,5.33357864376967,-1.98000000001));
#16644=CARTESIAN_POINT('',(1.420867265359,5.333578643763,-1.98));
#16645=CARTESIAN_POINT('',(5.31415926536567,5.33357864376967,-1.98000000000667));
#16646=CARTESIAN_POINT('',(5.314159265359,3.123344333833,-1.98));
#16647=CARTESIAN_POINT('',(5.31415926536567,5.08357864376967,-1.98000000000667));
#16648=CARTESIAN_POINT('',(1.420867265359,5.083578643763,-1.98));
#16649=CARTESIAN_POINT('',(5.51415926536233,5.08357864376967,-1.98000000001));
#16650=CARTESIAN_POINT('',(5.514159265359,5.333578643763,-1.98));
#16651=CARTESIAN_POINT('',(5.51415926536233,4.68357864376967,-1.98000000001));
#16652=CARTESIAN_POINT('',(4.214159265369,4.683578643773,-1.98000000001));
#16653=CARTESIAN_POINT('',(5.31415926536567,4.68357864376967,-1.98000000000667));
#16654=CARTESIAN_POINT('',(5.314159265359,3.123344333833,-1.98));
#16655=CARTESIAN_POINT('',(5.31415926536567,4.43357864376967,-1.98000000000667));
#16656=CARTESIAN_POINT('',(1.420867265359,4.433578643763,-1.98));
#16657=CARTESIAN_POINT('',(5.51415926536233,4.43357864376967,-1.98000000001));
#16658=CARTESIAN_POINT('',(5.514159265359,5.333578643763,-1.98));
#16659=CARTESIAN_POINT('',(5.51415926536233,4.03357864376967,-1.98000000001));
#16660=CARTESIAN_POINT('',(4.214159265369,4.033578643773,-1.98000000001));
#16661=CARTESIAN_POINT('',(5.31415926536567,4.03357864376967,-1.98000000000667));
#16662=CARTESIAN_POINT('',(5.314159265359,3.123344333833,-1.98));
#16663=CARTESIAN_POINT('',(5.31415926536567,3.78357864376967,-1.98000000000667));
#16664=CARTESIAN_POINT('',(4.214159265369,3.783578643773,-1.98000000001));
#16665=CARTESIAN_POINT('',(1.420867265359,3.383578643763,-1.98));
#16666=CARTESIAN_POINT('',(5.31415926536567,3.38357864376967,-1.98000000000667));
#16667=CARTESIAN_POINT('',(5.314159265369,3.908578643773,-1.98000000001));
#16668=CARTESIAN_POINT('',(5.31415926536567,3.13357864376967,-1.98000000000667));
#16669=CARTESIAN_POINT('',(1.420867265359,3.133578643763,-1.98));
#16670=CARTESIAN_POINT('',(1.420867265359,2.733578643763,-1.98));
#16671=CARTESIAN_POINT('',(5.31415926536567,2.73357864376967,-1.98000000000667));
#16672=CARTESIAN_POINT('',(5.314159265359,3.123344333833,-1.98));
#16673=CARTESIAN_POINT('',(5.31415926536567,2.48357864376967,-1.98000000000667));
#16674=CARTESIAN_POINT('',(4.214159265369,2.483578643773,-1.98000000001));
#16675=CARTESIAN_POINT('',(4.414159265359,3.148344333833,-1.624765690071));
#16676=CARTESIAN_POINT('',(4.414159265359,5.308578643763,-1.624765690071));
#16677=CARTESIAN_POINT('',(4.41415926536567,5.30857864376967,-1.63500000000667));
#16678=CARTESIAN_POINT('',(4.414159265359,3.368812953692,-1.635));
#16679=CARTESIAN_POINT('',(4.41415926536567,5.10857864376967,-1.63500000000667));
#16680=CARTESIAN_POINT('',(4.414159265359,5.108578643763,-1.624765690071));
#16681=CARTESIAN_POINT('',(2.862159265359,4.16581494404383,-1.37276280038816));
#16682=CARTESIAN_POINT('',(2.861159265359,4.108578643763,-1.43000069745841));
#16683=CARTESIAN_POINT('',(5.51415926574851,4.108578643773,-1.42999930011522));
#16684=CARTESIAN_POINT('',(2.91415926536567,4.10857864370281,-1.43000000008007));
#16685=CARTESIAN_POINT('',(5.514159265359,4.08357826996574,-1.45500176872096));
#16686=CARTESIAN_POINT('',(5.5141592661255,4.15858014116217,-1.37999992732686));
#16687=CARTESIAN_POINT('',(2.862159265359,4.15857794633115,-1.38));
#16688=CARTESIAN_POINT('',(2.91415926536567,4.15857852742674,-1.38000000001));
#16689=CARTESIAN_POINT('',(2.914159265359,1.80693154096044,-3.73171201205895));
#16690=CARTESIAN_POINT('',(5.426922515407,4.423344333833,-1.727763250048));
#16691=CARTESIAN_POINT('',(5.426922515407,5.333578643763,-1.727763250048));
#16692=CARTESIAN_POINT('',(5.43415926536233,5.33357864376967,-1.73500000000667));
#16693=CARTESIAN_POINT('',(5.434159265359,4.423344333833,-1.735));
#16694=CARTESIAN_POINT('',(5.43415926536233,5.08357864376967,-1.73500000000667));
#16695=CARTESIAN_POINT('',(5.426922515407,5.083578643763,-1.727763250048));
#16696=CARTESIAN_POINT('',(1.814159265359,7.319778643763,-2.0953));
#16697=CARTESIAN_POINT('',(1.814159265369,3.90857864377285,-2.08000000001));
#16698=CARTESIAN_POINT('',(1.814159265359,6.238578643763,-2.08));
#16699=CARTESIAN_POINT('',(1.814159265369,7.08857864295848,-2.08000105001));
#16700=CARTESIAN_POINT('',(1.814159265369,6.238578643773,-1.89750000001));
#16701=CARTESIAN_POINT('',(1.81415926536567,6.23857864376967,-1.31500000000667));
#16702=CARTESIAN_POINT('',(1.814159265359,7.319778643763,-1.315));
#16703=CARTESIAN_POINT('',(1.81415926536567,7.18857864376632,-1.31500000000667));
#16704=CARTESIAN_POINT('',(1.81415926536902,7.18857864377298,-1.64750000001));
#16705=CARTESIAN_POINT('',(1.814159265369,7.18857969377299,-1.97999999952449));
#16706=CARTESIAN_POINT('',(1.814159265359,7.08857838502169,-1.97999974125876));
#16707=CARTESIAN_POINT('',(5.30392495543,4.033578643763,-1.724765690071));
#16708=CARTESIAN_POINT('',(1.985867265369,4.03357864377296,-0.265000000009999));
#16709=CARTESIAN_POINT('',(1.99145836385857,4.033578643773,-0.265000000010122));
#16710=CARTESIAN_POINT('',(1.99712549285552,4.033578643773,-0.265967431394157));
#16711=CARTESIAN_POINT('',(2.00240280183418,4.033578643773,-0.267814156133753));
#16712=CARTESIAN_POINT('',(2.00768056237891,4.033578643773,-0.26966103889295));
#16713=CARTESIAN_POINT('',(2.01270803379719,4.033578643773,-0.272451631084618));
#16714=CARTESIAN_POINT('',(2.01707798397065,4.033578643773,-0.275940078844761));
#16715=CARTESIAN_POINT('',(2.0214517345006,4.033578643773,-0.279431560356901));
#16716=CARTESIAN_POINT('',(2.02527765950764,4.033578643773,-0.283731466499135));
#16717=CARTESIAN_POINT('',(2.02824770192972,4.033578643773,-0.288474775982911));
#16718=CARTESIAN_POINT('',(2.03121489821044,4.033578643773,-0.293213540033539));
#16719=CARTESIAN_POINT('',(2.03340457410328,4.033578643773,-0.298530137629675));
#16720=CARTESIAN_POINT('',(2.03463554694203,4.033578643773,-0.303984021050331));
#16721=CARTESIAN_POINT('',(2.03544903801606,4.033578643773,-0.307588231754109));
#16722=CARTESIAN_POINT('',(2.03586726536867,4.033578643773,-0.311305124839612));
#16723=CARTESIAN_POINT('',(2.0358672653689,4.033578643773,-0.31500000001));
#16724=CARTESIAN_POINT('',(1.47563295543,4.033578643763,-0.265));
#16725=CARTESIAN_POINT('',(1.48586726536217,4.03357864376967,-0.265000000006851));
#16726=CARTESIAN_POINT('',(1.428260162698,4.033578643763,-0.2131536076048));
#16727=CARTESIAN_POINT('',(1.43586726536553,4.03357864376967,-0.220000000003449));
#16728=CARTESIAN_POINT('',(1.435867265359,4.033578643763,-0.1497656900707));
#16729=CARTESIAN_POINT('',(1.996101575288,4.033578643763,-0.115));
#16730=CARTESIAN_POINT('',(1.98586726536577,4.03357864376967,-0.115000000006665));
#16731=CARTESIAN_POINT('',(2.18586726535882,4.033578643763,-0.315000000000001));
#16732=CARTESIAN_POINT('',(2.18586726535864,4.033578643763,-0.297546707480021));
#16733=CARTESIAN_POINT('',(2.181271845994,4.033578643763,-0.262641713232));
#16734=CARTESIAN_POINT('',(2.161062224683,4.033578643763,-0.2138510883448));
#16735=CARTESIAN_POINT('',(2.12891333197,4.033578643763,-0.1719539333888));
#16736=CARTESIAN_POINT('',(2.087016177014,4.033578643763,-0.1398050406763));
#16737=CARTESIAN_POINT('',(2.038225552127,4.033578643763,-0.1195954193648));
#16738=CARTESIAN_POINT('',(2.00332055787926,4.033578643763,-0.114999999999983));
#16739=CARTESIAN_POINT('',(1.98586726535931,4.033578643763,-0.114999999999994));
#16740=CARTESIAN_POINT('',(2.18586726536535,4.03357864376967,-0.314999815664421));
#16741=CARTESIAN_POINT('',(2.185867265359,4.033578643763,-0.4302343099293));
#16742=CARTESIAN_POINT('',(2.18586726536567,4.03357864376967,-0.420000000006667));
#16743=CARTESIAN_POINT('',(5.30392495543,4.033578643763,-0.42));
#16744=CARTESIAN_POINT('',(5.514159265359,4.308575619832,-1.48));
#16745=CARTESIAN_POINT('',(5.514159265359,3.65858138374874,-1.48));
#16746=CARTESIAN_POINT('',(5.51415926600149,3.6585771318075,-1.38000000001));
#16747=CARTESIAN_POINT('',(5.614159265369,3.658576463081,-1.47999999829457));
#16748=CARTESIAN_POINT('',(5.514159265359,4.308575619832,-1.38));
#16749=CARTESIAN_POINT('',(5.514159266128,3.50858015573828,-1.38000000000978));
#16750=CARTESIAN_POINT('',(5.514159265359,3.50857590377671,-1.48));
#16751=CARTESIAN_POINT('',(5.61415926536911,3.50858015573839,-1.479999998764));
#16752=CARTESIAN_POINT('',(5.614159265359,4.308575619832,-1.48));
#16753=CARTESIAN_POINT('',(2.914159265359,2.308578643763,-1.83));
#16754=CARTESIAN_POINT('',(2.914159265369,2.308578643773,-1.83000000001));
#16755=CARTESIAN_POINT('',(5.514159265369,2.308578643773,-1.83000000001));
#16756=CARTESIAN_POINT('',(2.046101575288,2.730436682164,-0.2552599190434));
#16757=CARTESIAN_POINT('',(2.164159265369,2.783578643773,-0.42000000001));
#16758=CARTESIAN_POINT('',(1.764159265359,2.783578643763,-0.42));
#16759=CARTESIAN_POINT('',(1.764159265369,2.783578643773,-0.42000000001));
#16760=CARTESIAN_POINT('',(1.764159265359,2.73357864376296,-0.265000000000012));
#16761=CARTESIAN_POINT('',(1.900013265369,2.73357864377292,-0.265000000010025));
#16762=CARTESIAN_POINT('',(1.985867265359,2.73357864376296,-0.264999999999999));
#16763=CARTESIAN_POINT('',(2.0358672653689,2.74970767603103,-0.315000000009995));
#16764=CARTESIAN_POINT('',(2.03586726536846,2.74783216765728,-0.309185924051372));
#16765=CARTESIAN_POINT('',(2.03482481525237,2.74593087695878,-0.303291922886813));
#16766=CARTESIAN_POINT('',(2.03281574445383,2.7441596905313,-0.297801244961623));
#16767=CARTESIAN_POINT('',(2.0308048918879,2.74238693330689,-0.292305697565988));
#16768=CARTESIAN_POINT('',(2.02775245442406,2.74069584363365,-0.287063319583137));
#16769=CARTESIAN_POINT('',(2.0239000797794,2.73923809929159,-0.282544312122789));
#16770=CARTESIAN_POINT('',(2.02014246652859,2.73781621280306,-0.278136464008357));
#16771=CARTESIAN_POINT('',(2.01549461690504,2.7365788801014,-0.274300732638659));
#16772=CARTESIAN_POINT('',(2.01036027600841,2.73564723480002,-0.271412632204383));
#16773=CARTESIAN_POINT('',(2.00547656850076,2.73476106786167,-0.268665514695496));
#16774=CARTESIAN_POINT('',(2.00000001334572,2.73413014644586,-0.266709658302516));
#16775=CARTESIAN_POINT('',(1.99441931027561,2.73381731999599,-0.265739896307931));
#16776=CARTESIAN_POINT('',(1.99160342742629,2.7336594756126,-0.265250578719417));
#16777=CARTESIAN_POINT('',(1.98872970187884,2.73357864377291,-0.265000000009982));
#16778=CARTESIAN_POINT('',(1.985867265369,2.73357864377296,-0.265000000009999));
#16779=CARTESIAN_POINT('',(2.035867265359,5.442578643763,-0.3047656900707));
#16780=CARTESIAN_POINT('',(2.035867265369,5.358578643773,-0.34250000001));
#16781=CARTESIAN_POINT('',(2.035867265359,5.38357864376308,-0.419999999999975));
#16782=CARTESIAN_POINT('',(2.0358672653589,5.34970767602103,-0.314999999999995));
#16783=CARTESIAN_POINT('',(2.035867265369,3.908578643773,-0.31500000001));
#16784=CARTESIAN_POINT('',(2.0358672653589,5.333578643763,-0.315));
#16785=CARTESIAN_POINT('',(2.035867265369,5.333578643773,-0.36750000001));
#16786=CARTESIAN_POINT('',(2.035867265359,5.333578643763,-0.42));
#16787=CARTESIAN_POINT('',(2.035867265369,3.90857864377285,-0.42000000001));
#16788=CARTESIAN_POINT('',(5.624393575288,2.483578643763,-1.724765690071));
#16789=CARTESIAN_POINT('',(1.98586726535931,2.483578643768,-0.114999999999994));
#16790=CARTESIAN_POINT('',(2.00332055787926,2.483578643768,-0.114999999999983));
#16791=CARTESIAN_POINT('',(2.038225552127,2.483578643768,-0.1195954193648));
#16792=CARTESIAN_POINT('',(2.087016177014,2.483578643768,-0.1398050406763));
#16793=CARTESIAN_POINT('',(2.12891333197,2.483578643768,-0.1719539333888));
#16794=CARTESIAN_POINT('',(2.161062224683,2.483578643768,-0.2138510883448));
#16795=CARTESIAN_POINT('',(2.181271845994,2.483578643768,-0.262641713232));
#16796=CARTESIAN_POINT('',(2.18586726535864,2.483578643768,-0.297546707480021));
#16797=CARTESIAN_POINT('',(2.18586726535882,2.483578643768,-0.315000000000001));
#16798=CARTESIAN_POINT('',(1.98586726536243,2.483578643768,-0.115000000006665));
#16799=CARTESIAN_POINT('',(2.18586726536561,2.48357864377133,-0.315000000006667));
#16800=CARTESIAN_POINT('',(1.996101575288,2.483578643763,-0.115));
#16801=CARTESIAN_POINT('',(1.435867265359,2.483578643763,-0.1497656900707));
#16802=CARTESIAN_POINT('',(1.43586726536553,2.48357864376967,-0.220000000003449));
#16803=CARTESIAN_POINT('',(1.428260162698,2.483578643763,-0.2131536076048));
#16804=CARTESIAN_POINT('',(1.48586726536217,2.48357864376967,-0.265000000006851));
#16805=CARTESIAN_POINT('',(1.47563295543,2.483578643763,-0.265));
#16806=CARTESIAN_POINT('',(1.764159265364,2.483578643771,-0.265000000008466));
#16807=CARTESIAN_POINT('',(1.75392495543,2.483578643763,-0.265000000000266));
#16808=CARTESIAN_POINT('',(2.035867265359,2.483578643763,-0.3047656900707));
#16809=CARTESIAN_POINT('',(2.03586726536567,2.48357864376967,-0.420000000006667));
#16810=CARTESIAN_POINT('',(5.624393575288,2.483578643763,-0.42));
#16811=CARTESIAN_POINT('',(2.18586726536567,2.48357864376967,-0.420000000006667));
#16812=CARTESIAN_POINT('',(2.185867265359,2.483578643763,-1.724765690071));
#16813=CARTESIAN_POINT('',(2.03586726535881,3.39980445021458,-0.314999999999999));
#16814=CARTESIAN_POINT('',(2.03586726535881,3.3835786437629,-0.314999999999999));
#16815=CARTESIAN_POINT('',(2.03586726535857,3.39980445021458,-0.308455015305037));
#16816=CARTESIAN_POINT('',(2.03586726535857,3.3835786437629,-0.308455015305037));
#16817=CARTESIAN_POINT('',(2.03326382748299,3.39980445021458,-0.295368097043389));
#16818=CARTESIAN_POINT('',(2.03326382748299,3.3835786437629,-0.295368097043389));
#16819=CARTESIAN_POINT('',(2.022143157678,3.39980445021458,-0.2787241076812));
#16820=CARTESIAN_POINT('',(2.022143157678,3.3835786437629,-0.2787241076812));
#16821=CARTESIAN_POINT('',(2.005499168316,3.39980445021458,-0.2676034378758));
#16822=CARTESIAN_POINT('',(2.005499168316,3.3835786437629,-0.2676034378758));
#16823=CARTESIAN_POINT('',(1.99225520703466,3.39980445021458,-0.26496875874548));
#16824=CARTESIAN_POINT('',(1.99225520703466,3.3835786437629,-0.26496875874548));
#16825=CARTESIAN_POINT('',(1.9855531052149,3.39980445021458,-0.265000749790081));
#16826=CARTESIAN_POINT('',(1.9855531052149,3.3835786437629,-0.265000749790081));
#16827=CARTESIAN_POINT('',(1.98539603068435,3.39980445021458,-0.265002250740717));
#16828=CARTESIAN_POINT('',(1.98539603068435,3.3835786437629,-0.265002250740717));
#16829=CARTESIAN_POINT('',(2.0358672653689,3.39970767603103,-0.315000000009995));
#16830=CARTESIAN_POINT('',(2.03586726536846,3.39783216765728,-0.309185924051371));
#16831=CARTESIAN_POINT('',(2.03482481525237,3.39593087695878,-0.303291922886813));
#16832=CARTESIAN_POINT('',(2.03281574445383,3.3941596905313,-0.297801244961623));
#16833=CARTESIAN_POINT('',(2.0308048918879,3.39238693330689,-0.292305697565988));
#16834=CARTESIAN_POINT('',(2.02775245442406,3.39069584363365,-0.287063319583137));
#16835=CARTESIAN_POINT('',(2.0239000797794,3.3892380992916,-0.282544312122788));
#16836=CARTESIAN_POINT('',(2.02014246652859,3.38781621280306,-0.278136464008357));
#16837=CARTESIAN_POINT('',(2.01549461690504,3.3865788801014,-0.274300732638659));
#16838=CARTESIAN_POINT('',(2.01036027600841,3.38564723480002,-0.271412632204384));
#16839=CARTESIAN_POINT('',(2.00547656850076,3.38476106786167,-0.268665514695495));
#16840=CARTESIAN_POINT('',(2.00000001334571,3.38413014644585,-0.266709658302515));
#16841=CARTESIAN_POINT('',(1.99441931027561,3.38381731999599,-0.26573989630793));
#16842=CARTESIAN_POINT('',(1.99160342742629,3.3836594756126,-0.265250578719417));
#16843=CARTESIAN_POINT('',(1.98872970187884,3.38357864377291,-0.265000000009982));
#16844=CARTESIAN_POINT('',(1.985867265369,3.38357864377296,-0.265000000009999));
#16845=CARTESIAN_POINT('',(2.0358672653589,3.39970767602103,-0.314999999999995));
#16846=CARTESIAN_POINT('',(1.985867265359,3.38357864376296,-0.264999999999999));
#16847=CARTESIAN_POINT('',(1.985867265369,3.38357864377296,-0.265000000009999));
#16848=CARTESIAN_POINT('',(1.99145836385857,3.383578643773,-0.265000000010122));
#16849=CARTESIAN_POINT('',(1.99712549285552,3.383578643773,-0.265967431394157));
#16850=CARTESIAN_POINT('',(2.00240280183418,3.383578643773,-0.267814156133753));
#16851=CARTESIAN_POINT('',(2.00768056237891,3.383578643773,-0.26966103889295));
#16852=CARTESIAN_POINT('',(2.01270803379719,3.383578643773,-0.272451631084618));
#16853=CARTESIAN_POINT('',(2.01707798397065,3.383578643773,-0.275940078844761));
#16854=CARTESIAN_POINT('',(2.0214517345006,3.383578643773,-0.279431560356901));
#16855=CARTESIAN_POINT('',(2.02527765950764,3.383578643773,-0.283731466499135));
#16856=CARTESIAN_POINT('',(2.02824770192972,3.383578643773,-0.288474775982911));
#16857=CARTESIAN_POINT('',(2.03121489821044,3.383578643773,-0.293213540033539));
#16858=CARTESIAN_POINT('',(2.03340457410328,3.383578643773,-0.298530137629675));
#16859=CARTESIAN_POINT('',(2.03463554694203,3.383578643773,-0.303984021050331));
#16860=CARTESIAN_POINT('',(2.03544903801606,3.383578643773,-0.307588231754109));
#16861=CARTESIAN_POINT('',(2.03586726536867,3.383578643773,-0.311305124839612));
#16862=CARTESIAN_POINT('',(2.0358672653689,3.383578643773,-0.31500000001));
#16863=CARTESIAN_POINT('',(2.0358672653589,3.383578643763,-0.315));
#16864=CARTESIAN_POINT('',(2.035867265369,3.908578643773,-0.31500000001));
#16865=CARTESIAN_POINT('',(1.47563295543,2.743812953692,-0.265));
#16866=CARTESIAN_POINT('',(1.48586726535874,3.393812953692,-0.265));
#16867=CARTESIAN_POINT('',(1.48586726536217,4.68357864376967,-0.265000000006851));
#16868=CARTESIAN_POINT('',(1.48586726536217,4.43357864376967,-0.265000000006851));
#16869=CARTESIAN_POINT('',(1.47563295543,4.683578643763,-0.265));
#16870=CARTESIAN_POINT('',(1.764159265364,4.6835786437695,-0.265000000007011));
#16871=CARTESIAN_POINT('',(1.764159265359,2.743812953692,-0.265));
#16872=CARTESIAN_POINT('',(1.47563295543,4.433578643763,-0.265));
#16873=CARTESIAN_POINT('',(2.861159265359,4.108578643763,-1.645234309929));
#16874=CARTESIAN_POINT('',(5.56415856789065,4.108578643763,-1.469765690071));
#16875=CARTESIAN_POINT('',(5.56415946861314,4.10857867280786,-1.4799999995115));
#16876=CARTESIAN_POINT('',(5.514159265369,4.108578643773,-1.48000000001));
#16877=CARTESIAN_POINT('',(2.914159265369,4.108578643773,-1.53250000001));
#16878=CARTESIAN_POINT('',(2.914159265359,4.108578643763,-1.48500005083533));
#16879=CARTESIAN_POINT('',(4.239159265369,4.108578643773,-1.485000076263));
#16880=CARTESIAN_POINT('',(5.009459557041,4.108578643763,-1.4850000381265));
#16881=CARTESIAN_POINT('',(5.15945462451209,4.108578643763,-1.53499999999977));
#16882=CARTESIAN_POINT('',(5.15196010034083,4.108578643763,-1.5293786139685));
#16883=CARTESIAN_POINT('',(5.125704694822,4.108578643763,-1.511892289471));
#16884=CARTESIAN_POINT('',(5.075840948605,4.108578643763,-1.490910425822));
#16885=CARTESIAN_POINT('',(5.0315878678458,4.108578643763,-1.48500022876006));
#16886=CARTESIAN_POINT('',(5.009460265359,4.108578643763,-1.48500022875979));
#16887=CARTESIAN_POINT('',(5.051366285359,4.118812953692,-1.485));
#16888=CARTESIAN_POINT('',(5.009459557051,2.6085786437725,-1.48500000001));
#16889=CARTESIAN_POINT('',(5.00945964558832,2.808578643763,-1.485000000005));
#16890=CARTESIAN_POINT('',(5.00945979315041,2.408578643768,-1.48500007625993));
#16891=CARTESIAN_POINT('',(2.861159265359,2.808578643763,-1.485));
#16892=CARTESIAN_POINT('',(2.91415926536567,2.80857864376967,-1.48500000000667));
#16893=CARTESIAN_POINT('',(2.914159265359,0.3413786437627,-1.485));
#16894=CARTESIAN_POINT('',(2.91415926536567,2.40857864376967,-1.48500000000667));
#16895=CARTESIAN_POINT('',(5.051366285359,2.408578643763,-1.485));
#16896=CARTESIAN_POINT('',(5.514159265359,2.1585786437627,-1.83));
#16897=CARTESIAN_POINT('',(5.514159265359,2.1585786437627,-1.91786796566604));
#16898=CARTESIAN_POINT('',(5.514159265359,2.22071067814396,-1.98000000002783));
#16899=CARTESIAN_POINT('',(5.514159265359,2.30857864381,-1.9800000000003));
#16900=CARTESIAN_POINT('',(5.57273790912184,2.1585786437627,-1.83));
#16901=CARTESIAN_POINT('',(5.57273790912184,2.1585786437627,-1.91786796566604));
#16902=CARTESIAN_POINT('',(5.57273790912184,2.22071067814396,-1.98000000002783));
#16903=CARTESIAN_POINT('',(5.57273790912184,2.30857864381,-1.9800000000003));
#16904=CARTESIAN_POINT('',(5.61415926535917,2.20000000000019,-1.83000000000009));
#16905=CARTESIAN_POINT('',(5.61415926535917,2.20000000000024,-1.89360389694807));
#16906=CARTESIAN_POINT('',(5.61415926535917,2.24497474684913,-1.9385786437828));
#16907=CARTESIAN_POINT('',(5.61415926535917,2.30857864379711,-1.93857864376281));
#16908=CARTESIAN_POINT('',(5.614159265359,2.258578643763,-1.83000000000022));
#16909=CARTESIAN_POINT('',(5.614159265359,2.25857864376313,-1.85928932188884));
#16910=CARTESIAN_POINT('',(5.614159265359,2.27928932189026,-1.88000000000931));
#16911=CARTESIAN_POINT('',(5.614159265359,2.30857864377889,-1.88));
#16912=CARTESIAN_POINT('',(5.514159265369,2.308578643773,-1.88000000001));
#16913=CARTESIAN_POINT('',(5.614159265369,2.3085786437667,-1.88000000000667));
#16914=CARTESIAN_POINT('',(5.614159265369,2.308578643773,-1.88000000001));
#16915=CARTESIAN_POINT('',(5.614159265369,2.27928932189176,-1.88000000001));
#16916=CARTESIAN_POINT('',(5.614159265369,2.25857864377313,-1.85928932189146));
#16917=CARTESIAN_POINT('',(5.614159265369,2.25857864377296,-1.83000000001011));
#16918=CARTESIAN_POINT('',(5.614159265359,2.25857864376296,-1.83000000000011));
#16919=CARTESIAN_POINT('',(5.514159265369,2.2585786437727,-1.83000000001022));
#16920=CARTESIAN_POINT('',(2.03586726535881,5.34980445021458,-0.314999999999999));
#16921=CARTESIAN_POINT('',(2.03586726535881,5.33357864376291,-0.314999999999999));
#16922=CARTESIAN_POINT('',(2.03586726535857,5.34980445021458,-0.308455015305037));
#16923=CARTESIAN_POINT('',(2.03586726535857,5.33357864376291,-0.308455015305037));
#16924=CARTESIAN_POINT('',(2.03326382748299,5.34980445021458,-0.295368097043389));
#16925=CARTESIAN_POINT('',(2.03326382748299,5.33357864376291,-0.295368097043389));
#16926=CARTESIAN_POINT('',(2.022143157678,5.34980445021458,-0.2787241076812));
#16927=CARTESIAN_POINT('',(2.022143157678,5.33357864376291,-0.2787241076812));
#16928=CARTESIAN_POINT('',(2.005499168316,5.34980445021458,-0.2676034378758));
#16929=CARTESIAN_POINT('',(2.005499168316,5.33357864376291,-0.2676034378758));
#16930=CARTESIAN_POINT('',(1.99225520703466,5.34980445021458,-0.26496875874548));
#16931=CARTESIAN_POINT('',(1.99225520703466,5.33357864376291,-0.26496875874548));
#16932=CARTESIAN_POINT('',(1.9855531052149,5.34980445021458,-0.265000749790081));
#16933=CARTESIAN_POINT('',(1.9855531052149,5.33357864376291,-0.265000749790081));
#16934=CARTESIAN_POINT('',(1.98539603068434,5.34980445021458,-0.265002250740717));
#16935=CARTESIAN_POINT('',(1.98539603068434,5.33357864376291,-0.265002250740717));
#16936=CARTESIAN_POINT('',(2.0358672653689,5.34970767603103,-0.315000000009995));
#16937=CARTESIAN_POINT('',(2.03586726536846,5.34783216765728,-0.30918592405137));
#16938=CARTESIAN_POINT('',(2.03482481525237,5.34593087695878,-0.303291922886809));
#16939=CARTESIAN_POINT('',(2.03281574445383,5.3441596905313,-0.297801244961618));
#16940=CARTESIAN_POINT('',(2.0308048918879,5.34238693330689,-0.292305697565981));
#16941=CARTESIAN_POINT('',(2.02775245442405,5.34069584363365,-0.287063319583129));
#16942=CARTESIAN_POINT('',(2.02390007977939,5.33923809929159,-0.282544312122781));
#16943=CARTESIAN_POINT('',(2.02014246652858,5.33781621280306,-0.278136464008349));
#16944=CARTESIAN_POINT('',(2.01549461690503,5.3365788801014,-0.274300732638652));
#16945=CARTESIAN_POINT('',(2.0103602760084,5.33564723480002,-0.271412632204377));
#16946=CARTESIAN_POINT('',(2.00547656850074,5.33476106786166,-0.26866551469549));
#16947=CARTESIAN_POINT('',(2.0000000133457,5.33413014644586,-0.266709658302512));
#16948=CARTESIAN_POINT('',(1.99441931027559,5.33381731999599,-0.265739896307928));
#16949=CARTESIAN_POINT('',(1.99160342742628,5.3336594756126,-0.265250578719416));
#16950=CARTESIAN_POINT('',(1.98872970187884,5.33357864377291,-0.265000000009982));
#16951=CARTESIAN_POINT('',(1.985867265369,5.33357864377296,-0.265000000009999));
#16952=CARTESIAN_POINT('',(1.985867265359,5.33357864376296,-0.264999999999999));
#16953=CARTESIAN_POINT('',(1.985867265369,5.33357864377296,-0.265000000009999));
#16954=CARTESIAN_POINT('',(1.99145836385857,5.333578643773,-0.265000000010122));
#16955=CARTESIAN_POINT('',(1.99712549285552,5.333578643773,-0.265967431394157));
#16956=CARTESIAN_POINT('',(2.00240280183418,5.333578643773,-0.267814156133753));
#16957=CARTESIAN_POINT('',(2.00768056237891,5.333578643773,-0.26966103889295));
#16958=CARTESIAN_POINT('',(2.01270803379719,5.333578643773,-0.272451631084618));
#16959=CARTESIAN_POINT('',(2.01707798397065,5.333578643773,-0.275940078844761));
#16960=CARTESIAN_POINT('',(2.0214517345006,5.333578643773,-0.279431560356901));
#16961=CARTESIAN_POINT('',(2.02527765950764,5.333578643773,-0.283731466499135));
#16962=CARTESIAN_POINT('',(2.02824770192972,5.333578643773,-0.288474775982911));
#16963=CARTESIAN_POINT('',(2.03121489821044,5.333578643773,-0.293213540033539));
#16964=CARTESIAN_POINT('',(2.03340457410328,5.333578643773,-0.298530137629675));
#16965=CARTESIAN_POINT('',(2.03463554694203,5.333578643773,-0.303984021050331));
#16966=CARTESIAN_POINT('',(2.03544903801606,5.333578643773,-0.307588231754109));
#16967=CARTESIAN_POINT('',(2.03586726536867,5.333578643773,-0.311305124839612));
#16968=CARTESIAN_POINT('',(2.0358672653689,5.333578643773,-0.31500000001));
#16969=CARTESIAN_POINT('',(5.35443707986785,4.433578643763,-1.88499977122384));
#16970=CARTESIAN_POINT('',(5.35443707986785,4.683578643763,-1.88499977122384));
#16971=CARTESIAN_POINT('',(5.35442314169822,4.433578643763,-1.88499977130808));
#16972=CARTESIAN_POINT('',(5.35442314169822,4.683578643763,-1.88499977130808));
#16973=CARTESIAN_POINT('',(5.34095141993968,4.433578643763,-1.88499984758807));
#16974=CARTESIAN_POINT('',(5.34095141993968,4.683578643763,-1.88499984758807));
#16975=CARTESIAN_POINT('',(5.32746709262451,4.433578643763,-1.88390246767671));
#16976=CARTESIAN_POINT('',(5.32746709262451,4.683578643763,-1.88390246767671));
#16977=CARTESIAN_POINT('',(5.31415926535906,4.433578643763,-1.88173130135171));
#16978=CARTESIAN_POINT('',(5.31415926535906,4.683578643763,-1.88173130135171));
#16979=CARTESIAN_POINT('',(5.354437088671,4.5585786437725,-1.88500000001));
#16980=CARTESIAN_POINT('',(5.35443708866767,4.68357864376967,-1.8849999618835));
#16981=CARTESIAN_POINT('',(5.35443708866702,4.43357864376967,-1.88499996188062));
#16982=CARTESIAN_POINT('',(5.35443708867003,4.433578643773,-1.88499988562187));
#16983=CARTESIAN_POINT('',(5.34934138990991,4.433578643773,-1.88499982878139));
#16984=CARTESIAN_POINT('',(5.34424331258736,4.433578643773,-1.88484307201808));
#16985=CARTESIAN_POINT('',(5.33915718399943,4.433578643773,-1.88453091527164));
#16986=CARTESIAN_POINT('',(5.33078819795927,4.433578643773,-1.88401727598624));
#16987=CARTESIAN_POINT('',(5.3224345866203,4.433578643773,-1.8830814164835));
#16988=CARTESIAN_POINT('',(5.31415926536895,4.433578643773,-1.88173130136134));
#16989=CARTESIAN_POINT('',(5.31415926536898,4.43357864376967,-1.88173130135789));
#16990=CARTESIAN_POINT('',(5.314159265369,4.5585786437725,-1.881731301361));
#16991=CARTESIAN_POINT('',(5.31415926536898,4.68357864376967,-1.88173130135789));
#16992=CARTESIAN_POINT('',(5.31415926536895,4.683578643773,-1.88173130136134));
#16993=CARTESIAN_POINT('',(5.31918844083217,4.683578643773,-1.88255180884869));
#16994=CARTESIAN_POINT('',(5.324244990355,4.683578643773,-1.88321923054375));
#16995=CARTESIAN_POINT('',(5.32931482483078,4.683578643773,-1.88373169202011));
#16996=CARTESIAN_POINT('',(5.33765706482907,4.683578643773,-1.88457492992976));
#16997=CARTESIAN_POINT('',(5.34605233951644,4.683578643773,-1.88499986648284));
#16998=CARTESIAN_POINT('',(5.354437088671,4.683578643773,-1.8849999618835));
#16999=CARTESIAN_POINT('',(5.314159265359,3.123344333833,-1.871496991422));
#17000=CARTESIAN_POINT('',(5.314159265359,4.683578643763,-1.871496991422));
#17001=CARTESIAN_POINT('',(5.314159265359,4.433578643763,-0.1047656900707));
#17002=CARTESIAN_POINT('',(5.464159265359,4.423344333833,-1.754765690071));
#17003=CARTESIAN_POINT('',(5.464159265359,2.733578643763,-1.754765690071));
#17004=CARTESIAN_POINT('',(5.464159265369,2.73357864376967,-1.85500000000667));
#17005=CARTESIAN_POINT('',(5.46415926536567,2.73357864376967,-1.76500000000333));
#17006=CARTESIAN_POINT('',(5.464159265359,4.423344333833,-1.765));
#17007=CARTESIAN_POINT('',(5.46415926536567,2.48357864376967,-1.76500000000333));
#17008=CARTESIAN_POINT('',(5.464159265359,2.483578643763,-1.754765690071));
#17009=CARTESIAN_POINT('',(5.464159265369,2.48357864376967,-1.85500000000667));
#17010=CARTESIAN_POINT('',(5.464159265359,4.423344333833,-1.855));
#17011=CARTESIAN_POINT('',(2.046101575288,4.680436682164,-0.2552599190434));
#17012=CARTESIAN_POINT('',(2.035867265369,4.708578643773,-0.34250000001));
#17013=CARTESIAN_POINT('',(2.035867265359,4.73357864376308,-0.419999999999975));
#17014=CARTESIAN_POINT('',(2.164159265369,4.733578643773,-0.42000000001));
#17015=CARTESIAN_POINT('',(1.764159265359,4.733578643763,-0.42));
#17016=CARTESIAN_POINT('',(1.764159265369,4.733578643773,-0.42000000001));
#17017=CARTESIAN_POINT('',(5.30392495543,4.683578643763,-0.265000000000266));
#17018=CARTESIAN_POINT('',(5.051366285359,4.118812953692,-1.485));
#17019=CARTESIAN_POINT('',(5.009459557051,5.2085786437725,-1.48500000001));
#17020=CARTESIAN_POINT('',(5.00945979315033,5.40857864376633,-1.4850001016776));
#17021=CARTESIAN_POINT('',(5.00945964558831,5.008578643763,-1.48500011438239));
#17022=CARTESIAN_POINT('',(5.051366285359,5.408578643763,-1.485));
#17023=CARTESIAN_POINT('',(2.91415926536567,5.40857864376967,-1.48500004236944));
#17024=CARTESIAN_POINT('',(2.914159265359,0.3413786437627,-1.485));
#17025=CARTESIAN_POINT('',(2.91415926536567,5.00857864376967,-1.48500000000667));
#17026=CARTESIAN_POINT('',(2.861159265359,5.008578643763,-1.485));
#17027=CARTESIAN_POINT('',(1.420867265359,5.083578643763,-0.1047656900707));
#17028=CARTESIAN_POINT('',(5.614159265359,5.083578643763,-1.890234309929));
#17029=CARTESIAN_POINT('',(5.614159265369,5.08357864376967,-1.88000000000333));
#17030=CARTESIAN_POINT('',(5.61415926536567,5.08357864376967,-1.73500000000667));
#17031=CARTESIAN_POINT('',(5.514159265359,5.083578643763,-1.88));
#17032=CARTESIAN_POINT('',(5.314159265359,5.083578643763,-0.1047656900707));
#17033=CARTESIAN_POINT('',(5.31415926536898,5.08357864376967,-1.88173130135789));
#17034=CARTESIAN_POINT('',(5.35443708867003,5.083578643773,-1.88499988562187));
#17035=CARTESIAN_POINT('',(5.34934138990991,5.083578643773,-1.88499982878139));
#17036=CARTESIAN_POINT('',(5.34424331258736,5.083578643773,-1.88484307201808));
#17037=CARTESIAN_POINT('',(5.33915718399943,5.083578643773,-1.88453091527164));
#17038=CARTESIAN_POINT('',(5.33078819795927,5.083578643773,-1.88401727598624));
#17039=CARTESIAN_POINT('',(5.3224345866203,5.083578643773,-1.8830814164835));
#17040=CARTESIAN_POINT('',(5.31415926536895,5.083578643773,-1.88173130136134));
#17041=CARTESIAN_POINT('',(5.35443708866702,5.08357864376967,-1.88499996188062));
#17042=CARTESIAN_POINT('',(5.444393575288,5.083578643763,-1.885));
#17043=CARTESIAN_POINT('',(5.43415926536567,5.08357864376967,-1.88500000001));
#17044=CARTESIAN_POINT('',(5.471396015311,5.083578643763,-1.847763250048));
#17045=CARTESIAN_POINT('',(5.624393575288,5.083578643763,-1.735));
#17046=CARTESIAN_POINT('',(2.861159265359,2.808578643763,-1.645234309929));
#17047=CARTESIAN_POINT('',(5.56415856789065,2.808578643763,-1.469765690071));
#17048=CARTESIAN_POINT('',(5.5641593815085,2.80857865828918,-1.53500000001));
#17049=CARTESIAN_POINT('',(2.862159265359,2.808578643763,-1.43000069745902));
#17050=CARTESIAN_POINT('',(2.91415926536567,2.80857864377298,-1.43000000000664));
#17051=CARTESIAN_POINT('',(2.914159265369,2.808578643773,-1.53250000001));
#17052=CARTESIAN_POINT('',(5.00945973412595,2.808578643763,-1.48500022875979));
#17053=CARTESIAN_POINT('',(5.06336471493765,2.808578643763,-1.48500022876045));
#17054=CARTESIAN_POINT('',(5.1163311700914,2.808578643763,-1.50265457302421));
#17055=CARTESIAN_POINT('',(5.15945462451154,2.808578643763,-1.53499999999936));
#17056=CARTESIAN_POINT('',(5.15945462451704,2.808578643768,-1.53500000001));
#17057=CARTESIAN_POINT('',(4.239159265369,2.808578643773,-1.53500000001));
#17058=CARTESIAN_POINT('',(2.026159265359,1.578578643763,-1.2917));
#17059=CARTESIAN_POINT('',(1.714159265369,1.578578643773,-2.48000000001));
#17060=CARTESIAN_POINT('',(1.964159265359,1.578578643763,-2.48));
#17061=CARTESIAN_POINT('',(1.964159265369,1.578578643773,-1.29170000001));
#17062=CARTESIAN_POINT('',(1.964159265364,1.5785786437705,-2.230000000005));
#17063=CARTESIAN_POINT('',(1.526009265359,1.578578643763,-1.79185));
#17064=CARTESIAN_POINT('',(1.81415926536567,1.57857864376967,-2.08000000000333));
#17065=CARTESIAN_POINT('',(1.814159265369,1.578578643773,-1.89750000001));
#17066=CARTESIAN_POINT('',(1.814159265359,1.578578643763,-1.315));
#17067=CARTESIAN_POINT('',(1.689159265369,1.578578643773,-1.31500000001));
#17068=CARTESIAN_POINT('',(1.414159265359,1.578578643763,-1.315));
#17069=CARTESIAN_POINT('',(1.414159265369,1.578578643773,-1.35000000001));
#17070=CARTESIAN_POINT('',(1.420867265359,3.133578643763,-0.1047656900707));
#17071=CARTESIAN_POINT('',(5.614159265359,3.133578643763,-1.890234309929));
#17072=CARTESIAN_POINT('',(5.61415926536567,3.13357864376967,-1.73500000000667));
#17073=CARTESIAN_POINT('',(5.314159265359,3.133578643763,-0.1047656900707));
#17074=CARTESIAN_POINT('',(5.31415926536898,3.13357864376967,-1.88173130135789));
#17075=CARTESIAN_POINT('',(5.35443708867003,3.133578643773,-1.88499988562187));
#17076=CARTESIAN_POINT('',(5.34934138990991,3.133578643773,-1.88499982878139));
#17077=CARTESIAN_POINT('',(5.34424331258736,3.133578643773,-1.88484307201808));
#17078=CARTESIAN_POINT('',(5.33915718399943,3.133578643773,-1.88453091527164));
#17079=CARTESIAN_POINT('',(5.33078819795927,3.133578643773,-1.88401727598624));
#17080=CARTESIAN_POINT('',(5.3224345866203,3.133578643773,-1.8830814164835));
#17081=CARTESIAN_POINT('',(5.31415926536895,3.133578643773,-1.88173130136134));
#17082=CARTESIAN_POINT('',(5.35443708866702,3.13357864376967,-1.88499996188062));
#17083=CARTESIAN_POINT('',(5.444393575288,3.133578643763,-1.885));
#17084=CARTESIAN_POINT('',(5.43415926536567,3.13357864376967,-1.88500000001));
#17085=CARTESIAN_POINT('',(5.471396015311,3.133578643763,-1.847763250048));
#17086=CARTESIAN_POINT('',(5.624393575288,3.133578643763,-1.735));
#17087=CARTESIAN_POINT('',(5.6213964649714,2.35134234348142,-1.595234309929));
#17088=CARTESIAN_POINT('',(5.614159265359,2.35857934119465,-1.595234309929));
#17089=CARTESIAN_POINT('',(5.614159265369,2.35857730632,-1.47999999926252));
#17090=CARTESIAN_POINT('',(5.614159265369,2.3585788182855,-1.58500000001));
#17091=CARTESIAN_POINT('',(5.62239552032405,2.35034331599983,-1.59323625496505));
#17092=CARTESIAN_POINT('',(5.56415926536567,2.40857864377133,-1.53500000000667));
#17093=CARTESIAN_POINT('',(5.56415856790039,2.408578643763,-1.595234309929));
#17094=CARTESIAN_POINT('',(5.564159965369,2.408578643773,-1.47999999926248));
#17095=CARTESIAN_POINT('',(5.53915749663822,2.43357901755989,-1.48));
#17096=CARTESIAN_POINT('',(5.514159265359,3.4585771986503,-1.48));
#17097=CARTESIAN_POINT('',(5.514159265369,3.458578643773,-1.48000000001));
#17098=CARTESIAN_POINT('',(5.51415926574851,3.458578643773,-1.42999930001));
#17099=CARTESIAN_POINT('',(5.56415946861314,3.45857867280786,-1.4799999995115));
#17100=CARTESIAN_POINT('',(5.53915749663308,3.43357826997071,-1.48));
#17101=CARTESIAN_POINT('',(5.514159265359,3.43357826996605,-1.45500176872126));
#17102=CARTESIAN_POINT('',(3.184159265359,3.368812953692,-1.635));
#17103=CARTESIAN_POINT('',(4.714159265359,3.368812953692,-1.635));
#17104=CARTESIAN_POINT('',(4.71415926536567,4.45857864376967,-1.63500000000667));
#17105=CARTESIAN_POINT('',(3.184159265359,4.458578643763,-1.635));
#17106=CARTESIAN_POINT('',(4.41415926536567,4.45857864376967,-1.63500000000667));
#17107=CARTESIAN_POINT('',(4.414159265359,3.368812953692,-1.635));
#17108=CARTESIAN_POINT('',(5.35455703953697,3.133578643763,-1.88499974091445));
#17109=CARTESIAN_POINT('',(5.35455703953697,3.383578643763,-1.88499974091445));
#17110=CARTESIAN_POINT('',(5.3545161148106,3.133578643763,-1.88499976113155));
#17111=CARTESIAN_POINT('',(5.3545161148106,3.383578643763,-1.88499976113155));
#17112=CARTESIAN_POINT('',(5.34099140532808,3.133578643763,-1.88500310167386));
#17113=CARTESIAN_POINT('',(5.34099140532808,3.383578643763,-1.88500310167386));
#17114=CARTESIAN_POINT('',(5.32746709263171,3.133578643763,-1.8839024676773));
#17115=CARTESIAN_POINT('',(5.32746709263171,3.383578643763,-1.8839024676773));
#17116=CARTESIAN_POINT('',(5.31415926536971,3.133578643763,-1.88173130135345));
#17117=CARTESIAN_POINT('',(5.31415926536971,3.383578643763,-1.88173130135345));
#17118=CARTESIAN_POINT('',(5.354437088671,3.2585786437725,-1.88500000001));
#17119=CARTESIAN_POINT('',(5.35443708866767,3.38357864376967,-1.8849999618835));
#17120=CARTESIAN_POINT('',(5.314159265369,3.2585786437725,-1.881731301361));
#17121=CARTESIAN_POINT('',(5.31415926536898,3.38357864376967,-1.88173130135789));
#17122=CARTESIAN_POINT('',(5.31415926536895,3.383578643773,-1.88173130136134));
#17123=CARTESIAN_POINT('',(5.31918844083217,3.383578643773,-1.88255180884869));
#17124=CARTESIAN_POINT('',(5.324244990355,3.383578643773,-1.88321923054375));
#17125=CARTESIAN_POINT('',(5.32931482483078,3.383578643773,-1.88373169202011));
#17126=CARTESIAN_POINT('',(5.33765706482907,3.383578643773,-1.88457492992976));
#17127=CARTESIAN_POINT('',(5.34605233951644,3.383578643773,-1.88499986648284));
#17128=CARTESIAN_POINT('',(5.354437088671,3.383578643773,-1.8849999618835));
#17129=CARTESIAN_POINT('',(3.20392495543,2.708578643763,-1.624765690071));
#17130=CARTESIAN_POINT('',(4.714159265359,2.708578643763,-1.624765690071));
#17131=CARTESIAN_POINT('',(4.71415926536567,2.70857864376967,-1.63500000000667));
#17132=CARTESIAN_POINT('',(3.184159265359,2.708578643763,-1.635));
#17133=CARTESIAN_POINT('',(4.41415926536567,2.70857864376967,-1.63500000000667));
#17134=CARTESIAN_POINT('',(4.414159265359,2.708578643763,-1.624765690071));
#17135=CARTESIAN_POINT('',(2.046101575288,5.330436682164,-0.2552599190434));
#17136=CARTESIAN_POINT('',(2.164159265369,5.383578643773,-0.42000000001));
#17137=CARTESIAN_POINT('',(1.764159265359,5.383578643763,-0.42));
#17138=CARTESIAN_POINT('',(1.764159265369,5.383578643773,-0.42000000001));
#17139=CARTESIAN_POINT('',(1.764159265364,5.3335786437695,-0.265000000007011));
#17140=CARTESIAN_POINT('',(1.900013265369,5.33357864377292,-0.265000000010025));
#17141=CARTESIAN_POINT('',(5.624393575288,4.693812953692,-1.735));
#17142=CARTESIAN_POINT('',(5.624393575288,3.383578643763,-1.735));
#17143=CARTESIAN_POINT('',(5.61415926536567,3.38357864376967,-1.73500000000667));
#17144=CARTESIAN_POINT('',(5.614159265359,4.693812953692,-1.735));
#17145=CARTESIAN_POINT('',(1.435867265359,3.393812953692,-0.1497656900707));
#17146=CARTESIAN_POINT('',(1.435867265359,4.683578643763,-0.1497656900707));
#17147=CARTESIAN_POINT('',(1.43586726536882,4.68357864376967,-0.160000000006832));
#17148=CARTESIAN_POINT('',(1.43586726536553,4.68357864376967,-0.220000000003449));
#17149=CARTESIAN_POINT('',(1.435867265359,3.393812953692,-0.21999999999977));
#17150=CARTESIAN_POINT('',(1.43586726536553,4.43357864376967,-0.220000000003449));
#17151=CARTESIAN_POINT('',(1.435867265359,4.433578643763,-0.1497656900707));
#17152=CARTESIAN_POINT('',(1.43586726536882,4.43357864376967,-0.160000000006832));
#17153=CARTESIAN_POINT('',(1.435867265359,4.693812953692,-0.16000000000023));
#17154=CARTESIAN_POINT('',(1.996101575288,2.743812953692,-0.115));
#17155=CARTESIAN_POINT('',(1.996101575288,5.333578643763,-0.115));
#17156=CARTESIAN_POINT('',(1.98586726536577,5.33357864376967,-0.115000000006665));
#17157=CARTESIAN_POINT('',(1.996101575288,5.083578643763,-0.115));
#17158=CARTESIAN_POINT('',(1.98586726536577,5.08357864377133,-0.115000000006665));
#17159=CARTESIAN_POINT('',(1.985867265369,5.2085786437725,-0.11500000001));
#17160=CARTESIAN_POINT('',(1.47563295543,2.743812953692,-0.265));
#17161=CARTESIAN_POINT('',(1.48586726535874,3.393812953692,-0.265));
#17162=CARTESIAN_POINT('',(1.48586726536217,5.33357864376967,-0.265000000006851));
#17163=CARTESIAN_POINT('',(1.48586726536217,5.08357864376967,-0.265000000006851));
#17164=CARTESIAN_POINT('',(1.47563295543,5.333578643763,-0.265));
#17165=CARTESIAN_POINT('',(1.764159265359,2.743812953692,-0.265));
#17166=CARTESIAN_POINT('',(1.764159265364,5.08357864377102,-0.265000000008472));
#17167=CARTESIAN_POINT('',(1.47563295543,5.083578643763,-0.265));
#17168=CARTESIAN_POINT('',(5.514159265359,5.333578643763,-1.88));
#17169=CARTESIAN_POINT('',(5.514159265359,4.433578643763,-1.88));
#17170=CARTESIAN_POINT('',(5.614159265369,4.43357864376967,-1.88000000000333));
#17171=CARTESIAN_POINT('',(5.614159265359,5.333578643763,-1.88));
#17172=CARTESIAN_POINT('',(5.614159265369,4.03357864376967,-1.88000000000333));
#17173=CARTESIAN_POINT('',(5.514159265359,4.033578643763,-1.88));
#17174=CARTESIAN_POINT('',(5.514159265359,4.10857719865029,-1.48));
#17175=CARTESIAN_POINT('',(5.53915749663307,4.08357826997071,-1.48));
#17176=CARTESIAN_POINT('',(5.61415926536911,4.15858015573839,-1.479999998764));
#17177=CARTESIAN_POINT('',(5.514159265369,4.158581667704,-1.48000000001));
#17178=CARTESIAN_POINT('',(5.566159265359,3.65134234348063,-1.37276280038937));
#17179=CARTESIAN_POINT('',(5.566159265359,3.65857934119209,-1.38));
#17180=CARTESIAN_POINT('',(2.91415926536567,3.65857864376631,-1.38000000000669));
#17181=CARTESIAN_POINT('',(5.514159265359,3.7335790175586,-1.45500176872206));
#17182=CARTESIAN_POINT('',(5.51415926562201,3.708578643773,-1.42999930001022));
#17183=CARTESIAN_POINT('',(2.861159265359,3.708578643763,-1.43000069746117));
#17184=CARTESIAN_POINT('',(2.914159265369,3.70857864377278,-1.43000000001066));
#17185=CARTESIAN_POINT('',(2.914159265359,2.44312526361423,-0.16451201344818));
#17186=CARTESIAN_POINT('',(1.996101575288,2.743812953692,-0.115));
#17187=CARTESIAN_POINT('',(1.996101575288,4.683578643763,-0.115));
#17188=CARTESIAN_POINT('',(1.98586726536577,4.68357864376967,-0.115000000006665));
#17189=CARTESIAN_POINT('',(1.48586726536542,4.68357864376967,-0.115000000010129));
#17190=CARTESIAN_POINT('',(1.48586726535874,2.743812953692,-0.115));
#17191=CARTESIAN_POINT('',(1.48586726536542,4.43357864376967,-0.115000000010129));
#17192=CARTESIAN_POINT('',(1.996101575288,4.433578643763,-0.115));
#17193=CARTESIAN_POINT('',(1.98586726536243,4.433578643768,-0.115000000006665));
#17194=CARTESIAN_POINT('',(1.985867265369,4.5585786437725,-0.11500000001));
#17195=CARTESIAN_POINT('',(2.35392495543,5.658578643763,-0.4302343099293));
#17196=CARTESIAN_POINT('',(2.914159265359,5.658578643763,-2.2662));
#17197=CARTESIAN_POINT('',(2.91415926536567,5.658578643773,-1.83000000000333));
#17198=CARTESIAN_POINT('',(5.514159265359,5.658578643763,-1.83));
#17199=CARTESIAN_POINT('',(2.914159265359,5.658578643763,-1.83));
#17200=CARTESIAN_POINT('',(2.226159265359,6.331778643763,-2.48));
#17201=CARTESIAN_POINT('',(1.714159265369,2.158578643773,-2.48000000001));
#17202=CARTESIAN_POINT('',(1.964159265359,2.158578643763,-2.48));
#17203=CARTESIAN_POINT('',(1.964159265369,1.958578643773,-2.48000000001));
#17204=CARTESIAN_POINT('',(1.964159265369,1.778578643773,-2.48000000001));
#17205=CARTESIAN_POINT('',(1.894159265359,7.292129646456,-1.11183527394));
#17206=CARTESIAN_POINT('',(2.914159265369,6.673517677229,-0.4932233047134));
#17207=CARTESIAN_POINT('',(2.914159265359,6.67351767721886,-0.493223304703425));
#17208=CARTESIAN_POINT('',(2.914159265359,7.28000000000019,-1.09970562748488));
#17209=CARTESIAN_POINT('',(2.414159265369,7.28000000001031,-1.09970562749469));
#17210=CARTESIAN_POINT('',(1.914159265359,7.28000000000019,-1.09970562748488));
#17211=CARTESIAN_POINT('',(1.914159265369,7.28000000001,-1.099705627495));
#17212=CARTESIAN_POINT('',(1.914159265359,6.67351767721886,-0.493223304703425));
#17213=CARTESIAN_POINT('',(2.414159265369,6.67351767722884,-0.493223304713562));
#17214=CARTESIAN_POINT('',(5.574393575288,5.468578643763,-1.535));
#17215=CARTESIAN_POINT('',(4.239159265369,4.758578643773,-1.53500000001));
#17216=CARTESIAN_POINT('',(5.5641593815085,4.75857865828918,-1.53500000001));
#17217=CARTESIAN_POINT('',(5.15945462451208,4.758578643763,-1.53499999999991));
#17218=CARTESIAN_POINT('',(5.159454624522,3.908578643773,-1.53500000001));
#17219=CARTESIAN_POINT('',(5.15945462451704,4.358578643768,-1.53500000000488));
#17220=CARTESIAN_POINT('',(4.239159265369,4.358578643773,-1.53500000001));
#17221=CARTESIAN_POINT('',(5.56415926536567,4.35857864377133,-1.53500000000667));
#17222=CARTESIAN_POINT('',(5.564159265369,4.5585786437725,-1.53500000001));
#17223=CARTESIAN_POINT('',(5.624393575288,4.693812953692,-1.735));
#17224=CARTESIAN_POINT('',(5.624393575288,5.333578643763,-1.735));
#17225=CARTESIAN_POINT('',(5.61415926536567,5.33357864376967,-1.73500000000667));
#17226=CARTESIAN_POINT('',(5.614159265359,4.693812953692,-1.735));
#17227=CARTESIAN_POINT('',(1.971396015311,6.221578643763,-2.237236749952));
#17228=CARTESIAN_POINT('',(1.964159265359,6.221578643763,-2.23));
#17229=CARTESIAN_POINT('',(1.814159265359,7.319778643763,-2.08));
#17230=CARTESIAN_POINT('',(1.945159265359,0.6013786437627,-2.23));
#17231=CARTESIAN_POINT('',(1.964159265369,3.90857864377285,-2.23000000001));
#17232=CARTESIAN_POINT('',(1.964159265359,2.158578643763,-2.23));
#17233=CARTESIAN_POINT('',(2.164159265369,5.72629107821977,-2.23000000001));
#17234=CARTESIAN_POINT('',(2.164159265359,6.038578643763,-2.23));
#17235=CARTESIAN_POINT('',(1.964159265369,6.038578643773,-2.23000000001));
#17236=CARTESIAN_POINT('',(1.9641589419975,6.238578643763,-2.23));
#17237=CARTESIAN_POINT('',(1.964158618646,3.90857864377285,-2.23000000001));
#17238=CARTESIAN_POINT('',(1.9641597230605,7.08857864295851,-2.23000000001));
#17239=CARTESIAN_POINT('',(2.439159265369,7.088578643773,-2.23000000001));
#17240=CARTESIAN_POINT('',(2.914159265359,7.088578643763,-2.23));
#17241=CARTESIAN_POINT('',(2.914159265369,3.90857864377285,-2.23000000001));
#17242=CARTESIAN_POINT('',(1.964159265369,1.778578643773,-2.23000000001));
#17243=CARTESIAN_POINT('',(1.964159265369,1.958578643773,-2.23000000001));
#17244=CARTESIAN_POINT('',(2.185867265359,4.043812953692,-0.4302343099293));
#17245=CARTESIAN_POINT('',(2.185867265369,2.6085786437725,-0.31500000001));
#17246=CARTESIAN_POINT('',(2.18586726536535,2.73357864376967,-0.314999815664421));
#17247=CARTESIAN_POINT('',(2.185867265359,4.043812953692,-0.42));
#17248=CARTESIAN_POINT('',(2.18586726536567,2.73357864376967,-0.420000000006667));
#17249=CARTESIAN_POINT('',(2.185867265359,2.733578643763,-0.4302343099293));
#17250=CARTESIAN_POINT('',(1.420867265359,4.433578643763,-0.1047656900707));
#17251=CARTESIAN_POINT('',(5.614159265359,4.433578643763,-1.890234309929));
#17252=CARTESIAN_POINT('',(5.61415926536567,4.43357864376967,-1.73500000000667));
#17253=CARTESIAN_POINT('',(5.444393575288,4.433578643763,-1.885));
#17254=CARTESIAN_POINT('',(5.43415926536567,4.43357864376967,-1.88500000001));
#17255=CARTESIAN_POINT('',(5.471396015311,4.433578643763,-1.847763250048));
#17256=CARTESIAN_POINT('',(5.464159265369,4.43357864376967,-1.85500000000667));
#17257=CARTESIAN_POINT('',(5.464159265359,4.433578643763,-1.754765690071));
#17258=CARTESIAN_POINT('',(5.46415926536567,4.43357864376967,-1.76500000000333));
#17259=CARTESIAN_POINT('',(5.426922515407,4.433578643763,-1.727763250048));
#17260=CARTESIAN_POINT('',(5.43415926536233,4.43357864376967,-1.73500000000667));
#17261=CARTESIAN_POINT('',(5.624393575288,4.433578643763,-1.735));
#17262=CARTESIAN_POINT('',(4.724393575288,5.108578643763,-1.624765690071));
#17263=CARTESIAN_POINT('',(3.214159265359,5.108578643763,-1.624765690071));
#17264=CARTESIAN_POINT('',(2.914159265359,5.508578643763,-1.83));
#17265=CARTESIAN_POINT('',(2.914159265369,5.508578643773,-1.83000000001));
#17266=CARTESIAN_POINT('',(2.18586726535882,4.033578643763,-0.315000000000001));
#17267=CARTESIAN_POINT('',(2.18586726535882,3.783578643763,-0.315000000000001));
#17268=CARTESIAN_POINT('',(2.18586726535864,4.033578643763,-0.297546707480021));
#17269=CARTESIAN_POINT('',(2.18586726535864,3.783578643763,-0.297546707480021));
#17270=CARTESIAN_POINT('',(2.181271845994,4.033578643763,-0.262641713232));
#17271=CARTESIAN_POINT('',(2.181271845994,3.783578643763,-0.262641713232));
#17272=CARTESIAN_POINT('',(2.161062224683,4.033578643763,-0.2138510883448));
#17273=CARTESIAN_POINT('',(2.161062224683,3.783578643763,-0.2138510883448));
#17274=CARTESIAN_POINT('',(2.12891333197,4.033578643763,-0.1719539333888));
#17275=CARTESIAN_POINT('',(2.12891333197,3.783578643763,-0.1719539333888));
#17276=CARTESIAN_POINT('',(2.087016177014,4.033578643763,-0.1398050406763));
#17277=CARTESIAN_POINT('',(2.087016177014,3.783578643763,-0.1398050406763));
#17278=CARTESIAN_POINT('',(2.038225552127,4.033578643763,-0.1195954193648));
#17279=CARTESIAN_POINT('',(2.038225552127,3.783578643763,-0.1195954193648));
#17280=CARTESIAN_POINT('',(2.00332055787926,4.033578643763,-0.114999999999983));
#17281=CARTESIAN_POINT('',(2.00332055787926,3.783578643763,-0.114999999999983));
#17282=CARTESIAN_POINT('',(1.98586726535931,4.033578643763,-0.114999999999994));
#17283=CARTESIAN_POINT('',(1.98586726535931,3.783578643763,-0.114999999999994));
#17284=CARTESIAN_POINT('',(1.985867265369,3.9085786437725,-0.11500000001));
#17285=CARTESIAN_POINT('',(2.185867265369,3.9085786437725,-0.31500000001));
#17286=CARTESIAN_POINT('',(4.724393575288,3.158578643763,-1.624765690071));
#17287=CARTESIAN_POINT('',(3.214159265359,3.158578643763,-1.624765690071));
#17288=CARTESIAN_POINT('',(3.514159265359,3.158578643763,-1.624765690071));
#17289=CARTESIAN_POINT('',(5.471396015311,2.473344333833,-1.847763250048));
#17290=CARTESIAN_POINT('',(5.471396015311,4.683578643763,-1.847763250048));
#17291=CARTESIAN_POINT('',(5.43415931620433,4.68357864376967,-1.88499994917467));
#17292=CARTESIAN_POINT('',(5.464159265369,4.68357864376967,-1.85500000000667));
#17293=CARTESIAN_POINT('',(5.464159265359,2.473344333833,-1.855));
#17294=CARTESIAN_POINT('',(5.434159265359,3.773344333833,-1.885));
#17295=CARTESIAN_POINT('',(1.75392495543,5.086720605362,-0.2552599190434));
#17296=CARTESIAN_POINT('',(2.164159265369,5.033578643773,-0.42000000001));
#17297=CARTESIAN_POINT('',(1.764159265359,5.033578643763,-0.42));
#17298=CARTESIAN_POINT('',(1.985867265369,5.08357864377305,-0.265000000009973));
#17299=CARTESIAN_POINT('',(1.9912540036557,5.08357864377305,-0.265000000010117));
#17300=CARTESIAN_POINT('',(1.99671360797309,5.08328800172154,-0.265900990370459));
#17301=CARTESIAN_POINT('',(2.00179389744559,5.08273816597835,-0.267605481174345));
#17302=CARTESIAN_POINT('',(2.0068709231237,5.08218868347307,-0.269308876940724));
#17303=CARTESIAN_POINT('',(2.01170051655169,5.08136220695525,-0.271870954145366));
#17304=CARTESIAN_POINT('',(2.01592484873406,5.08033777885983,-0.275046681241163));
#17305=CARTESIAN_POINT('',(2.02024183914432,5.07929088054004,-0.278292066032484));
#17306=CARTESIAN_POINT('',(2.02403452800673,5.07800770154908,-0.282269920904383));
#17307=CARTESIAN_POINT('',(2.02704899319757,5.07659489075482,-0.286649634366567));
#17308=CARTESIAN_POINT('',(2.03019855839492,5.07511876168173,-0.291225634493155));
#17309=CARTESIAN_POINT('',(2.03258542825642,5.07346329565989,-0.296357579160842));
#17310=CARTESIAN_POINT('',(2.03404904412693,5.07175683723667,-0.301647600272782));
#17311=CARTESIAN_POINT('',(2.03524983609516,5.07035681035122,-0.305987683617677));
#17312=CARTESIAN_POINT('',(2.03586726536864,5.06889735993979,-0.310511979893053));
#17313=CARTESIAN_POINT('',(2.0358672653689,5.06744961151499,-0.315000000009994));
#17314=CARTESIAN_POINT('',(1.985867265359,5.08357864376305,-0.264999999999973));
#17315=CARTESIAN_POINT('',(1.900013265369,5.08357864377308,-0.265000000010025));
#17316=CARTESIAN_POINT('',(1.764159265369,5.083578643773,-0.26500000001));
#17317=CARTESIAN_POINT('',(5.426922515407,4.423344333833,-1.727763250048));
#17318=CARTESIAN_POINT('',(5.426922515407,2.733578643763,-1.727763250048));
#17319=CARTESIAN_POINT('',(5.43415926536233,2.73357864376967,-1.73500000000667));
#17320=CARTESIAN_POINT('',(5.434159265359,4.423344333833,-1.735));
#17321=CARTESIAN_POINT('',(5.43415926536233,2.48357864376967,-1.73500000000667));
#17322=CARTESIAN_POINT('',(5.426922515407,2.483578643763,-1.727763250048));
#17323=CARTESIAN_POINT('',(3.184159265359,3.368812953692,-1.635));
#17324=CARTESIAN_POINT('',(3.184159265359,5.108578643763,-1.635));
#17325=CARTESIAN_POINT('',(3.184159265359,5.308578643763,-1.635));
#17326=CARTESIAN_POINT('',(3.214159265359,2.498344333833,-1.624765690071));
#17327=CARTESIAN_POINT('',(3.214159265359,4.658578643763,-1.624765690071));
#17328=CARTESIAN_POINT('',(3.21415926536567,4.65857864376967,-1.63500000000667));
#17329=CARTESIAN_POINT('',(3.214159265359,3.368812953692,-1.635));
#17330=CARTESIAN_POINT('',(3.21415926536567,4.45857864376967,-1.63500000000667));
#17331=CARTESIAN_POINT('',(3.214159265359,4.458578643763,-1.624765690071));
#17332=CARTESIAN_POINT('',(2.226159265359,6.331778643763,-2.48));
#17333=CARTESIAN_POINT('',(2.164159265369,5.72629107821977,-2.48000000001));
#17334=CARTESIAN_POINT('',(2.164159265359,6.038578643763,-2.48));
#17335=CARTESIAN_POINT('',(2.226159265359,5.658578643763,-2.48));
#17336=CARTESIAN_POINT('',(1.714159265369,6.238578643773,-2.48000000001));
#17337=CARTESIAN_POINT('',(1.964159265359,6.238578643763,-2.48));
#17338=CARTESIAN_POINT('',(1.964159265369,6.038578643773,-2.48000000001));
#17339=CARTESIAN_POINT('',(5.314159265359,3.123344333833,-1.871496991422));
#17340=CARTESIAN_POINT('',(5.314159265359,2.733578643763,-1.871496991422));
#17341=CARTESIAN_POINT('',(5.314159265359,2.483578643763,-1.871496991422));
#17342=CARTESIAN_POINT('',(5.514159265359,4.308575619832,-1.48));
#17343=CARTESIAN_POINT('',(5.514159265369,5.508578643773,-1.4800000000107));
#17344=CARTESIAN_POINT('',(5.614159265369,5.50857864376967,-1.47999999950845));
#17345=CARTESIAN_POINT('',(5.514159265359,4.308575619832,-1.38));
#17346=CARTESIAN_POINT('',(5.51415926574849,5.45857998122,-1.38000000001));
#17347=CARTESIAN_POINT('',(5.514159265359,5.45857590377671,-1.48));
#17348=CARTESIAN_POINT('',(5.61415926536911,5.45858015573839,-1.47999999901302));
#17349=CARTESIAN_POINT('',(5.614159265359,4.308575619832,-1.48));
#17350=CARTESIAN_POINT('',(5.62139646496977,4.30134234347128,-1.595234309929));
#17351=CARTESIAN_POINT('',(5.614159265359,4.30857934118288,-1.595234309929));
#17352=CARTESIAN_POINT('',(5.614159265369,4.308576463081,-1.47999999829457));
#17353=CARTESIAN_POINT('',(5.614159265369,4.3085788182855,-1.58500000001));
#17354=CARTESIAN_POINT('',(5.62239552032296,4.30034331598915,-1.59323625496396));
#17355=CARTESIAN_POINT('',(5.56415856788863,4.358578643763,-1.595234309929));
#17356=CARTESIAN_POINT('',(5.564159965369,4.358578643773,-1.47999999926248));
#17357=CARTESIAN_POINT('',(5.53915749663234,4.383579017554,-1.48));
#17358=CARTESIAN_POINT('',(3.524393575288,2.508578643763,-1.624765690071));
#17359=CARTESIAN_POINT('',(3.214159265369,2.508578643773,-1.80750000001));
#17360=CARTESIAN_POINT('',(3.514159265359,2.508578643763,-1.624765690071));
#17361=CARTESIAN_POINT('',(1.428260162698,3.393812953692,-0.2131536076048));
#17362=CARTESIAN_POINT('',(1.428260162698,4.683578643763,-0.2131536076048));
#17363=CARTESIAN_POINT('',(1.428260162698,4.433578643763,-0.2131536076048));
#17364=CARTESIAN_POINT('',(5.30392495543,4.033578643763,-1.724765690071));
#17365=CARTESIAN_POINT('',(5.471396015311,4.033578643763,-1.847763250048));
#17366=CARTESIAN_POINT('',(5.43415931620433,4.03357864376967,-1.88499994917467));
#17367=CARTESIAN_POINT('',(5.464159265369,4.033578643773,-1.884999923757));
#17368=CARTESIAN_POINT('',(5.354437088661,4.033578643763,-1.8849999618735));
#17369=CARTESIAN_POINT('',(5.31415926536895,4.033578643773,-1.88173130136134));
#17370=CARTESIAN_POINT('',(5.31918844083217,4.033578643773,-1.88255180884869));
#17371=CARTESIAN_POINT('',(5.324244990355,4.033578643773,-1.88321923054375));
#17372=CARTESIAN_POINT('',(5.32931482483078,4.033578643773,-1.88373169202011));
#17373=CARTESIAN_POINT('',(5.33765706482907,4.033578643773,-1.88457492992976));
#17374=CARTESIAN_POINT('',(5.34605233951644,4.033578643773,-1.88499986648284));
#17375=CARTESIAN_POINT('',(5.354437088671,4.033578643773,-1.8849999618835));
#17376=CARTESIAN_POINT('',(5.31415926536898,4.03357864376967,-1.88173130135789));
#17377=CARTESIAN_POINT('',(5.314159265359,4.033578643763,-1.871496991422));
#17378=CARTESIAN_POINT('',(5.614159265369,4.033578643773,-1.85750000001));
#17379=CARTESIAN_POINT('',(5.61415926536567,4.03357864376967,-1.73500000000667));
#17380=CARTESIAN_POINT('',(5.624393575288,4.033578643763,-1.735));
#17381=CARTESIAN_POINT('',(5.43415926536233,4.03357864376967,-1.73500000000667));
#17382=CARTESIAN_POINT('',(5.426922515407,4.033578643763,-1.727763250048));
#17383=CARTESIAN_POINT('',(1.996101575288,2.743812953692,-0.115));
#17384=CARTESIAN_POINT('',(1.996101575288,3.383578643763,-0.115));
#17385=CARTESIAN_POINT('',(1.996101575288,3.133578643763,-0.115));
#17386=CARTESIAN_POINT('',(5.444393575288,3.773344333833,-1.885));
#17387=CARTESIAN_POINT('',(5.444393575288,2.733578643763,-1.885));
#17388=CARTESIAN_POINT('',(5.43415931620433,2.73357864376967,-1.88499994917467));
#17389=CARTESIAN_POINT('',(5.434159265359,2.473344333833,-1.885));
#17390=CARTESIAN_POINT('',(5.43415926536567,2.48357864376967,-1.88500000001));
#17391=CARTESIAN_POINT('',(5.444393575288,2.483578643763,-1.885));
#17392=CARTESIAN_POINT('',(1.964159265359,1.958578643763,-2.5212));
#17393=CARTESIAN_POINT('',(1.964159265369,2.158578643773,-2.52120000001));
#17394=CARTESIAN_POINT('',(2.914159265359,0.3413786437627,-2.2662));
#17395=CARTESIAN_POINT('',(2.914159265359,2.45694967453376,-4.381712011806));
#17396=CARTESIAN_POINT('',(2.91415926536567,5.40857864370281,-1.43000000008007));
#17397=CARTESIAN_POINT('',(2.91415926536567,5.45857852742674,-1.38000000001));
#17398=CARTESIAN_POINT('',(2.914159265369,3.908578643773,-1.38000000001));
#17399=CARTESIAN_POINT('',(2.914159265369,2.308578643773,-1.53000000001));
#17400=CARTESIAN_POINT('',(2.914159265359,2.308578643763,-1.38));
#17401=CARTESIAN_POINT('',(2.914159265369,3.908578643773,-1.38000000001));
#17402=CARTESIAN_POINT('',(2.91415926536567,2.35857864383631,-1.38000000004169));
#17403=CARTESIAN_POINT('',(2.914159265359,1.79310713004092,-0.814512013195237));
#17404=CARTESIAN_POINT('',(2.914159265369,2.40857864377278,-1.43000000001066));
#17405=CARTESIAN_POINT('',(2.914159265369,2.408578643773,-1.53250000001));
#17406=CARTESIAN_POINT('',(2.914159265359,1.15691340738743,-3.0817120123122));
#17407=CARTESIAN_POINT('',(2.91415926536567,2.85857858559644,-1.38000001940065));
#17408=CARTESIAN_POINT('',(2.914159265369,3.908578643773,-1.38000000001));
#17409=CARTESIAN_POINT('',(2.91415926536567,3.00857864383631,-1.38000000004169));
#17410=CARTESIAN_POINT('',(2.914159265359,2.11811619682757,-0.489512013321708));
#17411=CARTESIAN_POINT('',(2.914159265369,3.05857864377278,-1.43000000001066));
#17412=CARTESIAN_POINT('',(2.914159265369,3.058578643773,-1.53250000001));
#17413=CARTESIAN_POINT('',(2.914159265369,3.458578643773,-1.53250000001));
#17414=CARTESIAN_POINT('',(2.91415926536567,3.45857864377298,-1.43000000000664));
#17415=CARTESIAN_POINT('',(2.914159265359,1.48192247417409,-3.40671201218572));
#17416=CARTESIAN_POINT('',(2.91415926536567,3.50857858559644,-1.38000001940065));
#17417=CARTESIAN_POINT('',(2.914159265369,3.908578643773,-1.38000000001));
#17418=CARTESIAN_POINT('',(2.914159265369,3.708578643773,-1.53250000001));
#17419=CARTESIAN_POINT('',(2.914159265359,3.708578643763,-1.485));
#17420=CARTESIAN_POINT('',(2.914159265369,3.9085786437725,-1.48500000001));
#17421=CARTESIAN_POINT('',(2.914159265369,3.908578643773,-1.38000000001));
#17422=CARTESIAN_POINT('',(2.914159265369,4.358578643773,-1.53250000001));
#17423=CARTESIAN_POINT('',(2.91415926536567,4.35857864376967,-1.48500000000667));
#17424=CARTESIAN_POINT('',(2.914159265359,0.3413786437627,-1.485));
#17425=CARTESIAN_POINT('',(2.91415926536567,4.75857864376967,-1.48500004236944));
#17426=CARTESIAN_POINT('',(2.914159265369,4.758578643773,-1.53250000001));
#17427=CARTESIAN_POINT('',(2.91415926536567,4.75857864370281,-1.43000000008007));
#17428=CARTESIAN_POINT('',(2.914159265359,2.1319406077471,-4.05671201193248));
#17429=CARTESIAN_POINT('',(2.91415926536567,4.80857852742674,-1.38000000001));
#17430=CARTESIAN_POINT('',(2.914159265369,3.908578643773,-1.38000000001));
#17431=CARTESIAN_POINT('',(2.914159265369,5.008578643773,-1.53250000001));
#17432=CARTESIAN_POINT('',(2.914159265369,5.408578643773,-1.53250000001));
#17433=CARTESIAN_POINT('',(2.914159265369,0.6785786437727,-1.241126983732));
#17434=CARTESIAN_POINT('',(2.914159265359,0.4785786437627,-1.241126983722));
#17435=CARTESIAN_POINT('',(2.914159265359,0.537157287525395,-1.09970562748484));
#17436=CARTESIAN_POINT('',(2.914159265369,0.4785786437727,-1.32500000001));
#17437=CARTESIAN_POINT('',(2.914159265369,7.088578643773,-1.98000000001));
#17438=CARTESIAN_POINT('',(2.914159265359,7.338578643763,-1.9799999990895));
#17439=CARTESIAN_POINT('',(2.914159265369,7.338578643773,-1.32500000001));
#17440=CARTESIAN_POINT('',(2.914159265359,7.338578643763,-1.241126983722));
#17441=CARTESIAN_POINT('',(2.914159265369,7.138578643773,-1.241126983732));
#17442=CARTESIAN_POINT('',(2.914159265369,6.496740981932,-0.67000000001));
#17443=CARTESIAN_POINT('',(2.914159265359,6.496740981922,-0.42));
#17444=CARTESIAN_POINT('',(2.914159265369,3.90857864377285,-0.42000000001));
#17445=CARTESIAN_POINT('',(2.914159265359,1.320416305603,-0.42));
#17446=CARTESIAN_POINT('',(2.914159265369,1.320416305613,-0.67000000001));
#17447=CARTESIAN_POINT('',(2.914159265359,1.14363961030668,-0.493223304703381));
#17448=CARTESIAN_POINT('',(2.914159265369,0.5371572875354,-1.099705627495));
#17449=CARTESIAN_POINT('',(3.514159265359,4.018812953692,-1.624765690071));
#17450=CARTESIAN_POINT('',(3.514159265359,4.458578643763,-1.624765690071));
#17451=CARTESIAN_POINT('',(3.51415926536567,4.45857864376967,-1.63500000000667));
#17452=CARTESIAN_POINT('',(3.514159265359,3.368812953692,-1.635));
#17453=CARTESIAN_POINT('',(3.51415926536567,4.65857864376967,-1.63500000000667));
#17454=CARTESIAN_POINT('',(3.514159265359,4.658578643763,-1.624765690071));
#17455=CARTESIAN_POINT('',(3.184159265359,3.368812953692,-1.635));
#17456=CARTESIAN_POINT('',(3.184159265359,4.008578643763,-1.635));
#17457=CARTESIAN_POINT('',(3.51415926536567,4.00857864376967,-1.63500000000667));
#17458=CARTESIAN_POINT('',(3.514159265359,3.368812953692,-1.635));
#17459=CARTESIAN_POINT('',(1.49347436802,4.693812953692,-0.1081536076048));
#17460=CARTESIAN_POINT('',(1.49347436802,4.683578643763,-0.1081536076048));
#17461=CARTESIAN_POINT('',(1.435867265369,4.433578643773,-0.16000000001));
#17462=CARTESIAN_POINT('',(1.428260162698,3.393812953692,-0.2131536076048));
#17463=CARTESIAN_POINT('',(1.428260162698,5.333578643763,-0.2131536076048));
#17464=CARTESIAN_POINT('',(1.43586726536553,5.33357864376967,-0.220000000003449));
#17465=CARTESIAN_POINT('',(1.428260162698,5.083578643763,-0.2131536076048));
#17466=CARTESIAN_POINT('',(1.43586726536553,5.08357864376967,-0.220000000003449));
#17467=CARTESIAN_POINT('',(1.435867265359,3.393812953692,-0.21999999999977));
#17468=CARTESIAN_POINT('',(2.674393575288,5.728578643763,-0.215));
#17469=CARTESIAN_POINT('',(2.664159265369,3.908578643773,-0.21500000001));
#17470=CARTESIAN_POINT('',(2.664159265359,5.508578643763,-0.215));
#17471=CARTESIAN_POINT('',(2.514159265369,5.508578643773,-0.21500000001));
#17472=CARTESIAN_POINT('',(2.514159265359,5.658578643763,-0.215));
#17473=CARTESIAN_POINT('',(2.564159265369,5.658578643773,-0.21500000001));
#17474=CARTESIAN_POINT('',(2.46415926535884,5.658578643763,-0.21499999999996));
#17475=CARTESIAN_POINT('',(2.46415926536867,3.908578643773,-0.215000000009841));
#17476=CARTESIAN_POINT('',(2.46415926536617,2.15857864376967,-0.215000000008578));
#17477=CARTESIAN_POINT('',(2.674393575288,2.158578643763,-0.215));
#17478=CARTESIAN_POINT('',(5.514159265359,5.6585786437623,-1.53000000000025));
#17479=CARTESIAN_POINT('',(5.514159265359,5.65857864376245,-1.44213203435673));
#17480=CARTESIAN_POINT('',(5.514159265359,5.596446609407,-1.38000000000098));
#17481=CARTESIAN_POINT('',(5.514159265359,5.50857864376349,-1.3800000000007));
#17482=CARTESIAN_POINT('',(5.57273790912151,5.6585786437623,-1.53000000000025));
#17483=CARTESIAN_POINT('',(5.57273790912151,5.65857864376245,-1.44213203435673));
#17484=CARTESIAN_POINT('',(5.57273790912151,5.596446609407,-1.38000000000098));
#17485=CARTESIAN_POINT('',(5.57273790912151,5.50857864376349,-1.3800000000007));
#17486=CARTESIAN_POINT('',(5.61415926535879,5.6171572875252,-1.53000000000011));
#17487=CARTESIAN_POINT('',(5.61415926535879,5.61715728752526,-1.46639610306837));
#17488=CARTESIAN_POINT('',(5.61415926535879,5.57218254069502,-1.42142135623797));
#17489=CARTESIAN_POINT('',(5.61415926535879,5.50857864376328,-1.4214213562378));
#17490=CARTESIAN_POINT('',(5.614159265359,5.55857864376265,-1.52999999999992));
#17491=CARTESIAN_POINT('',(5.614159265359,5.5585786437626,-1.50071067811881));
#17492=CARTESIAN_POINT('',(5.614159265359,5.5378679656441,-1.48000000000035));
#17493=CARTESIAN_POINT('',(5.614159265359,5.508578643763,-1.48000000000035));
#17494=CARTESIAN_POINT('',(5.614159265369,5.508578643773,-1.48000000001017));
#17495=CARTESIAN_POINT('',(5.614159265369,5.53786796565407,-1.48000000001035));
#17496=CARTESIAN_POINT('',(5.614159265369,5.55857864377256,-1.50071067812877));
#17497=CARTESIAN_POINT('',(5.614159265369,5.55857864377291,-1.53000000000996));
#17498=CARTESIAN_POINT('',(5.614159265359,5.55857864376291,-1.52999999999996));
#17499=CARTESIAN_POINT('',(5.514159265369,5.558578643773,-1.53000000001));
#17500=CARTESIAN_POINT('',(5.444393575288,3.773344333833,-1.885));
#17501=CARTESIAN_POINT('',(5.444393575288,3.383578643763,-1.885));
#17502=CARTESIAN_POINT('',(5.43415931620433,3.38357864376967,-1.88499994917467));
#17503=CARTESIAN_POINT('',(5.434159265359,3.773344333833,-1.885));
#17504=CARTESIAN_POINT('',(5.471396015311,2.473344333833,-1.847763250048));
#17505=CARTESIAN_POINT('',(5.471396015311,3.383578643763,-1.847763250048));
#17506=CARTESIAN_POINT('',(1.964159265359,6.038578643763,-2.5033));
#17507=CARTESIAN_POINT('',(2.164159265369,6.038578643773,-1.78262203095215));
#17508=CARTESIAN_POINT('',(1.964159265369,6.238578643773,-2.50330000001));
#17509=CARTESIAN_POINT('',(5.514159265359,5.558578643763,-1.83));
#17510=CARTESIAN_POINT('',(5.614159265369,5.558578643773,-1.68000000001));
#17511=CARTESIAN_POINT('',(3.20392495543,2.708578643763,-1.624765690071));
#17512=CARTESIAN_POINT('',(3.514159265359,2.708578643763,-1.624765690071));
#17513=CARTESIAN_POINT('',(3.214159265369,2.708578643773,-1.80750000001));
#17514=CARTESIAN_POINT('',(1.420867265359,3.383578643763,-0.1047656900707));
#17515=CARTESIAN_POINT('',(5.314159265359,3.383578643763,-1.871496991422));
#17516=CARTESIAN_POINT('',(5.614159265359,3.383578643763,-1.890234309929));
#17517=CARTESIAN_POINT('',(2.03586726535881,4.4335786437631,-0.314999999999988));
#17518=CARTESIAN_POINT('',(2.03586726535881,4.41735283731142,-0.314999999999988));
#17519=CARTESIAN_POINT('',(2.03586726535857,4.4335786437631,-0.308455015305029));
#17520=CARTESIAN_POINT('',(2.03586726535857,4.41735283731142,-0.308455015305029));
#17521=CARTESIAN_POINT('',(2.03326382748299,4.4335786437631,-0.295368097043385));
#17522=CARTESIAN_POINT('',(2.03326382748299,4.41735283731142,-0.295368097043385));
#17523=CARTESIAN_POINT('',(2.022143157678,4.4335786437631,-0.2787241076812));
#17524=CARTESIAN_POINT('',(2.022143157678,4.41735283731142,-0.2787241076812));
#17525=CARTESIAN_POINT('',(2.005499168316,4.4335786437631,-0.2676034378758));
#17526=CARTESIAN_POINT('',(2.005499168316,4.41735283731142,-0.2676034378758));
#17527=CARTESIAN_POINT('',(1.99225520703466,4.4335786437631,-0.26496875874548));
#17528=CARTESIAN_POINT('',(1.99225520703466,4.41735283731142,-0.26496875874548));
#17529=CARTESIAN_POINT('',(1.9855531052149,4.4335786437631,-0.265000749790081));
#17530=CARTESIAN_POINT('',(1.9855531052149,4.41735283731142,-0.265000749790081));
#17531=CARTESIAN_POINT('',(1.98539603068435,4.4335786437631,-0.265002250740717));
#17532=CARTESIAN_POINT('',(1.98539603068435,4.41735283731142,-0.265002250740717));
#17533=CARTESIAN_POINT('',(2.035867265369,3.908578643773,-0.31500000001));
#17534=CARTESIAN_POINT('',(2.0358672653589,4.433578643763,-0.315));
#17535=CARTESIAN_POINT('',(2.0358672653689,4.433578643773,-0.31500000001));
#17536=CARTESIAN_POINT('',(2.03586726536848,4.433578643773,-0.309408901519974));
#17537=CARTESIAN_POINT('',(2.03489983398434,4.433578643773,-0.303741772522563));
#17538=CARTESIAN_POINT('',(2.03305310924448,4.433578643773,-0.298464463543514));
#17539=CARTESIAN_POINT('',(2.03120622648501,4.433578643773,-0.293186702998361));
#17540=CARTESIAN_POINT('',(2.02841563429292,4.433578643773,-0.28815923157972));
#17541=CARTESIAN_POINT('',(2.02492718653228,4.433578643773,-0.283789281406036));
#17542=CARTESIAN_POINT('',(2.02143570501987,4.433578643773,-0.279415530876158));
#17543=CARTESIAN_POINT('',(2.01713579887736,4.433578643773,-0.275589605869226));
#17544=CARTESIAN_POINT('',(2.01239248939333,4.433578643773,-0.272619563447346));
#17545=CARTESIAN_POINT('',(2.00765372534257,4.433578643773,-0.269652367166897));
#17546=CARTESIAN_POINT('',(2.00233712774634,4.433578643773,-0.267462691274369));
#17547=CARTESIAN_POINT('',(1.99688324432564,4.433578643773,-0.266231718435949));
#17548=CARTESIAN_POINT('',(1.99327903362282,4.433578643773,-0.265418227362363));
#17549=CARTESIAN_POINT('',(1.98956214053835,4.433578643773,-0.265000000009985));
#17550=CARTESIAN_POINT('',(1.985867265369,4.43357864377305,-0.265000000009987));
#17551=CARTESIAN_POINT('',(1.75392495543,3.786720605362,-0.2552599190434));
#17552=CARTESIAN_POINT('',(2.164159265369,3.733578643773,-0.42000000001));
#17553=CARTESIAN_POINT('',(1.764159265359,3.733578643763,-0.42));
#17554=CARTESIAN_POINT('',(2.035867265359,3.733578643763,-0.42));
#17555=CARTESIAN_POINT('',(2.035867265369,3.733578643773,-0.42000000001));
#17556=CARTESIAN_POINT('',(2.0358672653589,3.76744961150499,-0.314999999999994));
#17557=CARTESIAN_POINT('',(1.985867265369,3.78357864377305,-0.265000000009987));
#17558=CARTESIAN_POINT('',(1.9912540036557,3.78357864377305,-0.265000000010117));
#17559=CARTESIAN_POINT('',(1.9967136079731,3.78328800172154,-0.265900990370459));
#17560=CARTESIAN_POINT('',(2.00179389744559,3.78273816597835,-0.267605481174346));
#17561=CARTESIAN_POINT('',(2.0068709231237,3.78218868347306,-0.269308876940724));
#17562=CARTESIAN_POINT('',(2.01170051655169,3.78136220695525,-0.271870954145366));
#17563=CARTESIAN_POINT('',(2.01592484873406,3.78033777885983,-0.275046681241164));
#17564=CARTESIAN_POINT('',(2.02024183914432,3.77929088054005,-0.278292066032486));
#17565=CARTESIAN_POINT('',(2.02403452800673,3.77800770154908,-0.282269920904384));
#17566=CARTESIAN_POINT('',(2.02704899319757,3.77659489075482,-0.286649634366569));
#17567=CARTESIAN_POINT('',(2.03019855839492,3.77511876168172,-0.291225634493158));
#17568=CARTESIAN_POINT('',(2.03258542825642,3.77346329565988,-0.296357579160844));
#17569=CARTESIAN_POINT('',(2.03404904412693,3.77175683723667,-0.301647600272785));
#17570=CARTESIAN_POINT('',(2.03524983609516,3.77035681035122,-0.305987683617679));
#17571=CARTESIAN_POINT('',(2.03586726536864,3.76889735993979,-0.310511979893054));
#17572=CARTESIAN_POINT('',(2.0358672653689,3.76744961151498,-0.315000000009994));
#17573=CARTESIAN_POINT('',(1.764159265369,3.783578643773,-0.26500000001));
#17574=CARTESIAN_POINT('',(5.30392495543,4.683578643763,-1.724765690071));
#17575=CARTESIAN_POINT('',(2.18586726535882,4.683578643763,-0.315000000000001));
#17576=CARTESIAN_POINT('',(2.18586726535864,4.683578643763,-0.297546707480021));
#17577=CARTESIAN_POINT('',(2.181271845994,4.683578643763,-0.262641713232));
#17578=CARTESIAN_POINT('',(2.161062224683,4.683578643763,-0.2138510883448));
#17579=CARTESIAN_POINT('',(2.12891333197,4.683578643763,-0.1719539333888));
#17580=CARTESIAN_POINT('',(2.087016177014,4.683578643763,-0.1398050406763));
#17581=CARTESIAN_POINT('',(2.038225552127,4.683578643763,-0.1195954193648));
#17582=CARTESIAN_POINT('',(2.00332055787926,4.683578643763,-0.114999999999983));
#17583=CARTESIAN_POINT('',(1.98586726535931,4.683578643763,-0.114999999999994));
#17584=CARTESIAN_POINT('',(2.18586726536535,4.68357864376967,-0.314999815664421));
#17585=CARTESIAN_POINT('',(2.185867265359,4.683578643763,-0.4302343099293));
#17586=CARTESIAN_POINT('',(2.18586726536567,4.68357864376967,-0.420000000006667));
#17587=CARTESIAN_POINT('',(5.30392495543,4.683578643763,-0.42));
#17588=CARTESIAN_POINT('',(2.03586726536567,4.68357864376967,-0.420000000006667));
#17589=CARTESIAN_POINT('',(2.035867265359,4.683578643763,-1.724765690071));
#17590=CARTESIAN_POINT('',(5.426922515407,4.423344333833,-1.727763250048));
#17591=CARTESIAN_POINT('',(5.434159265359,4.423344333833,-1.735));
#17592=CARTESIAN_POINT('',(5.43415926536233,3.78357864376967,-1.73500000000667));
#17593=CARTESIAN_POINT('',(5.426922515407,3.783578643763,-1.727763250048));
#17594=CARTESIAN_POINT('',(2.046101575288,3.380436682164,-0.2552599190434));
#17595=CARTESIAN_POINT('',(2.035867265369,3.408578643773,-0.34250000001));
#17596=CARTESIAN_POINT('',(2.035867265359,3.43357864376308,-0.419999999999975));
#17597=CARTESIAN_POINT('',(2.164159265369,3.433578643773,-0.42000000001));
#17598=CARTESIAN_POINT('',(1.764159265359,3.433578643763,-0.42));
#17599=CARTESIAN_POINT('',(1.764159265369,3.433578643773,-0.42000000001));
#17600=CARTESIAN_POINT('',(1.900013265369,3.38357864377292,-0.265000000010025));
#17601=CARTESIAN_POINT('',(1.81415533666084,7.08857941976755,-1.98000077600432));
#17602=CARTESIAN_POINT('',(1.76415768901222,7.13857706741648,-1.98000077600432));
#17603=CARTESIAN_POINT('',(1.964160046422,7.338578643773,-1.979999998614));
#17604=CARTESIAN_POINT('',(1.964160827475,7.088578643773,-1.98000000001));
#17605=CARTESIAN_POINT('',(1.76415768901208,7.08857941976755,-2.02999842365308));
#17606=CARTESIAN_POINT('',(1.914159265359,0.3413786437627,-1.257549523397));
#17607=CARTESIAN_POINT('',(1.914159265369,7.038578643773,-0.72000000001));
#17608=CARTESIAN_POINT('',(1.914159265359,7.338578643763,-0.72));
#17609=CARTESIAN_POINT('',(1.914159265359,7.038578643763,-0.42));
#17610=CARTESIAN_POINT('',(1.914159265369,3.90857864377285,-0.42000000001));
#17611=CARTESIAN_POINT('',(1.914159265359,6.496740981922,-0.42));
#17612=CARTESIAN_POINT('',(1.914159265369,6.496740981932,-0.67000000001));
#17613=CARTESIAN_POINT('',(1.914159265369,7.138578643773,-1.241126983732));
#17614=CARTESIAN_POINT('',(1.914159265359,7.338578643763,-1.241126983722));
#17615=CARTESIAN_POINT('',(1.914159265369,7.338578643773,-1.35000000001));
#17616=CARTESIAN_POINT('',(1.975159265359,1.600578643763,-1.315));
#17617=CARTESIAN_POINT('',(1.414159265359,1.600578643763,-1.315));
#17618=CARTESIAN_POINT('',(1.41415926536567,6.23857864376967,-1.31500000000667));
#17619=CARTESIAN_POINT('',(1.41415926536567,7.33857864376967,-1.31500000000667));
#17620=CARTESIAN_POINT('',(1.975159265359,7.338578643763,-1.315));
#17621=CARTESIAN_POINT('',(1.96415926536233,7.33857864376967,-1.31500000000667));
#17622=CARTESIAN_POINT('',(1.971396015311,7.345815393714,-1.315));
#17623=CARTESIAN_POINT('',(2.026159265359,6.238578643763,-1.315));
#17624=CARTESIAN_POINT('',(2.862159265359,5.572578643763,-1.38));
#17625=CARTESIAN_POINT('',(2.862159265359,2.85857794633176,-1.38));
#17626=CARTESIAN_POINT('',(5.514159265359,4.308575619832,-1.38));
#17627=CARTESIAN_POINT('',(5.51415926600149,3.0085771318075,-1.38000000001));
#17628=CARTESIAN_POINT('',(5.566159265359,3.00857934119209,-1.38));
#17629=CARTESIAN_POINT('',(1.75392495543,3.136720605362,-0.2552599190434));
#17630=CARTESIAN_POINT('',(2.164159265369,3.083578643773,-0.42000000001));
#17631=CARTESIAN_POINT('',(1.764159265359,3.083578643763,-0.42));
#17632=CARTESIAN_POINT('',(2.035867265359,3.083578643763,-0.42));
#17633=CARTESIAN_POINT('',(2.035867265369,3.083578643773,-0.42000000001));
#17634=CARTESIAN_POINT('',(2.0358672653589,3.11744961150499,-0.314999999999995));
#17635=CARTESIAN_POINT('',(1.985867265369,3.13357864377305,-0.265000000009987));
#17636=CARTESIAN_POINT('',(1.9912540036557,3.13357864377305,-0.265000000010117));
#17637=CARTESIAN_POINT('',(1.9967136079731,3.13328800172154,-0.265900990370459));
#17638=CARTESIAN_POINT('',(2.00179389744559,3.13273816597835,-0.267605481174345));
#17639=CARTESIAN_POINT('',(2.0068709231237,3.13218868347306,-0.269308876940724));
#17640=CARTESIAN_POINT('',(2.01170051655169,3.13136220695525,-0.271870954145367));
#17641=CARTESIAN_POINT('',(2.01592484873406,3.13033777885983,-0.275046681241164));
#17642=CARTESIAN_POINT('',(2.02024183914432,3.12929088054004,-0.278292066032486));
#17643=CARTESIAN_POINT('',(2.02403452800673,3.12800770154908,-0.282269920904385));
#17644=CARTESIAN_POINT('',(2.02704899319757,3.12659489075482,-0.286649634366571));
#17645=CARTESIAN_POINT('',(2.03019855839492,3.12511876168172,-0.291225634493159));
#17646=CARTESIAN_POINT('',(2.03258542825642,3.12346329565988,-0.296357579160846));
#17647=CARTESIAN_POINT('',(2.03404904412693,3.12175683723667,-0.301647600272786));
#17648=CARTESIAN_POINT('',(2.03524983609516,3.12035681035122,-0.305987683617679));
#17649=CARTESIAN_POINT('',(2.03586726536864,3.11889735993979,-0.310511979893054));
#17650=CARTESIAN_POINT('',(2.0358672653689,3.11744961151498,-0.315000000009995));
#17651=CARTESIAN_POINT('',(1.985867265359,3.13357864376305,-0.264999999999987));
#17652=CARTESIAN_POINT('',(1.810867265369,3.133578643773,-0.26500000001));
#17653=CARTESIAN_POINT('',(1.764159265369,3.133578643773,-0.26500000001));
#17654=CARTESIAN_POINT('',(3.524393575288,4.458578643763,-1.624765690071));
#17655=CARTESIAN_POINT('',(4.414159265359,4.458578643763,-1.624765690071));
#17656=CARTESIAN_POINT('',(4.714159265359,4.458578643763,-1.624765690071));
#17657=CARTESIAN_POINT('',(5.624393575288,4.693812953692,-1.735));
#17658=CARTESIAN_POINT('',(5.614159265359,4.693812953692,-1.735));
#17659=CARTESIAN_POINT('',(5.61415926536567,3.78357864376967,-1.73500000000667));
#17660=CARTESIAN_POINT('',(5.624393575288,3.783578643763,-1.735));
#17661=CARTESIAN_POINT('',(1.47563295543,2.743812953692,-0.265));
#17662=CARTESIAN_POINT('',(1.48586726535874,3.393812953692,-0.265));
#17663=CARTESIAN_POINT('',(1.764159265359,2.743812953692,-0.265));
#17664=CARTESIAN_POINT('',(4.414159265359,3.148344333833,-1.624765690071));
#17665=CARTESIAN_POINT('',(4.414159265359,3.808578643763,-1.624765690071));
#17666=CARTESIAN_POINT('',(2.18585832821318,5.333578643763,-0.31688493072374));
#17667=CARTESIAN_POINT('',(2.18585832821318,5.083578643763,-0.31688493072374));
#17668=CARTESIAN_POINT('',(2.18586428752791,5.333578643763,-0.316256637917549));
#17669=CARTESIAN_POINT('',(2.18586428752791,5.083578643763,-0.316256637917549));
#17670=CARTESIAN_POINT('',(2.1859499828957,5.333578643763,-0.298174997289127));
#17671=CARTESIAN_POINT('',(2.1859499828957,5.083578643763,-0.298174997289127));
#17672=CARTESIAN_POINT('',(2.181271845994,5.333578643763,-0.262641713232));
#17673=CARTESIAN_POINT('',(2.181271845994,5.083578643763,-0.262641713232));
#17674=CARTESIAN_POINT('',(2.161062224683,5.333578643763,-0.2138510883448));
#17675=CARTESIAN_POINT('',(2.161062224683,5.083578643763,-0.2138510883448));
#17676=CARTESIAN_POINT('',(2.12891333197,5.333578643763,-0.1719539333888));
#17677=CARTESIAN_POINT('',(2.12891333197,5.083578643763,-0.1719539333888));
#17678=CARTESIAN_POINT('',(2.087016177014,5.333578643763,-0.1398050406763));
#17679=CARTESIAN_POINT('',(2.087016177014,5.083578643763,-0.1398050406763));
#17680=CARTESIAN_POINT('',(2.038225552127,5.333578643763,-0.1195954193648));
#17681=CARTESIAN_POINT('',(2.038225552127,5.083578643763,-0.1195954193648));
#17682=CARTESIAN_POINT('',(2.00332055787926,5.333578643763,-0.114999999999983));
#17683=CARTESIAN_POINT('',(2.00332055787926,5.083578643763,-0.114999999999983));
#17684=CARTESIAN_POINT('',(1.98586726535931,5.333578643763,-0.114999999999994));
#17685=CARTESIAN_POINT('',(1.98586726535931,5.083578643763,-0.114999999999994));
#17686=CARTESIAN_POINT('',(2.18586726535882,5.333578643763,-0.315000000000001));
#17687=CARTESIAN_POINT('',(2.18586726535864,5.333578643763,-0.297546707480021));
#17688=CARTESIAN_POINT('',(2.181271845994,5.333578643763,-0.262641713232));
#17689=CARTESIAN_POINT('',(2.161062224683,5.333578643763,-0.2138510883448));
#17690=CARTESIAN_POINT('',(2.12891333197,5.333578643763,-0.1719539333888));
#17691=CARTESIAN_POINT('',(2.087016177014,5.333578643763,-0.1398050406763));
#17692=CARTESIAN_POINT('',(2.038225552127,5.333578643763,-0.1195954193648));
#17693=CARTESIAN_POINT('',(2.00332055787926,5.333578643763,-0.114999999999983));
#17694=CARTESIAN_POINT('',(1.98586726535931,5.333578643763,-0.114999999999994));
#17695=CARTESIAN_POINT('',(2.18586726536535,5.33357864376967,-0.314999815664421));
#17696=CARTESIAN_POINT('',(1.98586726535931,5.083578643768,-0.114999999999994));
#17697=CARTESIAN_POINT('',(2.00332055787926,5.083578643768,-0.114999999999983));
#17698=CARTESIAN_POINT('',(2.038225552127,5.083578643768,-0.1195954193648));
#17699=CARTESIAN_POINT('',(2.087016177014,5.083578643768,-0.1398050406763));
#17700=CARTESIAN_POINT('',(2.12891333197,5.083578643768,-0.1719539333888));
#17701=CARTESIAN_POINT('',(2.161062224683,5.083578643768,-0.2138510883448));
#17702=CARTESIAN_POINT('',(2.181271845994,5.083578643768,-0.262641713232006));
#17703=CARTESIAN_POINT('',(2.18586726535864,5.083578643768,-0.297546707480034));
#17704=CARTESIAN_POINT('',(2.18586726535882,5.083578643768,-0.315000000000021));
#17705=CARTESIAN_POINT('',(2.18586726536561,5.08357864377133,-0.315000000006674));
#17706=CARTESIAN_POINT('',(2.185867265369,5.2085786437725,-0.31500000001));
#17707=CARTESIAN_POINT('',(4.714159265359,2.718812953692,-1.624765690071));
#17708=CARTESIAN_POINT('',(1.971396015311,0.4713418938109,-1.3017));
#17709=CARTESIAN_POINT('',(1.81415926527536,0.628578643866257,-1.64750000001));
#17710=CARTESIAN_POINT('',(1.81415926531219,0.628578643809489,-1.315));
#17711=CARTESIAN_POINT('',(1.964158618646,0.4785786437727,-1.35000000001));
#17712=CARTESIAN_POINT('',(1.9641589419975,0.4785786437627,-1.315));
#17713=CARTESIAN_POINT('',(1.96415918452863,0.478578724613074,-1.31500000001));
#17714=CARTESIAN_POINT('',(5.514159265359,4.308575619832,-1.48));
#17715=CARTESIAN_POINT('',(5.614159265359,4.308575619832,-1.48));
#17716=CARTESIAN_POINT('',(5.614159265369,3.008576463081,-1.47999999829457));
#17717=CARTESIAN_POINT('',(5.514159265359,3.00858138374874,-1.48));
#17718=CARTESIAN_POINT('',(2.861159265359,3.708578643763,-1.419765690071));
#17719=CARTESIAN_POINT('',(5.514159265369,3.708578643773,-1.48000000001));
#17720=CARTESIAN_POINT('',(5.564159965369,3.708578643773,-1.47999999926248));
#17721=CARTESIAN_POINT('',(5.56415856788863,3.708578643763,-1.595234309929));
#17722=CARTESIAN_POINT('',(5.009460265359,3.708578643768,-1.48500022875979));
#17723=CARTESIAN_POINT('',(5.0315878678458,3.708578643768,-1.48500022876006));
#17724=CARTESIAN_POINT('',(5.075840948605,3.708578643768,-1.490910425822));
#17725=CARTESIAN_POINT('',(5.125704694822,3.708578643768,-1.511892289471));
#17726=CARTESIAN_POINT('',(5.15196010034083,3.708578643768,-1.5293786139685));
#17727=CARTESIAN_POINT('',(5.15945462451209,3.708578643768,-1.53499999999977));
#17728=CARTESIAN_POINT('',(5.00945955704124,3.708578643763,-1.4850001143804));
#17729=CARTESIAN_POINT('',(4.239159265369,3.708578643773,-1.48500000001));
#17730=CARTESIAN_POINT('',(5.314159265359,3.123344333833,-1.871496991422));
#17731=CARTESIAN_POINT('',(5.314159265369,3.9085786437725,-1.881731301361));
#17732=CARTESIAN_POINT('',(5.31415926536898,3.78357864376967,-1.88173130135789));
#17733=CARTESIAN_POINT('',(5.314159265359,3.783578643763,-1.724765690071));
#17734=CARTESIAN_POINT('',(2.035867265359,5.442578643763,-0.3047656900707));
#17735=CARTESIAN_POINT('',(2.035867265369,2.433578643773,-0.42000000001));
#17736=CARTESIAN_POINT('',(2.035867265359,2.433578643763,-0.42));
#17737=CARTESIAN_POINT('',(2.035867265369,3.90857864377285,-0.42000000001));
#17738=CARTESIAN_POINT('',(2.03586726535881,2.74980445021458,-0.314999999999999));
#17739=CARTESIAN_POINT('',(2.03586726535881,2.73357864376291,-0.314999999999999));
#17740=CARTESIAN_POINT('',(2.03586726535857,2.74980445021458,-0.308455015305037));
#17741=CARTESIAN_POINT('',(2.03586726535857,2.73357864376291,-0.308455015305037));
#17742=CARTESIAN_POINT('',(2.03326382748299,2.74980445021458,-0.295368097043389));
#17743=CARTESIAN_POINT('',(2.03326382748299,2.73357864376291,-0.295368097043389));
#17744=CARTESIAN_POINT('',(2.022143157678,2.74980445021458,-0.2787241076812));
#17745=CARTESIAN_POINT('',(2.022143157678,2.73357864376291,-0.2787241076812));
#17746=CARTESIAN_POINT('',(2.005499168316,2.74980445021458,-0.2676034378758));
#17747=CARTESIAN_POINT('',(2.005499168316,2.73357864376291,-0.2676034378758));
#17748=CARTESIAN_POINT('',(1.99225520703466,2.74980445021458,-0.26496875874548));
#17749=CARTESIAN_POINT('',(1.99225520703466,2.7335786437629,-0.26496875874548));
#17750=CARTESIAN_POINT('',(1.9855531052149,2.74980445021458,-0.265000749790081));
#17751=CARTESIAN_POINT('',(1.9855531052149,2.73357864376291,-0.265000749790081));
#17752=CARTESIAN_POINT('',(1.98539603068435,2.74980445021458,-0.265002250740717));
#17753=CARTESIAN_POINT('',(1.98539603068435,2.73357864376291,-0.265002250740717));
#17754=CARTESIAN_POINT('',(1.985867265369,2.73357864377296,-0.265000000009999));
#17755=CARTESIAN_POINT('',(1.99145836385857,2.733578643773,-0.265000000010122));
#17756=CARTESIAN_POINT('',(1.99712549285552,2.733578643773,-0.265967431394157));
#17757=CARTESIAN_POINT('',(2.00240280183418,2.733578643773,-0.267814156133753));
#17758=CARTESIAN_POINT('',(2.00768056237891,2.733578643773,-0.26966103889295));
#17759=CARTESIAN_POINT('',(2.01270803379719,2.733578643773,-0.272451631084618));
#17760=CARTESIAN_POINT('',(2.01707798397065,2.733578643773,-0.275940078844761));
#17761=CARTESIAN_POINT('',(2.0214517345006,2.733578643773,-0.279431560356901));
#17762=CARTESIAN_POINT('',(2.02527765950764,2.733578643773,-0.283731466499135));
#17763=CARTESIAN_POINT('',(2.02824770192972,2.733578643773,-0.288474775982911));
#17764=CARTESIAN_POINT('',(2.03121489821044,2.733578643773,-0.293213540033539));
#17765=CARTESIAN_POINT('',(2.03340457410328,2.733578643773,-0.298530137629675));
#17766=CARTESIAN_POINT('',(2.03463554694203,2.733578643773,-0.303984021050331));
#17767=CARTESIAN_POINT('',(2.03544903801606,2.733578643773,-0.307588231754109));
#17768=CARTESIAN_POINT('',(2.03586726536867,2.733578643773,-0.311305124839612));
#17769=CARTESIAN_POINT('',(2.0358672653689,2.733578643773,-0.31500000001));
#17770=CARTESIAN_POINT('',(2.862159265359,5.572578643763,-1.38));
#17771=CARTESIAN_POINT('',(5.514159266128,3.908578643773,-1.38000000001));
#17772=CARTESIAN_POINT('',(3.184159265359,3.368812953692,-1.635));
#17773=CARTESIAN_POINT('',(4.414159265359,3.368812953692,-1.635));
#17774=CARTESIAN_POINT('',(4.714159265359,3.368812953692,-1.635));
#17775=CARTESIAN_POINT('',(2.035867265359,5.442578643763,-0.3047656900707));
#17776=CARTESIAN_POINT('',(2.035867265369,3.90857864377285,-0.42000000001));
#17777=CARTESIAN_POINT('',(2.035867265359,3.133578643763,-0.42));
#17778=CARTESIAN_POINT('',(2.035867265369,3.133578643773,-0.26750000001));
#17779=CARTESIAN_POINT('',(2.0358672653589,3.133578643763,-0.315));
#17780=CARTESIAN_POINT('',(2.035867265369,3.908578643773,-0.31500000001));
#17781=CARTESIAN_POINT('',(3.184159265359,3.368812953692,-1.635));
#17782=CARTESIAN_POINT('',(3.184159265359,4.458578643763,-1.635));
#17783=CARTESIAN_POINT('',(3.184159265359,4.658578643763,-1.635));
#17784=CARTESIAN_POINT('',(2.862159265359,5.572578643763,-1.38));
#17785=CARTESIAN_POINT('',(2.862159265359,3.50857794633176,-1.38));
#17786=CARTESIAN_POINT('',(2.035867265359,5.442578643763,-0.3047656900707));
#17787=CARTESIAN_POINT('',(2.035867265369,3.90857864377285,-0.42000000001));
#17788=CARTESIAN_POINT('',(2.035867265359,4.433578643763,-0.42));
#17789=CARTESIAN_POINT('',(2.035867265369,4.433578643773,-0.26750000001));
#17790=CARTESIAN_POINT('',(2.862159265359,5.46581494404383,-1.37276280038816));
#17791=CARTESIAN_POINT('',(2.861159265359,5.408578643763,-1.43000069745841));
#17792=CARTESIAN_POINT('',(5.51415926574851,5.408578643773,-1.42999930011522));
#17793=CARTESIAN_POINT('',(5.514159265359,5.38357826996574,-1.45500176872095));
#17794=CARTESIAN_POINT('',(2.862159265359,5.45857794633115,-1.38));
#17795=CARTESIAN_POINT('',(2.35392495543,5.658578643763,-0.4302343099293));
#17796=CARTESIAN_POINT('',(1.964159265359,5.658578643763,-2.03));
#17797=CARTESIAN_POINT('',(1.764159265369,5.65857864376967,-2.03000000000333));
#17798=CARTESIAN_POINT('',(1.764159265359,5.658578643763,-0.4302343099293));
#17799=CARTESIAN_POINT('',(1.76415926536567,5.65857864376967,-0.420000000006667));
#17800=CARTESIAN_POINT('',(1.384159265359,5.658578643763,-0.42));
#17801=CARTESIAN_POINT('',(1.41415926536567,5.65857864376967,-0.420000000006667));
#17802=CARTESIAN_POINT('',(1.414159265359,5.658578643763,-0.4302343099293));
#17803=CARTESIAN_POINT('',(5.566159265359,3.00134234348063,-1.37276280038937));
#17804=CARTESIAN_POINT('',(5.514159265359,3.0835790175586,-1.45500176872206));
#17805=CARTESIAN_POINT('',(5.51415926562201,3.058578643773,-1.42999930001022));
#17806=CARTESIAN_POINT('',(2.861159265359,3.058578643763,-1.43000069746117));
#17807=CARTESIAN_POINT('',(1.420867265359,3.383578643763,-0.1047656900707));
#17808=CARTESIAN_POINT('',(1.435867265369,3.383578643773,-0.22000000001));
#17809=CARTESIAN_POINT('',(1.43586726535903,3.383578643763,-0.219999999999936));
#17810=CARTESIAN_POINT('',(1.435867265369,3.383578643773,-0.26750000001));
#17811=CARTESIAN_POINT('',(2.164159265369,3.383578643773,-0.42000000001));
#17812=CARTESIAN_POINT('',(2.035867265359,3.383578643763,-0.42));
#17813=CARTESIAN_POINT('',(2.035867265369,3.383578643773,-0.36750000001));
#17814=CARTESIAN_POINT('',(5.35455703953697,5.083578643763,-1.88499974091445));
#17815=CARTESIAN_POINT('',(5.35455703953697,5.333578643763,-1.88499974091445));
#17816=CARTESIAN_POINT('',(5.3545161148106,5.083578643763,-1.88499976113155));
#17817=CARTESIAN_POINT('',(5.3545161148106,5.333578643763,-1.88499976113155));
#17818=CARTESIAN_POINT('',(5.34099140532808,5.083578643763,-1.88500310167386));
#17819=CARTESIAN_POINT('',(5.34099140532808,5.333578643763,-1.88500310167386));
#17820=CARTESIAN_POINT('',(5.32746709263171,5.083578643763,-1.8839024676773));
#17821=CARTESIAN_POINT('',(5.32746709263171,5.333578643763,-1.8839024676773));
#17822=CARTESIAN_POINT('',(5.31415926536971,5.083578643763,-1.88173130135345));
#17823=CARTESIAN_POINT('',(5.31415926536971,5.333578643763,-1.88173130135345));
#17824=CARTESIAN_POINT('',(5.354437088671,5.2085786437725,-1.88500000001));
#17825=CARTESIAN_POINT('',(5.35443708866767,5.33357864376967,-1.8849999618835));
#17826=CARTESIAN_POINT('',(5.314159265369,5.2085786437725,-1.881731301361));
#17827=CARTESIAN_POINT('',(5.31415926536898,5.33357864376967,-1.88173130135789));
#17828=CARTESIAN_POINT('',(5.31415926536895,5.333578643773,-1.88173130136134));
#17829=CARTESIAN_POINT('',(5.31918844083217,5.333578643773,-1.88255180884869));
#17830=CARTESIAN_POINT('',(5.324244990355,5.333578643773,-1.88321923054375));
#17831=CARTESIAN_POINT('',(5.32931482483078,5.333578643773,-1.88373169202011));
#17832=CARTESIAN_POINT('',(5.33765706482907,5.333578643773,-1.88457492992976));
#17833=CARTESIAN_POINT('',(5.34605233951644,5.333578643773,-1.88499986648284));
#17834=CARTESIAN_POINT('',(5.354437088671,5.333578643773,-1.8849999618835));
#17835=CARTESIAN_POINT('',(3.20392495543,4.008578643763,-1.624765690071));
#17836=CARTESIAN_POINT('',(3.514159265369,4.008578643773,-1.80750000001));
#17837=CARTESIAN_POINT('',(3.184159265359,3.368812953692,-1.635));
#17838=CARTESIAN_POINT('',(4.564159265369,3.158578643773,-1.63500000001));
#17839=CARTESIAN_POINT('',(4.71415926536567,3.15857864376967,-1.63500000000667));
#17840=CARTESIAN_POINT('',(4.414159265359,3.158578643763,-1.635));
#17841=CARTESIAN_POINT('',(4.414159265369,3.2585786437725,-1.63500000001));
#17842=CARTESIAN_POINT('',(4.41415926536567,3.35857864376967,-1.63500000000667));
#17843=CARTESIAN_POINT('',(3.184159265359,3.358578643763,-1.635));
#17844=CARTESIAN_POINT('',(4.71415926536567,3.35857864376967,-1.63500000000667));
#17845=CARTESIAN_POINT('',(4.714159265359,3.368812953692,-1.635));
#17846=CARTESIAN_POINT('',(4.724393575288,3.808578643763,-1.624765690071));
#17847=CARTESIAN_POINT('',(4.714159265359,3.808578643763,-1.624765690071));
#17848=CARTESIAN_POINT('',(1.814159265359,7.319778643763,-2.0953));
#17849=CARTESIAN_POINT('',(1.814159265369,1.02857864377285,-1.31500000001));
#17850=CARTESIAN_POINT('',(2.035867265359,5.442578643763,-0.3047656900707));
#17851=CARTESIAN_POINT('',(2.035867265369,3.90857864377285,-0.42000000001));
#17852=CARTESIAN_POINT('',(1.420867265359,2.733578643763,-0.1047656900707));
#17853=CARTESIAN_POINT('',(5.471396015311,2.733578643763,-1.847763250048));
#17854=CARTESIAN_POINT('',(5.614159265359,2.733578643763,-1.890234309929));
#17855=CARTESIAN_POINT('',(5.61415926536567,2.73357864376967,-1.73500000000667));
#17856=CARTESIAN_POINT('',(5.624393575288,2.733578643763,-1.735));
#17857=CARTESIAN_POINT('',(5.314159265359,3.123344333833,-1.871496991422));
#17858=CARTESIAN_POINT('',(5.314159265359,5.333578643763,-1.871496991422));
#17859=CARTESIAN_POINT('',(1.996101575288,2.743812953692,-0.115));
#17860=CARTESIAN_POINT('',(1.435867265359,3.393812953692,-0.1497656900707));
#17861=CARTESIAN_POINT('',(1.435867265359,2.733578643763,-0.1497656900707));
#17862=CARTESIAN_POINT('',(1.43586726536553,2.73357864376967,-0.220000000003449));
#17863=CARTESIAN_POINT('',(1.435867265359,3.393812953692,-0.21999999999977));
#17864=CARTESIAN_POINT('',(1.996101575288,2.743812953692,-0.115));
#17865=CARTESIAN_POINT('',(1.810867265369,2.733578643773,-0.11500000001));
#17866=CARTESIAN_POINT('',(1.985867265359,2.733578643763,-0.115));
#17867=CARTESIAN_POINT('',(1.985867265369,2.6085786437725,-0.11500000001));
#17868=CARTESIAN_POINT('',(3.524393575288,4.458578643763,-1.624765690071));
#17869=CARTESIAN_POINT('',(1.435867265359,3.393812953692,-0.1497656900707));
#17870=CARTESIAN_POINT('',(1.435867265359,3.393812953692,-0.21999999999977));
#17871=CARTESIAN_POINT('',(1.435867265359,3.393812953692,-0.1497656900707));
#17872=CARTESIAN_POINT('',(1.435867265359,5.333578643763,-0.1497656900707));
#17873=CARTESIAN_POINT('',(1.435867265359,5.083578643763,-0.1497656900707));
#17874=CARTESIAN_POINT('',(1.964159265359,1.778578643763,-1.78262203094215));
#17875=CARTESIAN_POINT('',(2.861159265359,3.458578643763,-1.645234309929));
#17876=CARTESIAN_POINT('',(5.56415856789065,3.458578643763,-1.469765690071));
#17877=CARTESIAN_POINT('',(2.862159265359,3.458578643763,-1.43000069745902));
#17878=CARTESIAN_POINT('',(5.00945973412595,3.458578643763,-1.48500022875979));
#17879=CARTESIAN_POINT('',(5.06336471493765,3.458578643763,-1.48500022876045));
#17880=CARTESIAN_POINT('',(5.1163311700914,3.458578643763,-1.50265457302421));
#17881=CARTESIAN_POINT('',(5.15945462451154,3.458578643763,-1.53499999999936));
#17882=CARTESIAN_POINT('',(1.914159265359,0.3413786437627,-1.257549523397));
#17883=CARTESIAN_POINT('',(1.914159265369,0.7785786437727,-0.72000000001));
#17884=CARTESIAN_POINT('',(1.914159265359,0.7785786437627,-0.42));
#17885=CARTESIAN_POINT('',(1.914159265359,0.4785786437627,-0.72));
#17886=CARTESIAN_POINT('',(1.914159265369,0.4785786437727,-0.8305634918713));
#17887=CARTESIAN_POINT('',(1.914159265359,0.4785786437627,-1.241126983722));
#17888=CARTESIAN_POINT('',(1.914159265369,0.6785786437727,-1.241126983732));
#17889=CARTESIAN_POINT('',(1.914159265359,0.537157287525395,-1.09970562748484));
#17890=CARTESIAN_POINT('',(1.914159265369,1.143639610317,-0.4932233047134));
#17891=CARTESIAN_POINT('',(1.914159265359,1.14363961030668,-0.493223304703382));
#17892=CARTESIAN_POINT('',(1.914159265369,1.320416305613,-0.67000000001));
#17893=CARTESIAN_POINT('',(1.914159265359,1.320416305603,-0.42));
#17894=CARTESIAN_POINT('',(1.914159265369,3.90857864377285,-0.42000000001));
#17895=CARTESIAN_POINT('',(5.30392495543,4.683578643763,-1.724765690071));
#17896=CARTESIAN_POINT('',(5.444393575288,4.683578643763,-1.885));
#17897=CARTESIAN_POINT('',(5.514159265359,4.683578643763,-1.88));
#17898=CARTESIAN_POINT('',(5.614159265369,4.68357864376967,-1.88000000000333));
#17899=CARTESIAN_POINT('',(5.614159265369,4.683578643773,-1.85750000001));
#17900=CARTESIAN_POINT('',(5.614159265359,4.683578643763,-1.735));
#17901=CARTESIAN_POINT('',(5.464159265369,4.683578643773,-1.73500000001));
#17902=CARTESIAN_POINT('',(5.434159265359,4.683578643763,-1.735));
#17903=CARTESIAN_POINT('',(5.464159265369,4.683578643773,-1.76500000001));
#17904=CARTESIAN_POINT('',(5.464159265359,4.683578643763,-1.765));
#17905=CARTESIAN_POINT('',(5.464159265369,4.683578643773,-1.85750000001));
#17906=CARTESIAN_POINT('',(2.862159265359,3.51581494404383,-1.37276280038877));
#17907=CARTESIAN_POINT('',(5.62139646496963,5.46581494404464,-1.469765690071));
#17908=CARTESIAN_POINT('',(5.56415856789856,5.408578643763,-1.469765690071));
#17909=CARTESIAN_POINT('',(5.56415946861314,5.40857867280786,-1.4799999995115));
#17910=CARTESIAN_POINT('',(5.5641593815085,5.40857865828918,-1.53500000001));
#17911=CARTESIAN_POINT('',(5.18925978144264,5.03369031601447,-1.16010051608364));
#17912=CARTESIAN_POINT('',(5.61415926536905,5.45857864377267,-1.58500000000994));
#17913=CARTESIAN_POINT('',(5.614159265359,5.45857794633318,-1.469765690071));
#17914=CARTESIAN_POINT('',(5.53915749663703,5.38357826996676,-1.48));
#17915=CARTESIAN_POINT('',(2.862159265359,2.86581494404383,-1.37276280038877));
#17916=CARTESIAN_POINT('',(2.185867265359,4.043812953692,-0.4302343099293));
#17917=CARTESIAN_POINT('',(2.185867265359,5.083578643763,-0.1047656900707));
#17918=CARTESIAN_POINT('',(2.18586726536567,5.08357864376967,-0.420000000006667));
#17919=CARTESIAN_POINT('',(2.185867265359,4.043812953692,-0.42));
#17920=CARTESIAN_POINT('',(2.18586726536567,5.33357864376967,-0.420000000006667));
#17921=CARTESIAN_POINT('',(2.185867265359,5.333578643763,-0.4302343099293));
#17922=CARTESIAN_POINT('',(5.574393575288,5.468578643763,-1.535));
#17923=CARTESIAN_POINT('',(5.159454624522,3.908578643773,-1.53500000001));
#17924=CARTESIAN_POINT('',(5.15945462451207,2.408578643763,-1.5349999999999));
#17925=CARTESIAN_POINT('',(4.239159265369,2.408578643773,-1.53500000001));
#17926=CARTESIAN_POINT('',(5.564159265359,5.468578643763,-1.535));
#17927=CARTESIAN_POINT('',(5.556922515407,4.298344333833,-1.527763250048));
#17928=CARTESIAN_POINT('',(5.62239552032296,3.00034331598915,-1.59323625496396));
#17929=CARTESIAN_POINT('',(5.614159265369,3.0085788182855,-1.58500000001));
#17930=CARTESIAN_POINT('',(5.614159265359,4.298344333833,-1.585));
#17931=CARTESIAN_POINT('',(5.61415926536905,3.50857864377267,-1.58500000000995));
#17932=CARTESIAN_POINT('',(5.83925373671883,3.73366613814682,-1.81009447135983));
#17933=CARTESIAN_POINT('',(1.428260162698,3.393812953692,-0.2131536076048));
#17934=CARTESIAN_POINT('',(2.185867265359,4.043812953692,-0.4302343099293));
#17935=CARTESIAN_POINT('',(2.185867265369,4.5585786437725,-0.31500000001));
#17936=CARTESIAN_POINT('',(2.18586726536561,4.433578643768,-0.315000000003341));
#17937=CARTESIAN_POINT('',(2.185867265359,4.433578643763,-0.1047656900707));
#17938=CARTESIAN_POINT('',(2.18586726536567,4.43357864376967,-0.420000000006667));
#17939=CARTESIAN_POINT('',(2.185867265359,4.043812953692,-0.42));
#17940=CARTESIAN_POINT('',(1.420867265359,5.333578643763,-0.1047656900707));
#17941=CARTESIAN_POINT('',(5.471396015311,5.333578643763,-1.847763250048));
#17942=CARTESIAN_POINT('',(5.43415931620433,5.33357864376967,-1.88499994917467));
#17943=CARTESIAN_POINT('',(5.444393575288,5.333578643763,-1.885));
#17944=CARTESIAN_POINT('',(5.514159265359,5.333578643763,-1.88));
#17945=CARTESIAN_POINT('',(5.614159265369,5.33357864376967,-1.88000000000333));
#17946=CARTESIAN_POINT('',(5.614159265359,5.333578643763,-1.890234309929));
#17947=CARTESIAN_POINT('',(1.964159265359,2.158578643763,-2.03));
#17948=CARTESIAN_POINT('',(1.964159265369,2.158578643773,-2.03000000001));
#17949=CARTESIAN_POINT('',(1.764159265359,2.158578643763,-2.03));
#17950=CARTESIAN_POINT('',(1.764159265369,3.908578643773,-2.03000000001));
#17951=CARTESIAN_POINT('',(5.514159265359,5.4085771986503,-1.48));
#17952=CARTESIAN_POINT('',(5.514159265369,5.408578643773,-1.48000000001));
#17953=CARTESIAN_POINT('',(5.62139646496977,3.00134234347128,-1.595234309929));
#17954=CARTESIAN_POINT('',(5.614159265359,3.00857934118289,-1.595234309929));
#17955=CARTESIAN_POINT('',(5.56415856788863,3.058578643763,-1.595234309929));
#17956=CARTESIAN_POINT('',(5.564159965369,3.058578643773,-1.47999999926248));
#17957=CARTESIAN_POINT('',(5.53915749663234,3.083579017554,-1.48));
#17958=CARTESIAN_POINT('',(5.444393575288,3.773344333833,-1.885));
#17959=CARTESIAN_POINT('',(1.894159265359,1.155769256762,-0.4810936582477));
#17960=CARTESIAN_POINT('',(2.414159265369,1.14363961031666,-0.493223304713063));
#17961=CARTESIAN_POINT('',(2.414159265369,0.53715728753524,-1.09970562749484));
#17962=CARTESIAN_POINT('',(2.914159265359,2.308578643763,-1.53));
#17963=CARTESIAN_POINT('',(4.214159265369,2.308578643773,-1.38000000001));
#17964=CARTESIAN_POINT('',(2.185867265359,4.043812953692,-0.4302343099293));
#17965=CARTESIAN_POINT('',(2.185867265369,3.90857864377285,-0.42000000001));
#17966=CARTESIAN_POINT('',(5.514159265359,4.308575619832,-1.48));
#17967=CARTESIAN_POINT('',(5.614159265359,4.308575619832,-1.48));
#17968=CARTESIAN_POINT('',(5.514159265359,2.35858138374874,-1.48));
#17969=CARTESIAN_POINT('',(5.514159265999,2.35857703732683,-1.37999990552936));
#17970=CARTESIAN_POINT('',(5.514159265359,4.308575619832,-1.38));
#17971=CARTESIAN_POINT('',(1.914159265359,0.6785786437627,-1.241126983722));
#17972=CARTESIAN_POINT('',(2.164159265369,0.4785786437727,-1.241126983732));
#17973=CARTESIAN_POINT('',(5.514159265359,5.333578643763,-1.88));
#17974=CARTESIAN_POINT('',(5.514159265359,2.483578643763,-1.88));
#17975=CARTESIAN_POINT('',(5.614159265369,2.48357864376967,-1.88000000000333));
#17976=CARTESIAN_POINT('',(5.614159265359,5.333578643763,-1.88));
#17977=CARTESIAN_POINT('',(2.035867265359,5.442578643763,-0.3047656900707));
#17978=CARTESIAN_POINT('',(2.035867265369,3.90857864377285,-0.42000000001));
#17979=CARTESIAN_POINT('',(3.20392495543,4.658578643763,-1.624765690071));
#17980=CARTESIAN_POINT('',(2.862159265359,5.572578643763,-1.38));
#17981=CARTESIAN_POINT('',(2.862159265359,4.80857794633115,-1.38));
#17982=CARTESIAN_POINT('',(5.514159265359,4.308575619832,-1.38));
#17983=CARTESIAN_POINT('',(5.514159265359,4.308575619832,-1.48));
#17984=CARTESIAN_POINT('',(5.614159265359,4.308575619832,-1.48));
#17985=CARTESIAN_POINT('',(2.164159265359,5.72629107820977,-1.78262203094215));
#17986=CARTESIAN_POINT('',(5.464159265359,4.423344333833,-1.754765690071));
#17987=CARTESIAN_POINT('',(5.464159265369,4.5585786437725,-1.76500000001));
#17988=CARTESIAN_POINT('',(4.414159265359,3.148344333833,-1.624765690071));
#17989=CARTESIAN_POINT('',(5.009460265359,4.108578643763,-1.48500022875979));
#17990=CARTESIAN_POINT('',(5.009460265359,3.708578643763,-1.48500022875979));
#17991=CARTESIAN_POINT('',(5.0315878678458,4.108578643763,-1.48500022876006));
#17992=CARTESIAN_POINT('',(5.0315878678458,3.708578643763,-1.48500022876006));
#17993=CARTESIAN_POINT('',(5.075840948605,4.108578643763,-1.490910425822));
#17994=CARTESIAN_POINT('',(5.075840948605,3.708578643763,-1.490910425822));
#17995=CARTESIAN_POINT('',(5.125704694822,4.108578643763,-1.511892289471));
#17996=CARTESIAN_POINT('',(5.125704694822,3.708578643763,-1.511892289471));
#17997=CARTESIAN_POINT('',(5.15196010034083,4.108578643763,-1.5293786139685));
#17998=CARTESIAN_POINT('',(5.15196010034083,3.708578643763,-1.5293786139685));
#17999=CARTESIAN_POINT('',(5.15945462451209,4.108578643763,-1.53499999999977));
#18000=CARTESIAN_POINT('',(5.15945462451209,3.708578643763,-1.53499999999977));
#18001=CARTESIAN_POINT('',(5.009459557051,3.9085786437725,-1.48500000001));
#18002=CARTESIAN_POINT('',(4.724393575288,5.108578643763,-1.624765690071));
#18003=CARTESIAN_POINT('',(3.514159265359,4.018812953692,-1.624765690071));
#18004=CARTESIAN_POINT('',(5.35455703953697,3.783578643763,-1.88499974091445));
#18005=CARTESIAN_POINT('',(5.35455703953697,4.033578643763,-1.88499974091445));
#18006=CARTESIAN_POINT('',(5.3545161148106,3.783578643763,-1.88499976113155));
#18007=CARTESIAN_POINT('',(5.3545161148106,4.033578643763,-1.88499976113155));
#18008=CARTESIAN_POINT('',(5.34099140532808,3.783578643763,-1.88500310167386));
#18009=CARTESIAN_POINT('',(5.34099140532808,4.033578643763,-1.88500310167386));
#18010=CARTESIAN_POINT('',(5.32746709263171,3.783578643763,-1.8839024676773));
#18011=CARTESIAN_POINT('',(5.32746709263171,4.033578643763,-1.8839024676773));
#18012=CARTESIAN_POINT('',(5.31415926536971,3.783578643763,-1.88173130135345));
#18013=CARTESIAN_POINT('',(5.31415926536971,4.033578643763,-1.88173130135345));
#18014=CARTESIAN_POINT('',(5.354437088671,3.9085786437725,-1.88500000001));
#18015=CARTESIAN_POINT('',(5.35443708866003,3.783578643763,-1.88499988561187));
#18016=CARTESIAN_POINT('',(5.35443708867003,3.783578643773,-1.88499988562187));
#18017=CARTESIAN_POINT('',(5.34934138990991,3.783578643773,-1.88499982878139));
#18018=CARTESIAN_POINT('',(5.34424331258736,3.783578643773,-1.88484307201808));
#18019=CARTESIAN_POINT('',(5.33915718399943,3.783578643773,-1.88453091527164));
#18020=CARTESIAN_POINT('',(5.33078819795927,3.783578643773,-1.88401727598624));
#18021=CARTESIAN_POINT('',(5.3224345866203,3.783578643773,-1.8830814164835));
#18022=CARTESIAN_POINT('',(5.31415926536895,3.783578643773,-1.88173130136134));
#18023=CARTESIAN_POINT('',(5.624393575288,2.483578643763,-1.724765690071));
#18024=CARTESIAN_POINT('',(5.614159265369,2.483578643773,-1.85750000001));
#18025=CARTESIAN_POINT('',(5.61415926536567,2.48357864376967,-1.73500000000667));
#18026=CARTESIAN_POINT('',(5.464159265369,2.483578643773,-1.85500000001));
#18027=CARTESIAN_POINT('',(5.624393575288,2.483578643763,-1.735));
#18028=CARTESIAN_POINT('',(4.414159265359,3.148344333833,-1.624765690071));
#18029=CARTESIAN_POINT('',(2.026159265359,2.158578643763,-2.5212));
#18030=CARTESIAN_POINT('',(2.468646228689,2.158578643763,-0.2058017251726));
#18031=CARTESIAN_POINT('',(2.36415926536634,2.15857864376967,-0.420000000008621));
#18032=CARTESIAN_POINT('',(2.026159265359,2.158578643763,-0.42));
#18033=CARTESIAN_POINT('',(5.514159265359,2.40858008887515,-1.48));
#18034=CARTESIAN_POINT('',(5.514159265369,2.408578643773,-1.48000000001));
#18035=CARTESIAN_POINT('',(5.51415926562201,2.408578643773,-1.42999930001022));
#18036=CARTESIAN_POINT('',(5.514159265359,2.4335790175586,-1.45500176872206));
#18037=CARTESIAN_POINT('',(4.40392495543,5.308578643763,-1.624765690071));
#18038=CARTESIAN_POINT('',(3.214159265359,5.308578643763,-1.624765690071));
#18039=CARTESIAN_POINT('',(5.62139646496977,3.65134234347128,-1.595234309929));
#18040=CARTESIAN_POINT('',(5.614159265359,3.65857934118289,-1.595234309929));
#18041=CARTESIAN_POINT('',(5.614159265369,3.6585788182855,-1.58500000001));
#18042=CARTESIAN_POINT('',(5.62239552032296,3.65034331598915,-1.59323625496396));
#18043=CARTESIAN_POINT('',(5.53915749663234,3.733579017554,-1.48));
#18044=CARTESIAN_POINT('',(2.862159265359,4.81581494404383,-1.37276280038816));
#18045=CARTESIAN_POINT('',(2.861159265359,4.758578643763,-1.43000069745841));
#18046=CARTESIAN_POINT('',(1.428260162698,3.393812953692,-0.2131536076048));
#18047=CARTESIAN_POINT('',(1.428260162698,2.733578643763,-0.2131536076048));
#18048=CARTESIAN_POINT('',(1.48586726536217,2.73357864376967,-0.265000000006851));
#18049=CARTESIAN_POINT('',(1.48586726535874,3.393812953692,-0.265));
#18050=CARTESIAN_POINT('',(2.514159265359,5.508578643763,-0.42));
#18051=CARTESIAN_POINT('',(2.514159265369,5.658578643773,-0.31750000001));
#18052=CARTESIAN_POINT('',(2.514159265359,5.658578643763,-0.42));
#18053=CARTESIAN_POINT('',(2.664159265369,5.508578643773,-0.31750000001));
#18054=CARTESIAN_POINT('',(2.664159265359,5.508578643763,-0.42));
#18055=CARTESIAN_POINT('',(2.514159265369,5.508578643773,-0.42000000001));
#18056=CARTESIAN_POINT('',(2.03586726535881,3.1335786437631,-0.314999999999987));
#18057=CARTESIAN_POINT('',(2.03586726535881,3.11735283731142,-0.314999999999987));
#18058=CARTESIAN_POINT('',(2.03586726535857,3.1335786437631,-0.308455015305029));
#18059=CARTESIAN_POINT('',(2.03586726535857,3.11735283731142,-0.308455015305029));
#18060=CARTESIAN_POINT('',(2.03326382748299,3.13357864376309,-0.295368097043385));
#18061=CARTESIAN_POINT('',(2.03326382748299,3.11735283731142,-0.295368097043385));
#18062=CARTESIAN_POINT('',(2.022143157678,3.1335786437631,-0.2787241076812));
#18063=CARTESIAN_POINT('',(2.022143157678,3.11735283731142,-0.2787241076812));
#18064=CARTESIAN_POINT('',(2.005499168316,3.1335786437631,-0.2676034378758));
#18065=CARTESIAN_POINT('',(2.005499168316,3.11735283731142,-0.2676034378758));
#18066=CARTESIAN_POINT('',(1.99225520703466,3.1335786437631,-0.26496875874548));
#18067=CARTESIAN_POINT('',(1.99225520703466,3.11735283731142,-0.26496875874548));
#18068=CARTESIAN_POINT('',(1.9855531052149,3.1335786437631,-0.265000749790081));
#18069=CARTESIAN_POINT('',(1.9855531052149,3.11735283731142,-0.265000749790081));
#18070=CARTESIAN_POINT('',(1.98539603068435,3.1335786437631,-0.265002250740717));
#18071=CARTESIAN_POINT('',(1.98539603068435,3.11735283731142,-0.265002250740717));
#18072=CARTESIAN_POINT('',(2.0358672653689,3.133578643773,-0.31500000001));
#18073=CARTESIAN_POINT('',(2.03586726536848,3.133578643773,-0.309408901519974));
#18074=CARTESIAN_POINT('',(2.03489983398434,3.133578643773,-0.303741772522563));
#18075=CARTESIAN_POINT('',(2.03305310924448,3.133578643773,-0.298464463543514));
#18076=CARTESIAN_POINT('',(2.03120622648501,3.133578643773,-0.293186702998361));
#18077=CARTESIAN_POINT('',(2.02841563429292,3.133578643773,-0.28815923157972));
#18078=CARTESIAN_POINT('',(2.02492718653228,3.133578643773,-0.283789281406036));
#18079=CARTESIAN_POINT('',(2.02143570501987,3.133578643773,-0.279415530876158));
#18080=CARTESIAN_POINT('',(2.01713579887736,3.133578643773,-0.275589605869226));
#18081=CARTESIAN_POINT('',(2.01239248939333,3.133578643773,-0.272619563447346));
#18082=CARTESIAN_POINT('',(2.00765372534257,3.133578643773,-0.269652367166897));
#18083=CARTESIAN_POINT('',(2.00233712774634,3.133578643773,-0.267462691274369));
#18084=CARTESIAN_POINT('',(1.99688324432564,3.133578643773,-0.266231718435949));
#18085=CARTESIAN_POINT('',(1.99327903362282,3.133578643773,-0.265418227362363));
#18086=CARTESIAN_POINT('',(1.98956214053835,3.133578643773,-0.265000000009985));
#18087=CARTESIAN_POINT('',(1.985867265369,3.13357864377305,-0.265000000009987));
#18088=CARTESIAN_POINT('',(1.971396015311,6.221578643763,-2.237236749952));
#18089=CARTESIAN_POINT('',(1.964159265369,6.238578643773,-2.23000000001));
#18090=CARTESIAN_POINT('',(2.35392495543,5.658578643763,-0.4302343099293));
#18091=CARTESIAN_POINT('',(2.164159265369,5.658578643773,-0.42000000001));
#18092=CARTESIAN_POINT('',(2.364159265359,5.658578643763,-0.42));
#18093=CARTESIAN_POINT('',(2.464159265369,5.658578643773,-0.21500000001));
#18094=CARTESIAN_POINT('',(5.514159265359,4.308575619832,-1.48));
#18095=CARTESIAN_POINT('',(5.514159265369,4.308575619842,-1.48000000001));
#18096=CARTESIAN_POINT('',(5.614159265369,3.908578643773,-1.479999998515));
#18097=CARTESIAN_POINT('',(1.414159265359,7.038578643763,-0.72));
#18098=CARTESIAN_POINT('',(2.164159265369,7.038578643773,-0.42000000001));
#18099=CARTESIAN_POINT('',(1.414159265359,7.038578643763,-0.42));
#18100=CARTESIAN_POINT('',(2.164159265369,7.338578643773,-0.72000000001));
#18101=CARTESIAN_POINT('',(1.414159265359,7.338578643763,-0.72));
#18102=CARTESIAN_POINT('',(1.414159265369,7.038578643773,-0.72000000001));
#18103=CARTESIAN_POINT('',(1.435867265359,3.393812953692,-0.1497656900707));
#18104=CARTESIAN_POINT('',(1.43586726536911,3.2585786437725,-0.220000000009873));
#18105=CARTESIAN_POINT('',(1.43586726535903,3.133578643763,-0.219999999999936));
#18106=CARTESIAN_POINT('',(1.435867265369,3.133578643773,-0.26750000001));
#18107=CARTESIAN_POINT('',(1.420867265359,5.333578643763,-0.1047656900707));
#18108=CARTESIAN_POINT('',(2.164159265369,5.333578643773,-0.42000000001));
#18109=CARTESIAN_POINT('',(2.862159265359,5.572578643763,-1.38));
#18110=CARTESIAN_POINT('',(5.566159265359,2.35134234348063,-1.37276280038937));
#18111=CARTESIAN_POINT('',(5.566159265359,2.35857934119209,-1.38));
#18112=CARTESIAN_POINT('',(2.861159265359,2.408578643763,-1.43000069746117));
#18113=CARTESIAN_POINT('',(1.414159265359,0.3413786437627,-2.3172));
#18114=CARTESIAN_POINT('',(1.414159265369,2.158578643773,-1.45000000001));
#18115=CARTESIAN_POINT('',(1.414159265359,2.158578643763,-0.42));
#18116=CARTESIAN_POINT('',(1.414159265369,3.90857864377285,-1.31500000001));
#18117=CARTESIAN_POINT('',(1.414159265359,0.4785786437627,-1.315));
#18118=CARTESIAN_POINT('',(1.414159265369,0.4785786437727,-1.35000000001));
#18119=CARTESIAN_POINT('',(1.414159265359,0.4785786437627,-0.72));
#18120=CARTESIAN_POINT('',(1.414159265369,0.7785786437727,-0.72000000001));
#18121=CARTESIAN_POINT('',(1.414159265359,0.7785786437627,-0.42));
#18122=CARTESIAN_POINT('',(1.414159265369,3.90857864377285,-0.42000000001));
#18123=CARTESIAN_POINT('',(1.414159265359,0.3413786437627,-2.3172));
#18124=CARTESIAN_POINT('',(1.414159265369,6.238578643773,-1.35000000001));
#18125=CARTESIAN_POINT('',(1.414159265369,3.90857864377285,-0.42000000001));
#18126=CARTESIAN_POINT('',(1.414159265369,7.338578643773,-1.35000000001));
#18127=CARTESIAN_POINT('',(4.724393575288,3.158578643763,-1.624765690071));
#18128=CARTESIAN_POINT('',(4.414159265369,3.158578643773,-1.80750000001));
#18129=CARTESIAN_POINT('',(4.714159265359,3.158578643763,-1.624765690071));
#18130=CARTESIAN_POINT('',(3.20392495543,3.358578643763,-1.624765690071));
#18131=CARTESIAN_POINT('',(4.714159265359,3.358578643763,-1.624765690071));
#18132=CARTESIAN_POINT('',(4.414159265359,3.358578643763,-1.624765690071));
#18133=CARTESIAN_POINT('',(4.714159265359,2.718812953692,-1.624765690071));
#18134=CARTESIAN_POINT('',(2.03586726535881,5.0835786437631,-0.314999999999987));
#18135=CARTESIAN_POINT('',(2.03586726535881,5.06735283731142,-0.314999999999987));
#18136=CARTESIAN_POINT('',(2.03586726535857,5.0835786437631,-0.308455015305029));
#18137=CARTESIAN_POINT('',(2.03586726535857,5.06735283731142,-0.308455015305029));
#18138=CARTESIAN_POINT('',(2.03326382748299,5.0835786437631,-0.295368097043385));
#18139=CARTESIAN_POINT('',(2.03326382748299,5.06735283731142,-0.295368097043385));
#18140=CARTESIAN_POINT('',(2.022143157678,5.0835786437631,-0.2787241076812));
#18141=CARTESIAN_POINT('',(2.022143157678,5.06735283731142,-0.2787241076812));
#18142=CARTESIAN_POINT('',(2.005499168316,5.0835786437631,-0.2676034378758));
#18143=CARTESIAN_POINT('',(2.005499168316,5.06735283731142,-0.2676034378758));
#18144=CARTESIAN_POINT('',(1.99225520703466,5.0835786437631,-0.264968758745481));
#18145=CARTESIAN_POINT('',(1.99225520703466,5.06735283731142,-0.264968758745481));
#18146=CARTESIAN_POINT('',(1.98555310521491,5.0835786437631,-0.265000749790081));
#18147=CARTESIAN_POINT('',(1.98555310521491,5.06735283731142,-0.265000749790081));
#18148=CARTESIAN_POINT('',(1.98539603068435,5.0835786437631,-0.265002250740717));
#18149=CARTESIAN_POINT('',(1.98539603068435,5.06735283731142,-0.265002250740717));
#18150=CARTESIAN_POINT('',(2.0358672653689,5.083578643773,-0.31500000001));
#18151=CARTESIAN_POINT('',(2.03586726536848,5.083578643773,-0.309408901519974));
#18152=CARTESIAN_POINT('',(2.03489983398434,5.083578643773,-0.303741772522563));
#18153=CARTESIAN_POINT('',(2.03305310924448,5.083578643773,-0.298464463543514));
#18154=CARTESIAN_POINT('',(2.03120622648501,5.083578643773,-0.293186702998361));
#18155=CARTESIAN_POINT('',(2.02841563429292,5.083578643773,-0.28815923157972));
#18156=CARTESIAN_POINT('',(2.02492718653228,5.083578643773,-0.283789281406036));
#18157=CARTESIAN_POINT('',(2.02143570501987,5.083578643773,-0.279415530876158));
#18158=CARTESIAN_POINT('',(2.01713579887736,5.083578643773,-0.275589605869226));
#18159=CARTESIAN_POINT('',(2.01239248939333,5.083578643773,-0.272619563447346));
#18160=CARTESIAN_POINT('',(2.00765372534257,5.083578643773,-0.269652367166897));
#18161=CARTESIAN_POINT('',(2.00233712774634,5.083578643773,-0.267462691274369));
#18162=CARTESIAN_POINT('',(1.99688324432564,5.083578643773,-0.266231718435949));
#18163=CARTESIAN_POINT('',(1.99327903362282,5.083578643773,-0.265418227362363));
#18164=CARTESIAN_POINT('',(1.98956214053835,5.083578643773,-0.265000000009985));
#18165=CARTESIAN_POINT('',(1.985867265369,5.08357864377305,-0.265000000009973));
#18166=CARTESIAN_POINT('',(1.914159265359,7.138578643763,-1.241126983722));
#18167=CARTESIAN_POINT('',(2.164159265369,7.338578643773,-1.241126983732));
#18168=CARTESIAN_POINT('',(5.314159265359,3.123344333833,-1.871496991422));
#18169=CARTESIAN_POINT('',(5.514159265359,5.333578643763,-1.88));
#18170=CARTESIAN_POINT('',(5.614159265359,5.333578643763,-1.88));
#18171=CARTESIAN_POINT('',(5.00865109075138,2.808578643763,-1.48500022875978));
#18172=CARTESIAN_POINT('',(5.00865109075138,2.408578643763,-1.48500022875978));
#18173=CARTESIAN_POINT('',(5.00892081562059,2.808578643763,-1.48500022875978));
#18174=CARTESIAN_POINT('',(5.00892081562059,2.408578643763,-1.48500022875978));
#18175=CARTESIAN_POINT('',(5.0091905404898,2.808578643763,-1.48500022875979));
#18176=CARTESIAN_POINT('',(5.0091905404898,2.408578643763,-1.48500022875979));
#18177=CARTESIAN_POINT('',(5.009460265359,2.808578643763,-1.48500022875979));
#18178=CARTESIAN_POINT('',(5.009460265359,2.408578643763,-1.48500022875979));
#18179=CARTESIAN_POINT('',(5.0315878678458,2.808578643763,-1.48500022876006));
#18180=CARTESIAN_POINT('',(5.0315878678458,2.408578643763,-1.48500022876006));
#18181=CARTESIAN_POINT('',(5.075840948605,2.808578643763,-1.490910425822));
#18182=CARTESIAN_POINT('',(5.075840948605,2.408578643763,-1.490910425822));
#18183=CARTESIAN_POINT('',(5.125704694822,2.808578643763,-1.511892289471));
#18184=CARTESIAN_POINT('',(5.125704694822,2.408578643763,-1.511892289471));
#18185=CARTESIAN_POINT('',(5.1520942046288,2.808578643763,-1.52946792857056));
#18186=CARTESIAN_POINT('',(5.1520942046288,2.408578643763,-1.52946792857056));
#18187=CARTESIAN_POINT('',(5.15971192046669,2.808578643763,-1.53519318245557));
#18188=CARTESIAN_POINT('',(5.15971192046669,2.408578643763,-1.53519318245557));
#18189=CARTESIAN_POINT('',(5.1598404288616,2.808578643763,-1.53528995933164));
#18190=CARTESIAN_POINT('',(5.1598404288616,2.408578643763,-1.53528995933164));
#18191=CARTESIAN_POINT('',(5.009460265359,2.408578643768,-1.48500022875979));
#18192=CARTESIAN_POINT('',(5.0315878678458,2.408578643768,-1.48500022876006));
#18193=CARTESIAN_POINT('',(5.075840948605,2.408578643768,-1.490910425822));
#18194=CARTESIAN_POINT('',(5.12570469482202,2.408578643768,-1.51189228947101));
#18195=CARTESIAN_POINT('',(5.15196010034087,2.408578643768,-1.52937861396852));
#18196=CARTESIAN_POINT('',(5.15945462451215,2.408578643768,-1.53499999999981));
#18197=CARTESIAN_POINT('',(1.420867265359,5.083578643763,-0.1047656900707));
#18198=CARTESIAN_POINT('',(2.164159265369,5.083578643773,-0.42000000001));
#18199=CARTESIAN_POINT('',(1.964160827465,7.088578643763,-1.98));
#18200=CARTESIAN_POINT('',(2.164159265369,7.338578643773,-1.979999998189));
#18201=CARTESIAN_POINT('',(1.971396015311,7.345815393714,-1.9933));
#18202=CARTESIAN_POINT('',(1.964159265369,7.338578643773,-1.35000000001));
#18203=CARTESIAN_POINT('',(5.426922515407,4.423344333833,-1.727763250048));
#18204=CARTESIAN_POINT('',(5.434159265369,4.5585786437725,-1.73500000001));
#18205=CARTESIAN_POINT('',(2.861159265359,5.008578643763,-1.419765690071));
#18206=CARTESIAN_POINT('',(5.56415856788863,5.008578643763,-1.595234309929));
#18207=CARTESIAN_POINT('',(5.56415926536567,5.00857864377133,-1.53500000000667));
#18208=CARTESIAN_POINT('',(4.239159265369,5.008578643773,-1.53500000001));
#18209=CARTESIAN_POINT('',(5.15945462451704,5.008578643768,-1.53500000000488));
#18210=CARTESIAN_POINT('',(5.15945462451209,5.008578643763,-1.53499999999977));
#18211=CARTESIAN_POINT('',(5.11632955683514,5.008578643763,-1.50265336297558));
#18212=CARTESIAN_POINT('',(5.06336751877332,5.008578643763,-1.48500022876043));
#18213=CARTESIAN_POINT('',(5.00945973412662,5.008578643763,-1.48500022875979));
#18214=CARTESIAN_POINT('',(5.00865591692273,5.408578643763,-1.48500022875978));
#18215=CARTESIAN_POINT('',(5.00865591692273,5.008578643763,-1.48500022875978));
#18216=CARTESIAN_POINT('',(5.00892403306815,5.408578643763,-1.48500022875978));
#18217=CARTESIAN_POINT('',(5.00892403306815,5.008578643763,-1.48500022875978));
#18218=CARTESIAN_POINT('',(5.00919214921357,5.408578643763,-1.48500022875979));
#18219=CARTESIAN_POINT('',(5.00919214921357,5.008578643763,-1.48500022875979));
#18220=CARTESIAN_POINT('',(5.009460265359,5.408578643763,-1.48500022875979));
#18221=CARTESIAN_POINT('',(5.009460265359,5.008578643763,-1.48500022875979));
#18222=CARTESIAN_POINT('',(5.0315878678458,5.408578643763,-1.48500022876006));
#18223=CARTESIAN_POINT('',(5.0315878678458,5.008578643763,-1.48500022876006));
#18224=CARTESIAN_POINT('',(5.075840948605,5.408578643763,-1.490910425822));
#18225=CARTESIAN_POINT('',(5.075840948605,5.008578643763,-1.490910425822));
#18226=CARTESIAN_POINT('',(5.125704694822,5.408578643763,-1.511892289471));
#18227=CARTESIAN_POINT('',(5.125704694822,5.008578643763,-1.511892289471));
#18228=CARTESIAN_POINT('',(5.15196010034083,5.408578643763,-1.5293786139685));
#18229=CARTESIAN_POINT('',(5.15196010034083,5.008578643763,-1.5293786139685));
#18230=CARTESIAN_POINT('',(5.15945462451209,5.408578643763,-1.53499999999977));
#18231=CARTESIAN_POINT('',(5.15945462451209,5.008578643763,-1.53499999999977));
#18232=CARTESIAN_POINT('',(5.15945462451209,5.408578643763,-1.53499999999977));
#18233=CARTESIAN_POINT('',(5.15196010034083,5.408578643763,-1.5293786139685));
#18234=CARTESIAN_POINT('',(5.125704694822,5.408578643763,-1.511892289471));
#18235=CARTESIAN_POINT('',(5.075840948605,5.408578643763,-1.490910425822));
#18236=CARTESIAN_POINT('',(5.0315878678458,5.408578643763,-1.48500022876006));
#18237=CARTESIAN_POINT('',(5.009460265359,5.408578643763,-1.48500022875979));
#18238=CARTESIAN_POINT('',(5.15945462451208,5.408578643763,-1.53499999999991));
#18239=CARTESIAN_POINT('',(5.159454624522,3.908578643773,-1.53500000001));
#18240=CARTESIAN_POINT('',(2.861159265359,2.408578643763,-1.419765690071));
#18241=CARTESIAN_POINT('',(5.62139646497185,4.16581494405478,-1.469765690071));
#18242=CARTESIAN_POINT('',(5.62258908495922,4.16700753077113,-1.59342981960022));
#18243=CARTESIAN_POINT('',(5.61415926536906,4.15857864377266,-1.58500000000995));
#18244=CARTESIAN_POINT('',(5.614159265359,4.15857794634109,-1.469765690071));
#18245=CARTESIAN_POINT('',(5.514159265359,5.333578643763,-1.88));
#18246=CARTESIAN_POINT('',(5.614159265369,3.908578643773,-1.88000000001));
#18247=CARTESIAN_POINT('',(1.914159265359,1.320416305603,-0.67));
#18248=CARTESIAN_POINT('',(2.164159265369,1.320416305613,-0.42000000001));
#18249=CARTESIAN_POINT('',(5.624393575288,4.693812953692,-1.735));
#18250=CARTESIAN_POINT('',(5.614159265359,2.192578643763,-1.735));
#18251=CARTESIAN_POINT('',(1.384159265359,7.338578643763,-2.0052));
#18252=CARTESIAN_POINT('',(2.468646228689,5.728578643763,-0.2058017251726));
#18253=CARTESIAN_POINT('',(2.364159265369,3.90857864377285,-0.42000000001));
#18254=CARTESIAN_POINT('',(4.414159265359,3.148344333833,-1.624765690071));
#18255=CARTESIAN_POINT('',(5.514159265359,3.70858008887515,-1.48));
#18256=CARTESIAN_POINT('',(5.556922515407,4.298344333833,-1.527763250048));
#18257=CARTESIAN_POINT('',(5.614159265359,4.298344333833,-1.585));
#18258=CARTESIAN_POINT('',(5.61415926536905,2.85857864377267,-1.58500000000995));
#18259=CARTESIAN_POINT('',(6.05591838847844,3.30032474552252,-2.02675912311944));
#18260=CARTESIAN_POINT('',(2.03586726535881,4.04980445021458,-0.314999999999999));
#18261=CARTESIAN_POINT('',(2.03586726535881,4.03357864376291,-0.314999999999999));
#18262=CARTESIAN_POINT('',(2.03586726535857,4.04980445021458,-0.308455015305037));
#18263=CARTESIAN_POINT('',(2.03586726535857,4.03357864376291,-0.308455015305037));
#18264=CARTESIAN_POINT('',(2.03326382748299,4.04980445021458,-0.295368097043389));
#18265=CARTESIAN_POINT('',(2.03326382748299,4.03357864376291,-0.295368097043389));
#18266=CARTESIAN_POINT('',(2.022143157678,4.04980445021458,-0.2787241076812));
#18267=CARTESIAN_POINT('',(2.022143157678,4.03357864376291,-0.2787241076812));
#18268=CARTESIAN_POINT('',(2.005499168316,4.04980445021458,-0.2676034378758));
#18269=CARTESIAN_POINT('',(2.005499168316,4.03357864376291,-0.2676034378758));
#18270=CARTESIAN_POINT('',(1.99225520703466,4.04980445021458,-0.26496875874548));
#18271=CARTESIAN_POINT('',(1.99225520703466,4.03357864376291,-0.26496875874548));
#18272=CARTESIAN_POINT('',(1.9855531052149,4.04980445021458,-0.265000749790081));
#18273=CARTESIAN_POINT('',(1.9855531052149,4.03357864376291,-0.265000749790081));
#18274=CARTESIAN_POINT('',(1.98539603068434,4.04980445021458,-0.265002250740717));
#18275=CARTESIAN_POINT('',(1.98539603068434,4.03357864376291,-0.265002250740717));
#18276=CARTESIAN_POINT('',(2.664159265359,2.244578643763,-0.4302343099293));
#18277=CARTESIAN_POINT('',(2.664159265369,3.90857864377285,-0.42000000001));
#18278=CARTESIAN_POINT('',(4.40392495543,5.308578643763,-1.624765690071));
#18279=CARTESIAN_POINT('',(3.514159265359,4.018812953692,-1.624765690071));
#18280=CARTESIAN_POINT('',(3.514159265359,3.358578643763,-1.624765690071));
#18281=CARTESIAN_POINT('',(5.471396015311,2.473344333833,-1.847763250048));
#18282=CARTESIAN_POINT('',(5.434159265359,3.773344333833,-1.885));
#18283=CARTESIAN_POINT('',(3.214159265359,2.498344333833,-1.624765690071));
#18284=CARTESIAN_POINT('',(3.214159265359,3.358578643763,-1.624765690071));
#18285=CARTESIAN_POINT('',(1.384159265359,0.4785786437627,-0.6948));
#18286=CARTESIAN_POINT('',(2.164159265369,0.4785786437727,-1.31500000001));
#18287=CARTESIAN_POINT('',(1.664159265369,0.4785786437727,-0.72000000001));
#18288=CARTESIAN_POINT('',(5.62139646496977,4.95134234347128,-1.595234309929));
#18289=CARTESIAN_POINT('',(5.614159265359,4.95857934118288,-1.595234309929));
#18290=CARTESIAN_POINT('',(5.614159265369,4.9585788182855,-1.58500000001));
#18291=CARTESIAN_POINT('',(5.79607701153358,4.77666667004334,-1.76691774617458));
#18292=CARTESIAN_POINT('',(1.764159265359,5.728578643763,-2.0653));
#18293=CARTESIAN_POINT('',(1.764159265369,3.908578643773,-0.42000000001));
#18294=CARTESIAN_POINT('',(1.764159265369,2.158578643773,-1.14750000001));
#18295=CARTESIAN_POINT('',(1.764159265359,2.158578643763,-0.42));
#18296=CARTESIAN_POINT('',(1.764159265369,3.908578643773,-0.42000000001));
#18297=CARTESIAN_POINT('',(1.764159265359,2.433578643763,-0.42));
#18298=CARTESIAN_POINT('',(1.764159265369,2.483578643773,-0.26500000001));
#18299=CARTESIAN_POINT('',(1.764159265369,3.908578643773,-0.26500000001));
#18300=CARTESIAN_POINT('',(1.764159265369,3.908578643773,-0.42000000001));
#18301=CARTESIAN_POINT('',(1.764159265369,3.908578643773,-0.42000000001));
#18302=CARTESIAN_POINT('',(1.764159265369,3.908578643773,-0.42000000001));
#18303=CARTESIAN_POINT('',(1.764159265369,3.908578643773,-0.42000000001));
#18304=CARTESIAN_POINT('',(1.914159265359,0.7785786437627,-0.72));
#18305=CARTESIAN_POINT('',(2.164159265369,0.7785786437727,-0.42000000001));
#18306=CARTESIAN_POINT('',(2.026159265359,6.238578643763,-2.5033));
#18307=CARTESIAN_POINT('',(2.862159265359,5.572578643763,-1.38));
#18308=CARTESIAN_POINT('',(1.75392495543,2.486720605362,-0.2552599190434));
#18309=CARTESIAN_POINT('',(2.164159265369,2.433578643773,-0.42000000001));
#18310=CARTESIAN_POINT('',(3.514159265359,4.018812953692,-1.624765690071));
#18311=CARTESIAN_POINT('',(2.026159265359,2.158578643763,-2.5212));
#18312=CARTESIAN_POINT('',(1.714159265369,2.158578643773,-0.42000000001));
#18313=CARTESIAN_POINT('',(2.035867265359,5.442578643763,-0.3047656900707));
#18314=CARTESIAN_POINT('',(2.035867265369,3.90857864377285,-0.42000000001));
#18315=CARTESIAN_POINT('',(2.035867265369,3.908578643773,-0.31500000001));
#18316=CARTESIAN_POINT('',(2.03586726535881,3.7835786437631,-0.314999999999987));
#18317=CARTESIAN_POINT('',(2.03586726535881,3.76735283731142,-0.314999999999987));
#18318=CARTESIAN_POINT('',(2.03586726535857,3.7835786437631,-0.308455015305029));
#18319=CARTESIAN_POINT('',(2.03586726535857,3.76735283731142,-0.308455015305029));
#18320=CARTESIAN_POINT('',(2.03326382748299,3.7835786437631,-0.295368097043385));
#18321=CARTESIAN_POINT('',(2.03326382748299,3.76735283731142,-0.295368097043385));
#18322=CARTESIAN_POINT('',(2.022143157678,3.7835786437631,-0.2787241076812));
#18323=CARTESIAN_POINT('',(2.022143157678,3.76735283731142,-0.2787241076812));
#18324=CARTESIAN_POINT('',(2.005499168316,3.7835786437631,-0.2676034378758));
#18325=CARTESIAN_POINT('',(2.005499168316,3.76735283731142,-0.2676034378758));
#18326=CARTESIAN_POINT('',(1.99225520703466,3.7835786437631,-0.26496875874548));
#18327=CARTESIAN_POINT('',(1.99225520703466,3.76735283731142,-0.26496875874548));
#18328=CARTESIAN_POINT('',(1.9855531052149,3.7835786437631,-0.265000749790081));
#18329=CARTESIAN_POINT('',(1.9855531052149,3.76735283731142,-0.265000749790081));
#18330=CARTESIAN_POINT('',(1.98539603068435,3.7835786437631,-0.265002250740717));
#18331=CARTESIAN_POINT('',(1.98539603068435,3.76735283731142,-0.265002250740717));
#18332=CARTESIAN_POINT('',(2.861159265359,3.058578643763,-1.419765690071));
#18333=CARTESIAN_POINT('',(5.514159265369,3.058578643773,-1.48000000001));
#18334=CARTESIAN_POINT('',(5.009460265359,3.058578643768,-1.48500022875979));
#18335=CARTESIAN_POINT('',(5.0315878678458,3.058578643768,-1.48500022876006));
#18336=CARTESIAN_POINT('',(5.075840948605,3.058578643768,-1.490910425822));
#18337=CARTESIAN_POINT('',(5.12570469482202,3.058578643768,-1.51189228947101));
#18338=CARTESIAN_POINT('',(5.15196010034087,3.058578643768,-1.52937861396852));
#18339=CARTESIAN_POINT('',(5.15945462451215,3.058578643768,-1.53499999999981));
#18340=CARTESIAN_POINT('',(5.00865109075138,3.458578643763,-1.48500022875978));
#18341=CARTESIAN_POINT('',(5.00865109075138,3.058578643763,-1.48500022875978));
#18342=CARTESIAN_POINT('',(5.00892081562059,3.458578643763,-1.48500022875978));
#18343=CARTESIAN_POINT('',(5.00892081562059,3.058578643763,-1.48500022875978));
#18344=CARTESIAN_POINT('',(5.0091905404898,3.458578643763,-1.48500022875979));
#18345=CARTESIAN_POINT('',(5.0091905404898,3.058578643763,-1.48500022875979));
#18346=CARTESIAN_POINT('',(5.009460265359,3.458578643763,-1.48500022875979));
#18347=CARTESIAN_POINT('',(5.009460265359,3.058578643763,-1.48500022875979));
#18348=CARTESIAN_POINT('',(5.0315878678458,3.458578643763,-1.48500022876006));
#18349=CARTESIAN_POINT('',(5.0315878678458,3.058578643763,-1.48500022876006));
#18350=CARTESIAN_POINT('',(5.075840948605,3.458578643763,-1.490910425822));
#18351=CARTESIAN_POINT('',(5.075840948605,3.058578643763,-1.490910425822));
#18352=CARTESIAN_POINT('',(5.125704694822,3.458578643763,-1.511892289471));
#18353=CARTESIAN_POINT('',(5.125704694822,3.058578643763,-1.511892289471));
#18354=CARTESIAN_POINT('',(5.1520942046288,3.458578643763,-1.52946792857056));
#18355=CARTESIAN_POINT('',(5.1520942046288,3.058578643763,-1.52946792857056));
#18356=CARTESIAN_POINT('',(5.15971192046669,3.458578643763,-1.53519318245557));
#18357=CARTESIAN_POINT('',(5.15971192046669,3.058578643763,-1.53519318245557));
#18358=CARTESIAN_POINT('',(5.1598404288616,3.458578643763,-1.53528995933164));
#18359=CARTESIAN_POINT('',(5.1598404288616,3.058578643763,-1.53528995933164));
#18360=CARTESIAN_POINT('',(2.861159265359,5.408578643763,-1.645234309929));
#18361=CARTESIAN_POINT('',(4.239159265369,5.408578643773,-1.53500000001));
#18362=CARTESIAN_POINT('',(5.051366285359,4.118812953692,-1.485));
#18363=CARTESIAN_POINT('',(5.009459557051,4.5585786437725,-1.48500000001));
#18364=CARTESIAN_POINT('',(5.00945979315033,4.75857864376633,-1.4850001016776));
#18365=CARTESIAN_POINT('',(5.00945964558831,4.358578643763,-1.485000000005));
#18366=CARTESIAN_POINT('',(5.051366285359,4.758578643763,-1.485));
#18367=CARTESIAN_POINT('',(2.861159265359,4.358578643763,-1.485));
#18368=CARTESIAN_POINT('',(5.051366285359,4.118812953692,-1.485));
#18369=CARTESIAN_POINT('',(5.556922515407,4.298344333833,-1.527763250048));
#18370=CARTESIAN_POINT('',(5.564159265359,5.468578643763,-1.535));
#18371=CARTESIAN_POINT('',(5.614159265359,4.298344333833,-1.585));
#18372=CARTESIAN_POINT('',(5.614159265359,2.192578643763,-1.890234309929));
#18373=CARTESIAN_POINT('',(5.614159265359,4.80857794634109,-1.469765690071));
#18374=CARTESIAN_POINT('',(5.61415926536905,4.80857864377267,-1.58500000000995));
#18375=CARTESIAN_POINT('',(5.614159265369,3.908578643773,-1.58500000001));
#18376=CARTESIAN_POINT('',(5.614159265359,4.298344333833,-1.585));
#18377=CARTESIAN_POINT('',(5.614159265359,3.50857794634109,-1.469765690071));
#18378=CARTESIAN_POINT('',(5.614159265359,2.85857794634109,-1.469765690071));
#18379=CARTESIAN_POINT('',(5.614159265369,2.258578643773,-1.68000000001));
#18380=CARTESIAN_POINT('',(5.614159265369,3.783578643773,-1.85750000001));
#18381=CARTESIAN_POINT('',(5.614159265369,3.908578643773,-1.73500000001));
#18382=CARTESIAN_POINT('',(5.62139646497185,4.81581494405478,-1.469765690071));
#18383=CARTESIAN_POINT('',(5.56415856789065,4.758578643763,-1.469765690071));
#18384=CARTESIAN_POINT('',(5.40592443319961,4.60034892339543,-1.37676516784061));
#18385=CARTESIAN_POINT('',(1.428260162698,3.393812953692,-0.2131536076048));
#18386=CARTESIAN_POINT('',(1.485867265369,3.133578643773,-0.26500000001));
#18387=CARTESIAN_POINT('',(5.624393575288,3.783578643763,-1.724765690071));
#18388=CARTESIAN_POINT('',(5.464159265369,3.783578643773,-1.88500000001));
#18389=CARTESIAN_POINT('',(5.43415926536567,3.78357864376967,-1.88500000001));
#18390=CARTESIAN_POINT('',(5.471396015311,3.783578643763,-1.847763250048));
#18391=CARTESIAN_POINT('',(5.556922515407,4.298344333833,-1.527763250048));
#18392=CARTESIAN_POINT('',(3.214159265359,2.498344333833,-1.624765690071));
#18393=CARTESIAN_POINT('',(5.556922515407,4.298344333833,-1.527763250048));
#18394=CARTESIAN_POINT('',(3.20392495543,3.358578643763,-1.624765690071));
#18395=CARTESIAN_POINT('',(1.975159265359,1.600578643763,-1.315));
#18396=CARTESIAN_POINT('',(5.574393575288,5.468578643763,-1.535));
#18397=CARTESIAN_POINT('',(1.384159265359,7.163778643763,-0.42));
#18398=CARTESIAN_POINT('',(2.164159265369,4.433578643773,-0.42000000001));
#18399=CARTESIAN_POINT('',(2.164159265369,3.133578643773,-0.42000000001));
#18400=CARTESIAN_POINT('',(2.164159265369,2.733578643773,-0.42000000001));
#18401=CARTESIAN_POINT('',(2.164159265369,6.496740981932,-0.42000000001));
#18402=CARTESIAN_POINT('',(5.444393575288,3.773344333833,-1.885));
#18403=CARTESIAN_POINT('',(4.714159265359,2.718812953692,-1.624765690071));
#18404=CARTESIAN_POINT('',(4.714159265359,2.718812953692,-1.624765690071));
#18405=CARTESIAN_POINT('',(3.214159265359,2.498344333833,-1.624765690071));
#18406=CARTESIAN_POINT('',(1.420867265359,3.133578643763,-0.1047656900707));
#18407=CARTESIAN_POINT('',(2.18586726535882,2.733578643763,-0.315000000000001));
#18408=CARTESIAN_POINT('',(2.18586726535882,2.483578643763,-0.315000000000001));
#18409=CARTESIAN_POINT('',(2.18586726535864,2.733578643763,-0.297546707480021));
#18410=CARTESIAN_POINT('',(2.18586726535864,2.483578643763,-0.297546707480021));
#18411=CARTESIAN_POINT('',(2.181271845994,2.733578643763,-0.262641713232));
#18412=CARTESIAN_POINT('',(2.181271845994,2.483578643763,-0.262641713232));
#18413=CARTESIAN_POINT('',(2.161062224683,2.733578643763,-0.2138510883448));
#18414=CARTESIAN_POINT('',(2.161062224683,2.483578643763,-0.2138510883448));
#18415=CARTESIAN_POINT('',(2.12891333197,2.733578643763,-0.1719539333888));
#18416=CARTESIAN_POINT('',(2.12891333197,2.483578643763,-0.1719539333888));
#18417=CARTESIAN_POINT('',(2.087016177014,2.733578643763,-0.1398050406763));
#18418=CARTESIAN_POINT('',(2.087016177014,2.483578643763,-0.1398050406763));
#18419=CARTESIAN_POINT('',(2.038225552127,2.733578643763,-0.1195954193648));
#18420=CARTESIAN_POINT('',(2.038225552127,2.483578643763,-0.1195954193648));
#18421=CARTESIAN_POINT('',(2.00332055787926,2.733578643763,-0.114999999999983));
#18422=CARTESIAN_POINT('',(2.00332055787926,2.483578643763,-0.114999999999983));
#18423=CARTESIAN_POINT('',(1.98586726535931,2.733578643763,-0.114999999999994));
#18424=CARTESIAN_POINT('',(1.98586726535931,2.483578643763,-0.114999999999994));
#18425=CARTESIAN_POINT('',(2.18586726535882,2.733578643763,-0.315000000000001));
#18426=CARTESIAN_POINT('',(2.18586726535864,2.733578643763,-0.297546707480021));
#18427=CARTESIAN_POINT('',(2.181271845994,2.733578643763,-0.262641713232));
#18428=CARTESIAN_POINT('',(2.161062224683,2.733578643763,-0.2138510883448));
#18429=CARTESIAN_POINT('',(2.12891333197,2.733578643763,-0.1719539333888));
#18430=CARTESIAN_POINT('',(2.087016177014,2.733578643763,-0.1398050406763));
#18431=CARTESIAN_POINT('',(2.038225552127,2.733578643763,-0.1195954193648));
#18432=CARTESIAN_POINT('',(2.00332055787926,2.733578643763,-0.114999999999983));
#18433=CARTESIAN_POINT('',(1.98586726535931,2.733578643763,-0.114999999999994));
#18434=CARTESIAN_POINT('',(1.420867265359,2.733578643763,-0.1047656900707));
#18435=CARTESIAN_POINT('',(1.810867265369,2.733578643773,-0.26500000001));
#18436=CARTESIAN_POINT('',(1.47563295543,2.743812953692,-0.265));
#18437=CARTESIAN_POINT('',(5.62139646497185,2.86581494405478,-1.469765690071));
#18438=CARTESIAN_POINT('',(5.471396015311,2.473344333833,-1.847763250048));
#18439=CARTESIAN_POINT('',(5.434159265359,3.773344333833,-1.885));
#18440=CARTESIAN_POINT('',(1.914159265359,6.496740981922,-0.67));
#18441=CARTESIAN_POINT('',(5.514159265359,3.05858008887515,-1.48));
#18442=CARTESIAN_POINT('',(5.624393575288,4.693812953692,-1.735));
#18443=CARTESIAN_POINT('',(5.514159265359,4.35858008887515,-1.48));
#18444=CARTESIAN_POINT('',(5.514159265369,4.358578643773,-1.48000000001));
#18445=CARTESIAN_POINT('',(2.861159265359,4.758578643763,-1.645234309929));
#18446=CARTESIAN_POINT('',(5.15945462451209,4.758578643763,-1.53499999999977));
#18447=CARTESIAN_POINT('',(5.15196010034083,4.758578643763,-1.5293786139685));
#18448=CARTESIAN_POINT('',(5.125704694822,4.758578643763,-1.511892289471));
#18449=CARTESIAN_POINT('',(5.075840948605,4.758578643763,-1.490910425822));
#18450=CARTESIAN_POINT('',(5.0315878678458,4.758578643763,-1.48500022876006));
#18451=CARTESIAN_POINT('',(5.009460265359,4.758578643763,-1.48500022875979));
#18452=CARTESIAN_POINT('',(5.00865591692273,4.758578643763,-1.48500022875978));
#18453=CARTESIAN_POINT('',(5.00865591692273,4.358578643763,-1.48500022875978));
#18454=CARTESIAN_POINT('',(5.00892403306815,4.758578643763,-1.48500022875978));
#18455=CARTESIAN_POINT('',(5.00892403306815,4.358578643763,-1.48500022875978));
#18456=CARTESIAN_POINT('',(5.00919214921357,4.758578643763,-1.48500022875979));
#18457=CARTESIAN_POINT('',(5.00919214921357,4.358578643763,-1.48500022875979));
#18458=CARTESIAN_POINT('',(5.009460265359,4.758578643763,-1.48500022875979));
#18459=CARTESIAN_POINT('',(5.009460265359,4.358578643763,-1.48500022875979));
#18460=CARTESIAN_POINT('',(5.0315878678458,4.758578643763,-1.48500022876006));
#18461=CARTESIAN_POINT('',(5.0315878678458,4.358578643763,-1.48500022876006));
#18462=CARTESIAN_POINT('',(5.075840948605,4.758578643763,-1.490910425822));
#18463=CARTESIAN_POINT('',(5.075840948605,4.358578643763,-1.490910425822));
#18464=CARTESIAN_POINT('',(5.125704694822,4.758578643763,-1.511892289471));
#18465=CARTESIAN_POINT('',(5.125704694822,4.358578643763,-1.511892289471));
#18466=CARTESIAN_POINT('',(5.15196010034083,4.758578643763,-1.5293786139685));
#18467=CARTESIAN_POINT('',(5.15196010034083,4.358578643763,-1.5293786139685));
#18468=CARTESIAN_POINT('',(5.15945462451209,4.758578643763,-1.53499999999977));
#18469=CARTESIAN_POINT('',(5.15945462451209,4.358578643763,-1.53499999999977));
#18470=CARTESIAN_POINT('',(5.15945462451209,4.358578643763,-1.53499999999977));
#18471=CARTESIAN_POINT('',(5.11632955683514,4.358578643763,-1.50265336297558));
#18472=CARTESIAN_POINT('',(5.06336751877332,4.358578643763,-1.48500022876043));
#18473=CARTESIAN_POINT('',(5.00945973412662,4.358578643763,-1.48500022875979));
#18474=CARTESIAN_POINT('',(2.861159265359,4.358578643763,-1.419765690071));
#18475=CARTESIAN_POINT('',(5.62139646497185,3.51581494405478,-1.469765690071));
#18476=CARTESIAN_POINT('',(5.471396015311,2.473344333833,-1.847763250048));
#18477=CARTESIAN_POINT('',(5.514159265359,2.258578643763,-1.53));
#18478=CARTESIAN_POINT('',(5.444393575288,3.773344333833,-1.885));
#18479=CARTESIAN_POINT('',(1.420867265359,4.433578643763,-0.1047656900707));
#18480=CARTESIAN_POINT('',(1.98586726535931,4.433578643768,-0.114999999999994));
#18481=CARTESIAN_POINT('',(2.00332055787926,4.433578643768,-0.114999999999983));
#18482=CARTESIAN_POINT('',(2.038225552127,4.433578643768,-0.1195954193648));
#18483=CARTESIAN_POINT('',(2.087016177014,4.433578643768,-0.1398050406763));
#18484=CARTESIAN_POINT('',(2.12891333197,4.433578643768,-0.1719539333888));
#18485=CARTESIAN_POINT('',(2.161062224683,4.433578643768,-0.2138510883448));
#18486=CARTESIAN_POINT('',(2.181271845994,4.433578643768,-0.262641713232));
#18487=CARTESIAN_POINT('',(2.18586726535864,4.433578643768,-0.297546707480021));
#18488=CARTESIAN_POINT('',(2.18586726535882,4.433578643768,-0.315000000000001));
#18489=CARTESIAN_POINT('',(2.18586726535882,4.683578643763,-0.315000000000001));
#18490=CARTESIAN_POINT('',(2.18586726535882,4.433578643763,-0.315000000000001));
#18491=CARTESIAN_POINT('',(2.18586726535864,4.683578643763,-0.297546707480021));
#18492=CARTESIAN_POINT('',(2.18586726535864,4.433578643763,-0.297546707480021));
#18493=CARTESIAN_POINT('',(2.181271845994,4.683578643763,-0.262641713232));
#18494=CARTESIAN_POINT('',(2.181271845994,4.433578643763,-0.262641713232));
#18495=CARTESIAN_POINT('',(2.161062224683,4.683578643763,-0.2138510883448));
#18496=CARTESIAN_POINT('',(2.161062224683,4.433578643763,-0.2138510883448));
#18497=CARTESIAN_POINT('',(2.12891333197,4.683578643763,-0.1719539333888));
#18498=CARTESIAN_POINT('',(2.12891333197,4.433578643763,-0.1719539333888));
#18499=CARTESIAN_POINT('',(2.087016177014,4.683578643763,-0.1398050406763));
#18500=CARTESIAN_POINT('',(2.087016177014,4.433578643763,-0.1398050406763));
#18501=CARTESIAN_POINT('',(2.038225552127,4.683578643763,-0.1195954193648));
#18502=CARTESIAN_POINT('',(2.038225552127,4.433578643763,-0.1195954193648));
#18503=CARTESIAN_POINT('',(2.00332055787926,4.683578643763,-0.114999999999983));
#18504=CARTESIAN_POINT('',(2.00332055787926,4.433578643763,-0.114999999999983));
#18505=CARTESIAN_POINT('',(1.98586726535931,4.683578643763,-0.114999999999994));
#18506=CARTESIAN_POINT('',(1.98586726535931,4.433578643763,-0.114999999999994));
#18507=CARTESIAN_POINT('',(7.608578643763,-0.4,-7.3848676881708));
#18508=CARTESIAN_POINT('',(-3.35,0.675,-5.2));
#18509=CARTESIAN_POINT('',(-3.35,0.675,-5.2));
#18510=CARTESIAN_POINT('',(3.35000000002115,0.675000000003333,-5.20000000004));
#18511=CARTESIAN_POINT('',(2.95000000000667,0.67500000001,-5.20000000007667));
#18512=CARTESIAN_POINT('',(2.95,0.525,-5.2));
#18513=CARTESIAN_POINT('',(2.80000000001,0.524999999982823,-5.20000000000667));
#18514=CARTESIAN_POINT('',(2.8,0.275,-5.2));
#18515=CARTESIAN_POINT('',(2.80000000001,0.275000000005,-5.2000000000225));
#18516=CARTESIAN_POINT('',(2.95,0.275,-5.2));
#18517=CARTESIAN_POINT('',(2.95000000000333,0.12500000001,-5.20000000002667));
#18518=CARTESIAN_POINT('',(2.95,0.125,-5.2));
#18519=CARTESIAN_POINT('',(3.34999999998377,0.125000000006667,-5.20000000000667));
#18520=CARTESIAN_POINT('',(3.35,0.125,-5.2));
#18521=CARTESIAN_POINT('',(-2.7,-1.175,-5.3));
#18522=CARTESIAN_POINT('',(-2.50000000001,-1.05000000001,-5.29999999993306));
#18523=CARTESIAN_POINT('',(-2.5,-0.924999999948063,-5.29999999996153));
#18524=CARTESIAN_POINT('',(-2.5,-1.175,-5.29999999996153));
#18525=CARTESIAN_POINT('',(-2.70000000001,-1.17500000001,-5.30000000001));
#18526=CARTESIAN_POINT('',(-2.65857864391159,-1.175,-5.10433633089575));
#18527=CARTESIAN_POINT('',(-2.65857864392159,-1.17500000001,-5.10433633090575));
#18528=CARTESIAN_POINT('',(-2.67233098896957,-1.17500000001,-5.10142500499385));
#18529=CARTESIAN_POINT('',(-2.68624156827667,-1.17418010536757,-5.10000000001));
#18530=CARTESIAN_POINT('',(-2.70000000012196,-1.17254031604865,-5.0999999998153));
#18531=CARTESIAN_POINT('',(-2.70000000006476,-1.17254031603844,-5.0999999998153));
#18532=CARTESIAN_POINT('',(-2.7,-1.175,-5.1));
#18533=CARTESIAN_POINT('',(-2.70000000003732,-0.916017972167065,-5.1));
#18534=CARTESIAN_POINT('',(-2.65857864400265,-0.925000000010856,-5.10433633126459));
#18535=CARTESIAN_POINT('',(-2.6727041729566,-0.925000000010481,-5.10134600318154));
#18536=CARTESIAN_POINT('',(-2.68685601608378,-0.921999666000146,-5.09999999999495));
#18537=CARTESIAN_POINT('',(-2.70000000007689,-0.916017972185452,-5.1));
#18538=CARTESIAN_POINT('',(-2.6585786440052,-0.924999999970376,-5.10433633125902));
#18539=CARTESIAN_POINT('',(-2.70000000001,-0.924999999940751,-5.30000000001));
#18540=CARTESIAN_POINT('',(3.,1.175,-5.4));
#18541=CARTESIAN_POINT('',(3.15000000001,1.05000000001,-5.39999999997923));
#18542=CARTESIAN_POINT('',(3.15000000087015,0.925,-5.39999999938462));
#18543=CARTESIAN_POINT('',(3.1500000009,1.175,-5.40000000005962));
#18544=CARTESIAN_POINT('',(3.,0.925,-5.4));
#18545=CARTESIAN_POINT('',(2.99999999984776,0.925,-5.55));
#18546=CARTESIAN_POINT('',(3.00000000001,1.05000000001,-5.55000000001));
#18547=CARTESIAN_POINT('',(2.9999999999,1.175,-5.55));
#18548=CARTESIAN_POINT('',(3.,1.175,-5.4));
#18549=CARTESIAN_POINT('',(3.34999823987726,-0.133577914935917,-0.149988972028337));
#18550=CARTESIAN_POINT('',(3.35000428851645,-0.133580420355271,0.));
#18551=CARTESIAN_POINT('',(3.53659664360789,-0.133578643838101,-8.08739292138732E-8));
#18552=CARTESIAN_POINT('',(3.48194435592565,-0.265522990041294,0.));
#18553=CARTESIAN_POINT('',(3.42500386052318,-0.133577914935917,-0.193293487474036));
#18554=CARTESIAN_POINT('',(3.44999989087994,-0.133578644013687,-0.149996434404827));
#18555=CARTESIAN_POINT('',(3.35000000001,-0.13357864401,-0.14999263301));
#18556=CARTESIAN_POINT('',(3.42071124544121,-0.204290005038932,-0.14999685027471));
#18557=CARTESIAN_POINT('',(3.4030352618444,-0.186614936903058,-0.193293519299655));
#18558=CARTESIAN_POINT('',(-0.45,-0.925,-2.683709925));
#18559=CARTESIAN_POINT('',(-0.45,-0.925,-2.683709925));
#18560=CARTESIAN_POINT('',(-0.600000000006667,-0.925000000006667,-2.68370992592013));
#18561=CARTESIAN_POINT('',(-0.406144243987873,-0.925000000006667,-2.82715563877285));
#18562=CARTESIAN_POINT('',(-0.40614424401,-1.05000000001,-2.82715563901));
#18563=CARTESIAN_POINT('',(-0.406144243872567,-1.17500000000667,-2.82715563871193));
#18564=CARTESIAN_POINT('',(-0.45,-1.175,-2.683709925));
#18565=CARTESIAN_POINT('',(-0.60000000001,-1.17500000000667,-2.6837099249841));
#18566=CARTESIAN_POINT('',(-0.60000000001,-1.05000000001,-2.6837099249523));
#18567=CARTESIAN_POINT('',(-2.74,0.925,-1.59));
#18568=CARTESIAN_POINT('',(-2.74000000001718,1.05000000001,-1.55000000001));
#18569=CARTESIAN_POINT('',(-2.74000000032287,1.175,-1.54999999938));
#18570=CARTESIAN_POINT('',(-2.74000000105004,0.925,-1.54999999944));
#18571=CARTESIAN_POINT('',(-2.74,0.925,-1.59));
#18572=CARTESIAN_POINT('',(-2.78000000046492,0.925,-1.59000000090385));
#18573=CARTESIAN_POINT('',(-2.78000000001,1.05000000001,-1.59000000001));
#18574=CARTESIAN_POINT('',(-2.77999999955,1.175,-1.58999999865385));
#18575=CARTESIAN_POINT('',(-2.74,1.17500000001,-1.59));
#18576=CARTESIAN_POINT('',(-2.74,0.925,-2.06));
#18577=CARTESIAN_POINT('',(-2.74000000002641,1.05000000001,-2.10000000001));
#18578=CARTESIAN_POINT('',(-2.74000000105701,0.925,-2.09999999976));
#18579=CARTESIAN_POINT('',(-2.74000000032984,1.175,-2.09999999916));
#18580=CARTESIAN_POINT('',(-2.74,1.17500000001,-2.06));
#18581=CARTESIAN_POINT('',(-2.77999999955,1.175,-2.05999999953269));
#18582=CARTESIAN_POINT('',(-2.78000000001,1.05000000001,-2.06000000002539));
#18583=CARTESIAN_POINT('',(-2.78000000046492,0.925,-2.06000000080769));
#18584=CARTESIAN_POINT('',(-2.74,0.92500000001,-2.06));
#18585=CARTESIAN_POINT('',(3.7,-2.175,-5.1));
#18586=CARTESIAN_POINT('',(3.70000000001,-0.67500000001,-5.10000000001));
#18587=CARTESIAN_POINT('',(3.6999999999565,0.1250000004,-5.1));
#18588=CARTESIAN_POINT('',(3.69999999999412,0.6750000000025,-5.10000000000391));
#18589=CARTESIAN_POINT('',(3.7,-2.175,-5.1));
#18590=CARTESIAN_POINT('',(3.70000000001,0.824999999955476,-5.10000000000667));
#18591=CARTESIAN_POINT('',(3.70000000001,0.824999999866428,-2.55000000001));
#18592=CARTESIAN_POINT('',(3.7,0.825000000053214,0.));
#18593=CARTESIAN_POINT('',(3.70000000001,-0.67500000001,0.));
#18594=CARTESIAN_POINT('',(3.7,-0.13357864465,0.));
#18595=CARTESIAN_POINT('',(3.70000000001,-0.13357864501,-2.55000000001));
#18596=CARTESIAN_POINT('',(3.70000000001,-0.133578644336667,-1.90000000017333));
#18597=CARTESIAN_POINT('',(3.7,-2.175,-1.9));
#18598=CARTESIAN_POINT('',(3.70000000000667,-0.0750000000066667,-1.90000000000667));
#18599=CARTESIAN_POINT('',(3.7,-0.075,-2.1));
#18600=CARTESIAN_POINT('',(3.7,-0.0750000000306805,-2.29999999947667));
#18601=CARTESIAN_POINT('',(3.7,-2.175,-2.3));
#18602=CARTESIAN_POINT('',(3.7,-1.87500000002129,-2.29999999947667));
#18603=CARTESIAN_POINT('',(3.7,-1.875,-2.6));
#18604=CARTESIAN_POINT('',(3.70000000000333,-2.17500000001,-2.60000000000333));
#18605=CARTESIAN_POINT('',(3.7,-2.175,-5.1));
#18606=CARTESIAN_POINT('',(3.70000000000333,-2.17500000001,-2.9000000000418));
#18607=CARTESIAN_POINT('',(3.7,-1.875,-2.9));
#18608=CARTESIAN_POINT('',(3.7,-1.87500000000333,-3.19999999867667));
#18609=CARTESIAN_POINT('',(3.7,-2.175,-3.2));
#18610=CARTESIAN_POINT('',(3.70000000000333,-0.0750000000033332,-3.19999999934));
#18611=CARTESIAN_POINT('',(3.7,-0.075,-3.4));
#18612=CARTESIAN_POINT('',(3.70000000000333,-0.0750000000033333,-3.60000000001));
#18613=CARTESIAN_POINT('',(3.7,-2.175,-3.6));
#18614=CARTESIAN_POINT('',(3.70000000001,-0.133578644336667,-3.600000000025));
#18615=CARTESIAN_POINT('',(3.7,-0.133578644,0.));
#18616=CARTESIAN_POINT('',(3.70000000001,-0.133578644336667,-5.10000000000333));
#18617=CARTESIAN_POINT('',(3.70000000001,-0.67500000001,-5.10000000001));
#18618=CARTESIAN_POINT('',(2.375,0.925,-5.));
#18619=CARTESIAN_POINT('',(2.37500000041,1.17500000001,-2.77500000001));
#18620=CARTESIAN_POINT('',(2.3750000002,1.175,-5.40000000008943));
#18621=CARTESIAN_POINT('',(2.3750000002,1.175,-5.00000000025962));
#18622=CARTESIAN_POINT('',(2.37500000001,1.05000000001,-5.40000000001));
#18623=CARTESIAN_POINT('',(2.37500000005448,0.925,-5.39999999941443));
#18624=CARTESIAN_POINT('',(2.37500000011896,0.92500000001,-2.85000000001));
#18625=CARTESIAN_POINT('',(2.37500000005448,0.925,-4.99999999958462));
#18626=CARTESIAN_POINT('',(2.37500000001,1.05000000001,-4.99999999997924));
#18627=CARTESIAN_POINT('',(3.35,-0.133578644,0.));
#18628=CARTESIAN_POINT('',(3.59748737320765,-0.381066017207646,0.));
#18629=CARTESIAN_POINT('',(3.59748737309987,-0.381066017190327,-5.10000000000333));
#18630=CARTESIAN_POINT('',(3.59748737320787,-0.381066017433893,-3.60000000000667));
#18631=CARTESIAN_POINT('',(3.35,-0.133578644,-5.1));
#18632=CARTESIAN_POINT('',(3.35,-0.133578644,-3.6));
#18633=CARTESIAN_POINT('',(-0.15,-0.925,-2.905698248));
#18634=CARTESIAN_POINT('',(-0.15,-1.175,-2.905698248));
#18635=CARTESIAN_POINT('',(1.59591939634616E-10,-1.175,-2.90569824800333));
#18636=CARTESIAN_POINT('',(-0.193855755024399,-1.17500000000333,-2.76225253567116));
#18637=CARTESIAN_POINT('',(-0.193855755656897,-1.05000000001,-2.76225253459674));
#18638=CARTESIAN_POINT('',(-0.193855755800723,-0.925000000005,-2.76225253481811));
#18639=CARTESIAN_POINT('',(-0.15,-0.925,-2.905698248));
#18640=CARTESIAN_POINT('',(4.05097450809772E-10,-0.925,-2.90569824800333));
#18641=CARTESIAN_POINT('',(0.,-1.05000000001,-2.90569824801));
#18642=CARTESIAN_POINT('',(1.725,0.825,-5.15));
#18643=CARTESIAN_POINT('',(1.725,0.925,-5.15));
#18644=CARTESIAN_POINT('',(-1.72499999886247,0.92500000001,-5.150000000205));
#18645=CARTESIAN_POINT('',(-0.500000001119751,0.92500000001,-5.15000000013667));
#18646=CARTESIAN_POINT('',(-1.725,0.825,-5.15));
#18647=CARTESIAN_POINT('',(-1.72500000000667,0.824999999989399,-5.25000000000667));
#18648=CARTESIAN_POINT('',(1.725,0.825,-5.25));
#18649=CARTESIAN_POINT('',(-0.5000000000025,0.824999999993143,-5.25000000001891));
#18650=CARTESIAN_POINT('',(-0.5,0.825,-5.15));
#18651=CARTESIAN_POINT('',(2.95,0.525,-5.45));
#18652=CARTESIAN_POINT('',(2.80000000001,0.524999999948469,-5.32500000001));
#18653=CARTESIAN_POINT('',(2.8,0.524999999894235,-5.45));
#18654=CARTESIAN_POINT('',(2.95,0.675,-5.45));
#18655=CARTESIAN_POINT('',(2.95000000000333,0.67500000001,-5.45000000000333));
#18656=CARTESIAN_POINT('',(2.95,0.525,-5.45));
#18657=CARTESIAN_POINT('',(2.658578644,-0.825,-1.9));
#18658=CARTESIAN_POINT('',(2.658578644,-0.925,-1.9));
#18659=CARTESIAN_POINT('',(2.65857864358381,-0.92500000001,-3.60000000016795));
#18660=CARTESIAN_POINT('',(2.65857864367532,-0.924999999991147,-5.10433633132279));
#18661=CARTESIAN_POINT('',(2.658578644,-0.824999999999996,-3.6));
#18662=CARTESIAN_POINT('',(2.72928932206054,-0.895710677987438,-3.60000000006923));
#18663=CARTESIAN_POINT('',(2.72928932205933,-0.895710678059327,-1.9));
#18664=CARTESIAN_POINT('',(2.72928932209144,-0.89571067802353,-5.09999999987687));
#18665=CARTESIAN_POINT('',(2.658578644,-0.824999999999993,-5.1));
#18666=CARTESIAN_POINT('',(2.69999999996709,-0.916017972235412,-5.100000000005));
#18667=CARTESIAN_POINT('',(2.65857864335064,-0.924999999999993,-5.10433633139153));
#18668=CARTESIAN_POINT('',(2.67270417237608,-0.925000000091719,-5.10134600324433));
#18669=CARTESIAN_POINT('',(2.68685601593176,-0.921999666057002,-5.09999999999959));
#18670=CARTESIAN_POINT('',(2.70000000000622,-0.916017972217605,-5.1));
#18671=CARTESIAN_POINT('',(3.420710678,-0.204289322,-1.9));
#18672=CARTESIAN_POINT('',(3.420710678,-0.204289322,-5.1));
#18673=CARTESIAN_POINT('',(3.42071067800148,-0.20428932209096,-5.10000000000333));
#18674=CARTESIAN_POINT('',(3.420710678,-0.204289322,-3.6));
#18675=CARTESIAN_POINT('',(3.42071067790142,-0.204289322044121,-3.60000000000333));
#18676=CARTESIAN_POINT('',(3.42071067805933,-0.204289322059327,-1.9));
#18677=CARTESIAN_POINT('',(-2.65857982542527,-0.824998240132573,-0.149990653172285));
#18678=CARTESIAN_POINT('',(-2.65857576548602,-0.825004287874236,0.));
#18679=CARTESIAN_POINT('',(-2.65857576539039,-1.01159738954747,-8.36282997775901E-7));
#18680=CARTESIAN_POINT('',(-2.79051850862441,-0.956947031317851,0.));
#18681=CARTESIAN_POINT('',(-2.65857982542527,-0.900003607492132,-0.193295022018757));
#18682=CARTESIAN_POINT('',(-2.6585787799418,-0.925002126671821,-0.149999309188417));
#18683=CARTESIAN_POINT('',(-2.65857864401,-0.82500000001,-0.14999263301));
#18684=CARTESIAN_POINT('',(-2.72929042596028,-0.895711446569809,-0.149997103567522));
#18685=CARTESIAN_POINT('',(-2.7116176748387,-0.878036089546003,-0.193294074272582));
#18686=CARTESIAN_POINT('',(-0.15,-0.925,-2.905698248));
#18687=CARTESIAN_POINT('',(-0.188008322142777,-0.925,-2.78137862971507));
#18688=CARTESIAN_POINT('',(-0.188008321050565,-0.925000000003333,-2.78137863066996));
#18689=CARTESIAN_POINT('',(-0.188008321686899,-1.17500000000667,-2.78137862991122));
#18690=CARTESIAN_POINT('',(-0.15000000001,-1.17500000001,-2.90569824801));
#18691=CARTESIAN_POINT('',(-0.0200000000000002,-1.175,-2.90569824798667));
#18692=CARTESIAN_POINT('',(-0.0200000000100005,-1.05000000001,-2.90569824798334));
#18693=CARTESIAN_POINT('',(-0.0200000000000002,-0.925,-2.90569824743679));
#18694=CARTESIAN_POINT('',(-0.15,-0.925,-2.905698248));
#18695=CARTESIAN_POINT('',(2.05,0.925,-1.51));
#18696=CARTESIAN_POINT('',(2.05,1.175,-5.55));
#18697=CARTESIAN_POINT('',(2.049999999155,1.17500000001,-1.09370090893));
#18698=CARTESIAN_POINT('',(2.049999998735,1.17500000009261,-1.44143593615557));
#18699=CARTESIAN_POINT('',(2.05,1.275,-1.093700908));
#18700=CARTESIAN_POINT('',(2.05000000000333,1.22500000008036,-1.18030344850004));
#18701=CARTESIAN_POINT('',(2.05,1.485,-1.330414519));
#18702=CARTESIAN_POINT('',(2.05000000000667,1.48500000000626,-1.3304145188873));
#18703=CARTESIAN_POINT('',(2.05,1.485,-1.537459335));
#18704=CARTESIAN_POINT('',(2.05000000000667,1.48500000001,-1.53745933483846));
#18705=CARTESIAN_POINT('',(2.05,1.445988499,-1.59752147));
#18706=CARTESIAN_POINT('',(2.05000000000667,1.44598849887646,-1.59752146983651));
#18707=CARTESIAN_POINT('',(2.05,1.01693238888359,-1.35039123115087));
#18708=CARTESIAN_POINT('',(2.0499999997975,1.36309646122093,-1.54990511651477));
#18709=CARTESIAN_POINT('',(2.05,1.01718911084948,-1.35032377611547));
#18710=CARTESIAN_POINT('',(-0.15,-0.925,-1.892860089));
#18711=CARTESIAN_POINT('',(-0.19385575601,-1.05000000001,-2.03630580301));
#18712=CARTESIAN_POINT('',(-0.193855755357512,-0.925000000006667,-2.03630580201845));
#18713=CARTESIAN_POINT('',(-0.193855755998195,-1.17500000000667,-2.03630580299383));
#18714=CARTESIAN_POINT('',(-0.15,-1.175,-1.892860089));
#18715=CARTESIAN_POINT('',(1.56258461740993E-10,-1.17500000000667,-1.89286008899308));
#18716=CARTESIAN_POINT('',(0.,-0.925,-1.892860089));
#18717=CARTESIAN_POINT('',(4.01763972916149E-10,-0.925000000006667,-1.89286008899308));
#18718=CARTESIAN_POINT('',(-0.15,-0.925,-1.892860089));
#18719=CARTESIAN_POINT('',(-2.7,1.175,-1.090677985));
#18720=CARTESIAN_POINT('',(-2.7,1.175,-2.14));
#18721=CARTESIAN_POINT('',(-2.70000000167667,1.175,-2.14000000000333));
#18722=CARTESIAN_POINT('',(-2.69999999841398,0.925,-2.14000000000333));
#18723=CARTESIAN_POINT('',(-2.7,0.925,-5.55));
#18724=CARTESIAN_POINT('',(-2.69999999841398,0.925,-2.85000000000333));
#18725=CARTESIAN_POINT('',(-2.7,0.925,-2.85));
#18726=CARTESIAN_POINT('',(-2.70000000167667,1.175,-2.85000000000333));
#18727=CARTESIAN_POINT('',(-2.7,1.175,-5.55));
#18728=CARTESIAN_POINT('',(-0.35,1.175,-5.14));
#18729=CARTESIAN_POINT('',(-0.350000000071531,1.05000000001,-4.99000000001));
#18730=CARTESIAN_POINT('',(-0.350000000130766,1.175,-4.989999999725));
#18731=CARTESIAN_POINT('',(-0.350000000683004,0.925,-4.9899999992));
#18732=CARTESIAN_POINT('',(-0.35,0.92500000001,-5.14));
#18733=CARTESIAN_POINT('',(-0.500000001674627,0.925000000025,-5.13999999978557));
#18734=CARTESIAN_POINT('',(-0.50000000001,1.00000000001,-5.14000000001));
#18735=CARTESIAN_POINT('',(-0.500000001100001,1.175,-5.13999999963557));
#18736=CARTESIAN_POINT('',(-0.35,1.175,-5.14));
#18737=CARTESIAN_POINT('',(-0.5,0.825,-5.50216));
#18738=CARTESIAN_POINT('',(-0.500000003359254,0.92500000001,-2.85000000001));
#18739=CARTESIAN_POINT('',(-0.50000000001,0.82500000001,-5.32108000001));
#18740=CARTESIAN_POINT('',(-0.5000000000025,0.8250000000075,-5.49999999999456));
#18741=CARTESIAN_POINT('',(-0.5,0.825,-5.15));
#18742=CARTESIAN_POINT('',(-0.500000000736667,1.17500000001,-5.15000000013667));
#18743=CARTESIAN_POINT('',(-0.500000002210001,1.17500000001,-2.77500000001));
#18744=CARTESIAN_POINT('',(-3.35,0.675,-5.1));
#18745=CARTESIAN_POINT('',(-3.45000000001,0.40000000001,-5.09999999997153));
#18746=CARTESIAN_POINT('',(-3.4500000000104,0.6750000000025,-5.09999999999403));
#18747=CARTESIAN_POINT('',(-3.450000000005,0.1250000001,-5.10000000000038));
#18748=CARTESIAN_POINT('',(-3.35,0.125,-5.1));
#18749=CARTESIAN_POINT('',(-3.35000000000333,0.125,-5.20000000007667));
#18750=CARTESIAN_POINT('',(-3.35000000001,0.40000000001,-5.20000000001));
#18751=CARTESIAN_POINT('',(-3.35000000007224,0.675,-5.20000000005));
#18752=CARTESIAN_POINT('',(-3.35,0.675,-5.1));
#18753=CARTESIAN_POINT('',(-2.05,1.175,-1.152760801));
#18754=CARTESIAN_POINT('',(2.7,1.175,-1.152760801));
#18755=CARTESIAN_POINT('',(2.69999999917333,1.05000000004168,-1.36926715199117));
#18756=CARTESIAN_POINT('',(2.70000000077199,0.92500000001,-1.15276080167));
#18757=CARTESIAN_POINT('',(-2.05,0.925,-1.152760801));
#18758=CARTESIAN_POINT('',(2.04999999861796,0.92500000001,-1.15276080167));
#18759=CARTESIAN_POINT('',(2.05,1.175,-1.152760801));
#18760=CARTESIAN_POINT('',(2.04999999965866,1.050000000086,-1.36926715203634));
#18761=CARTESIAN_POINT('',(-2.05,1.0500000000249,-1.36926715188754));
#18762=CARTESIAN_POINT('',(-3.35,0.825,0.));
#18763=CARTESIAN_POINT('',(-3.35000000001,1.17500000001,-2.77500000001));
#18764=CARTESIAN_POINT('',(-3.35000000002333,1.17500000000667,-5.10000000030667));
#18765=CARTESIAN_POINT('',(-3.35000000108205,1.175,0.));
#18766=CARTESIAN_POINT('',(-3.35,0.825,-5.1));
#18767=CARTESIAN_POINT('',(-3.70000000000667,0.825000000006667,-5.10000000000667));
#18768=CARTESIAN_POINT('',(-3.70000000001,0.82500000001,-2.55000000001));
#18769=CARTESIAN_POINT('',(-3.7,0.825000000125,0.));
#18770=CARTESIAN_POINT('',(-3.35,0.825,0.));
#18771=CARTESIAN_POINT('',(-2.7,1.175,-1.090677985));
#18772=CARTESIAN_POINT('',(-2.7,1.175,-1.51));
#18773=CARTESIAN_POINT('',(-2.69999999841398,0.925000000006667,-1.5100000000006));
#18774=CARTESIAN_POINT('',(-2.70000000167667,1.175,-1.5100000000006));
#18775=CARTESIAN_POINT('',(-2.7,1.175,-5.55));
#18776=CARTESIAN_POINT('',(-2.700000001885,1.17500000009261,-1.44143593615557));
#18777=CARTESIAN_POINT('',(-2.7,1.02311735215829,-1.35374644783118));
#18778=CARTESIAN_POINT('',(-2.70000000000333,1.04999999934307,-1.36926715118188));
#18779=CARTESIAN_POINT('',(-2.7,1.175,-1.152760801));
#18780=CARTESIAN_POINT('',(-2.69999999880798,0.92500000001,-1.152760802005));
#18781=CARTESIAN_POINT('',(-2.7,0.925,-5.55));
#18782=CARTESIAN_POINT('',(3.35,0.125,-5.1));
#18783=CARTESIAN_POINT('',(3.45000000001,-0.67500000001,-5.10000000001));
#18784=CARTESIAN_POINT('',(3.4500000000104,0.6750000000025,-5.10000000000852));
#18785=CARTESIAN_POINT('',(3.4500000000716,0.1250000002,-5.1000000000041));
#18786=CARTESIAN_POINT('',(3.35,0.675,-5.1));
#18787=CARTESIAN_POINT('',(3.35,0.125,-5.1));
#18788=CARTESIAN_POINT('',(-2.658578644,-0.825,-1.9));
#18789=CARTESIAN_POINT('',(-2.658578644,-0.825,-5.1));
#18790=CARTESIAN_POINT('',(-2.72928932202963,-0.895710677935187,-5.09999999989561));
#18791=CARTESIAN_POINT('',(-2.72928932205933,-0.895710678059327,-1.9));
#18792=CARTESIAN_POINT('',(-2.7292893219794,-0.895710677913035,-3.60000000000333));
#18793=CARTESIAN_POINT('',(-2.658578644,-0.825,-3.6));
#18794=CARTESIAN_POINT('',(-2.65857864400333,-0.92500000021,-3.59999999994882));
#18795=CARTESIAN_POINT('',(-2.658578644,-0.925,-1.9));
#18796=CARTESIAN_POINT('',(2.05,1.445988499,-1.59752147));
#18797=CARTESIAN_POINT('',(2.05,1.445988499,-1.59752147));
#18798=CARTESIAN_POINT('',(-2.70000000000667,1.44598849887646,-1.59752146983651));
#18799=CARTESIAN_POINT('',(-2.05,1.445988499,-1.59752147));
#18800=CARTESIAN_POINT('',(-2.7,1.445988499,-1.59752147));
#18801=CARTESIAN_POINT('',(-2.70000000000667,1.48500000001,-1.53745933483846));
#18802=CARTESIAN_POINT('',(2.05,1.485,-1.537459335));
#18803=CARTESIAN_POINT('',(-2.05000000000667,1.48500000001,-1.53745933475838));
#18804=CARTESIAN_POINT('',(-2.05,1.33138970483772,-1.77395785592148));
#18805=CARTESIAN_POINT('',(-1.875,0.925,-5.));
#18806=CARTESIAN_POINT('',(-1.87500000001,1.05000000001,-4.85000000001));
#18807=CARTESIAN_POINT('',(-1.87499999987985,0.925,-4.849999999));
#18808=CARTESIAN_POINT('',(-1.8749999991,1.175,-4.85000000035));
#18809=CARTESIAN_POINT('',(-1.875,1.175,-5.));
#18810=CARTESIAN_POINT('',(-1.72500000145,1.175,-5.00000000029038));
#18811=CARTESIAN_POINT('',(-1.72500000001,1.05000000001,-5.00000000004077));
#18812=CARTESIAN_POINT('',(-1.72499999885746,0.925,-4.99999999961538));
#18813=CARTESIAN_POINT('',(-1.875,0.925,-5.));
#18814=CARTESIAN_POINT('',(2.525,0.925,-5.4));
#18815=CARTESIAN_POINT('',(2.525,1.175,-5.4));
#18816=CARTESIAN_POINT('',(2.52500000116923,1.175,-5.55));
#18817=CARTESIAN_POINT('',(2.52499999994847,1.05000000001,-5.55000000001));
#18818=CARTESIAN_POINT('',(2.5250000010461,0.925,-5.55));
#18819=CARTESIAN_POINT('',(2.525,0.925,-5.4));
#18820=CARTESIAN_POINT('',(0.5,0.825,-5.14));
#18821=CARTESIAN_POINT('',(0.500000001359255,0.92500000001,-2.85000000001));
#18822=CARTESIAN_POINT('',(0.500000000674627,0.925000000025,-5.13999999979231));
#18823=CARTESIAN_POINT('',(0.500000000674627,0.925000000025,-5.1500000002867));
#18824=CARTESIAN_POINT('',(0.50000000001,1.00000000001,-5.14000000001));
#18825=CARTESIAN_POINT('',(0.5000000011,1.175,-5.13999999964231));
#18826=CARTESIAN_POINT('',(0.50000000221,1.17500000001,-2.77500000001));
#18827=CARTESIAN_POINT('',(0.5000000011,1.175,-5.15000000016875));
#18828=CARTESIAN_POINT('',(0.5,0.825,-5.15));
#18829=CARTESIAN_POINT('',(0.5000000000025,0.8250000000075,-5.49999999999456));
#18830=CARTESIAN_POINT('',(0.50000000001,0.82500000001,-5.32108000001));
#18831=CARTESIAN_POINT('',(0.5,0.824999999983592,-5.25000000005565));
#18832=CARTESIAN_POINT('',(0.500000000684627,0.825,-5.15));
#18833=CARTESIAN_POINT('',(-0.02,-0.925,-2.905698248));
#18834=CARTESIAN_POINT('',(-0.02,-0.925,-1.892860089));
#18835=CARTESIAN_POINT('',(-0.02000000001,-0.925000000006667,-1.89286008900333));
#18836=CARTESIAN_POINT('',(-0.02000000001,-1.17500000000667,-1.89286008900333));
#18837=CARTESIAN_POINT('',(-0.02,-0.925,-5.5));
#18838=CARTESIAN_POINT('',(-0.02000000001,-0.92500075327115,-0.149995615552061));
#18839=CARTESIAN_POINT('',(-0.0200000000000001,-1.01160254,0.));
#18840=CARTESIAN_POINT('',(-0.0200000016599998,-1.01160095976,0.));
#18841=CARTESIAN_POINT('',(-0.0200000000000001,-1.175,0.));
#18842=CARTESIAN_POINT('',(-0.0200000011066666,-1.17500000000667,0.));
#18843=CARTESIAN_POINT('',(-0.0200000000000001,-1.175,-5.5));
#18844=CARTESIAN_POINT('',(-3.45,-1.875,-2.6));
#18845=CARTESIAN_POINT('',(-3.45,-1.875,-2.3));
#18846=CARTESIAN_POINT('',(3.45,-1.87500000002129,-2.29999999935285));
#18847=CARTESIAN_POINT('',(3.45,-1.875,-2.6));
#18848=CARTESIAN_POINT('',(3.45000000000333,-2.17500000001,-2.60000000000333));
#18849=CARTESIAN_POINT('',(-3.45,-2.175,-2.6));
#18850=CARTESIAN_POINT('',(3.35,0.825,0.));
#18851=CARTESIAN_POINT('',(3.35,0.825,-5.1));
#18852=CARTESIAN_POINT('',(3.35000000002932,1.17500000000667,-5.10000000031));
#18853=CARTESIAN_POINT('',(3.35000000001,1.17500000001,-2.77500000001));
#18854=CARTESIAN_POINT('',(3.35000000111795,1.175,0.));
#18855=CARTESIAN_POINT('',(3.35,0.825,0.));
#18856=CARTESIAN_POINT('',(2.906066017,-1.072487373,-1.9));
#18857=CARTESIAN_POINT('',(2.906066017,-1.072487373,-5.1));
#18858=CARTESIAN_POINT('',(2.90606601719169,-1.07248737337537,-5.09999999988985));
#18859=CARTESIAN_POINT('',(2.906066017,-1.072487373,-3.6));
#18860=CARTESIAN_POINT('',(2.90606601720064,-1.07248737347151,-3.60000000000333));
#18861=CARTESIAN_POINT('',(2.90606601720765,-1.07248737320765,-3.6));
#18862=CARTESIAN_POINT('',(-0.02,-0.925,-5.5));
#18863=CARTESIAN_POINT('',(2.658578644,-0.925,-0.15));
#18864=CARTESIAN_POINT('',(2.65857864388761,-0.924999906337281,-0.149997282431834));
#18865=CARTESIAN_POINT('',(4.05097418551279E-10,-0.92500000001,-0.15000000000899));
#18866=CARTESIAN_POINT('',(2.658578644,-0.925,-1.9));
#18867=CARTESIAN_POINT('',(2.65857864387136,-0.925000000026667,-1.89999999916493));
#18868=CARTESIAN_POINT('',(-0.02,-0.925,-1.9));
#18869=CARTESIAN_POINT('',(1.65000000000333,-0.925000000031667,-1.89999999880753));
#18870=CARTESIAN_POINT('',(1.65,-0.925,-2.1));
#18871=CARTESIAN_POINT('',(1.44999999992305,-0.925000000006667,-2.10000000002898));
#18872=CARTESIAN_POINT('',(1.45,-0.925,-5.5));
#18873=CARTESIAN_POINT('',(1.44999999992305,-0.925,-3.40000000000333));
#18874=CARTESIAN_POINT('',(1.65,-0.925,-3.4));
#18875=CARTESIAN_POINT('',(1.64999999999136,-0.925,-3.60000000016795));
#18876=CARTESIAN_POINT('',(-0.02,-0.925,-3.6));
#18877=CARTESIAN_POINT('',(2.7,-0.925,-5.3));
#18878=CARTESIAN_POINT('',(2.50000000000667,-0.925000000000767,-5.30000000025153));
#18879=CARTESIAN_POINT('',(2.3,-0.925,-5.3));
#18880=CARTESIAN_POINT('',(2.30000000054945,-0.925000000006667,-5.50000000000667));
#18881=CARTESIAN_POINT('',(-0.02,-0.925,-5.5));
#18882=CARTESIAN_POINT('',(2.05000000000333,-0.925000000003333,-5.50000000001));
#18883=CARTESIAN_POINT('',(2.05,-0.925,-5.3));
#18884=CARTESIAN_POINT('',(1.8500000009128,-0.925,-5.29999999997769));
#18885=CARTESIAN_POINT('',(1.85,-0.925,-5.5));
#18886=CARTESIAN_POINT('',(1.8500000009128,-0.925,-4.45000000000333));
#18887=CARTESIAN_POINT('',(1.7,-0.925,-4.45));
#18888=CARTESIAN_POINT('',(1.70000000000333,-0.925,-4.29999999842029));
#18889=CARTESIAN_POINT('',(-0.02,-0.925,-4.3));
#18890=CARTESIAN_POINT('',(3.35359009094498E-10,-0.925000000006667,-4.29999999868191));
#18891=CARTESIAN_POINT('',(0.,-0.925,-5.5));
#18892=CARTESIAN_POINT('',(-0.80032588743234,-0.925,-2.94766906313236));
#18893=CARTESIAN_POINT('',(-0.6,-0.925,-5.5));
#18894=CARTESIAN_POINT('',(-0.60000000001,-0.925000000003333,-2.11484841200333));
#18895=CARTESIAN_POINT('',(-0.45,-0.925,-2.114848412));
#18896=CARTESIAN_POINT('',(-0.406144244050544,-0.925000000005,-1.97140269858149));
#18897=CARTESIAN_POINT('',(0.933575205122205,-0.925,-2.38099603849941));
#18898=CARTESIAN_POINT('',(0.,-0.925,-5.5));
#18899=CARTESIAN_POINT('',(2.3,-0.925,-5.5));
#18900=CARTESIAN_POINT('',(-1.6,0.325,-5.5));
#18901=CARTESIAN_POINT('',(-1.75000000001,0.325000000003333,-5.50000000000333));
#18902=CARTESIAN_POINT('',(-1.59999999983808,0.175000000006667,-5.50000000000667));
#18903=CARTESIAN_POINT('',(-1.75,-0.925,-5.5));
#18904=CARTESIAN_POINT('',(-1.75000000000667,0.824999999984937,-5.50000000000667));
#18905=CARTESIAN_POINT('',(0.5,0.825,-5.5));
#18906=CARTESIAN_POINT('',(-0.5,0.825,-5.5));
#18907=CARTESIAN_POINT('',(0.5,0.825,-5.5));
#18908=CARTESIAN_POINT('',(1.72500000000667,0.82499999999,-5.50000000000667));
#18909=CARTESIAN_POINT('',(1.725,0.325,-5.5));
#18910=CARTESIAN_POINT('',(1.72500000001,0.325000000003333,-5.50000000000333));
#18911=CARTESIAN_POINT('',(1.575,0.325,-5.5));
#18912=CARTESIAN_POINT('',(1.5749999999841,0.17500000001,-5.50000000000333));
#18913=CARTESIAN_POINT('',(2.3,0.175,-5.5));
#18914=CARTESIAN_POINT('',(-0.15,-0.925,-1.892860089));
#18915=CARTESIAN_POINT('',(-0.15000000001,-0.92500000001,-1.89286008901));
#18916=CARTESIAN_POINT('',(-0.188008322115767,-0.925000000006667,-2.01717970769672));
#18917=CARTESIAN_POINT('',(-0.15000000001,-1.17500000001,-1.89286008901));
#18918=CARTESIAN_POINT('',(-0.18800832297194,-1.17500000000667,-2.01717970755359));
#18919=CARTESIAN_POINT('',(-0.188008321607219,-0.925,-2.01717970744867));
#18920=CARTESIAN_POINT('',(-3.35,0.825,-5.1));
#18921=CARTESIAN_POINT('',(-3.35000000001,0.82500000001,-0.15000026701));
#18922=CARTESIAN_POINT('',(-3.35000000250878,0.924999922933739,-0.150000150195));
#18923=CARTESIAN_POINT('',(-3.44999948864687,0.825575617838807,-0.150004354768087));
#18924=CARTESIAN_POINT('',(-3.45000000001,0.825000000168979,-2.62500013351));
#18925=CARTESIAN_POINT('',(-3.45000000001,0.825000000056326,-5.10000000000333));
#18926=CARTESIAN_POINT('',(-3.35,0.825,-5.1));
#18927=CARTESIAN_POINT('',(-3.35000000067,0.92500000001,-5.10000000060333));
#18928=CARTESIAN_POINT('',(-3.35000000201,0.92500000001,-2.85000000001));
#18929=CARTESIAN_POINT('',(-2.74,1.175,-2.14));
#18930=CARTESIAN_POINT('',(-2.74,0.925,-2.14));
#18931=CARTESIAN_POINT('',(-2.74,1.175,-2.14));
#18932=CARTESIAN_POINT('',(-0.294152566010955,-1.05,-1.98472815549665));
#18933=CARTESIAN_POINT('',(-1.47360710035081,-1.175,-1.62413271753051));
#18934=CARTESIAN_POINT('',(-0.400296808147571,-1.17500000000667,-1.9522766021613));
#18935=CARTESIAN_POINT('',(-0.40029681026211,-0.925,-1.95227660344314));
#18936=CARTESIAN_POINT('',(-0.400296809620305,-0.925000000006667,-1.95227660312914));
#18937=CARTESIAN_POINT('',(0.939422639306629,-0.925,-2.36186994305579));
#18938=CARTESIAN_POINT('',(1.65,-0.925,-3.4));
#18939=CARTESIAN_POINT('',(1.45000000001,-1.05000000001,-3.40000000001));
#18940=CARTESIAN_POINT('',(1.44999999908424,-1.175,-3.40000000000333));
#18941=CARTESIAN_POINT('',(1.65,-1.175,-3.4));
#18942=CARTESIAN_POINT('',(1.64999999999136,-1.175,-3.60000000167667));
#18943=CARTESIAN_POINT('',(1.65,-0.925,-3.6));
#18944=CARTESIAN_POINT('',(-3.45,-1.875,-3.2));
#18945=CARTESIAN_POINT('',(3.7,-1.875,-3.2));
#18946=CARTESIAN_POINT('',(3.45,-1.87500000000333,-3.19999999862122));
#18947=CARTESIAN_POINT('',(3.45,0.825,-3.2));
#18948=CARTESIAN_POINT('',(3.45000000000333,-0.0750000000033334,-3.19999999931228));
#18949=CARTESIAN_POINT('',(-3.45,-0.075,-3.2));
#18950=CARTESIAN_POINT('',(-3.45,-0.075,-2.1));
#18951=CARTESIAN_POINT('',(-3.45,-0.075,-1.9));
#18952=CARTESIAN_POINT('',(3.44999999984,-0.0750000000033334,-1.90000000057401));
#18953=CARTESIAN_POINT('',(3.45,-0.075,-2.1));
#18954=CARTESIAN_POINT('',(3.44999999979833,-0.0750000000306805,-2.29999999935285));
#18955=CARTESIAN_POINT('',(-3.45,-0.075,-2.3));
#18956=CARTESIAN_POINT('',(1.7,-1.175,-4.45));
#18957=CARTESIAN_POINT('',(1.7,-1.175,-4.3));
#18958=CARTESIAN_POINT('',(1.70000000000333,-1.175,-4.30000000067667));
#18959=CARTESIAN_POINT('',(1.85000000001,-1.05000000001,-4.45000000001));
#18960=CARTESIAN_POINT('',(1.84999999991031,-1.175,-4.45000000000333));
#18961=CARTESIAN_POINT('',(1.7,-1.175,-4.45));
#18962=CARTESIAN_POINT('',(-3.35,0.675,-5.2));
#18963=CARTESIAN_POINT('',(-3.32725000001,0.67500000001,-5.20000000011));
#18964=CARTESIAN_POINT('',(-2.9500000000375,0.675,-5.20000000005));
#18965=CARTESIAN_POINT('',(2.95,0.125,-5.2));
#18966=CARTESIAN_POINT('',(-2.95000000000333,0.12500000001,-5.20000000003667));
#18967=CARTESIAN_POINT('',(-2.95,0.275,-5.2));
#18968=CARTESIAN_POINT('',(-2.8,0.275000000061531,-5.2));
#18969=CARTESIAN_POINT('',(-2.80000000001,0.40000000001,-5.20000000001));
#18970=CARTESIAN_POINT('',(-2.8,0.524999999925,-5.2));
#18971=CARTESIAN_POINT('',(-2.95,0.525,-5.20000000006));
#18972=CARTESIAN_POINT('',(-2.2,0.925,-2.85));
#18973=CARTESIAN_POINT('',(-2.2,0.925,-2.85));
#18974=CARTESIAN_POINT('',(-2.04999999995129,0.925,-2.85000000000333));
#18975=CARTESIAN_POINT('',(-2.20000000002384,0.925,-3.00000000081));
#18976=CARTESIAN_POINT('',(-2.05,0.925,-2.85));
#18977=CARTESIAN_POINT('',(-2.04999999887667,1.175,-2.85000000000333));
#18978=CARTESIAN_POINT('',(-2.2,1.175,-2.85));
#18979=CARTESIAN_POINT('',(-2.20000000002384,1.175,-3.00000000171));
#18980=CARTESIAN_POINT('',(-2.2,0.925,-3.));
#18981=CARTESIAN_POINT('',(2.74,0.925,-2.14));
#18982=CARTESIAN_POINT('',(2.74000000001,1.05000000001,-2.10000000001));
#18983=CARTESIAN_POINT('',(2.74000000031856,1.175,-2.09999999916));
#18984=CARTESIAN_POINT('',(2.74000000024573,0.925,-2.09999999976));
#18985=CARTESIAN_POINT('',(2.74,1.175,-2.14));
#18986=CARTESIAN_POINT('',(2.70000000167667,1.175,-2.14000000000846));
#18987=CARTESIAN_POINT('',(2.7,0.925,-2.14));
#18988=CARTESIAN_POINT('',(2.70000000154731,0.925000000006667,-2.14000000000846));
#18989=CARTESIAN_POINT('',(2.74,0.92500000001,-2.14));
#18990=CARTESIAN_POINT('',(-2.525,1.175,-5.4));
#18991=CARTESIAN_POINT('',(-2.37500000001,1.05000000001,-5.39999999997923));
#18992=CARTESIAN_POINT('',(-2.37500000105448,0.925,-5.39999999938462));
#18993=CARTESIAN_POINT('',(-2.3750000002,1.175,-5.40000000005962));
#18994=CARTESIAN_POINT('',(-2.525,0.925,-5.4));
#18995=CARTESIAN_POINT('',(-2.52499999958229,0.925000000006667,-5.55000000000667));
#18996=CARTESIAN_POINT('',(-2.525,1.175,-5.55));
#18997=CARTESIAN_POINT('',(-2.52500000000333,1.17500000000333,-5.55000000001));
#18998=CARTESIAN_POINT('',(-2.525,1.175,-5.4));
#18999=CARTESIAN_POINT('',(-3.45,-2.175,-2.6));
#19000=CARTESIAN_POINT('',(3.7,-2.175,-2.9));
#19001=CARTESIAN_POINT('',(3.450000000005,-2.17500000001,-2.9000000000627));
#19002=CARTESIAN_POINT('',(3.45,-2.175,-5.1));
#19003=CARTESIAN_POINT('',(1.97,0.925,-2.06));
#19004=CARTESIAN_POINT('',(1.97000000129806,0.92500000001,-2.85000000001));
#19005=CARTESIAN_POINT('',(1.97000000064403,0.925,-2.06000000079231));
#19006=CARTESIAN_POINT('',(1.97000000064403,0.925,-1.59000000089615));
#19007=CARTESIAN_POINT('',(1.97000000001,1.05000000001,-2.05999999999461));
#19008=CARTESIAN_POINT('',(1.97000000085,1.175,-2.05999999951731));
#19009=CARTESIAN_POINT('',(1.97000000171,1.17500000001,-2.77500000001));
#19010=CARTESIAN_POINT('',(1.97000000085,1.175,-1.58999999864615));
#19011=CARTESIAN_POINT('',(1.97000000001,1.05000000001,-1.59000000001));
#19012=CARTESIAN_POINT('',(1.725,0.325,-5.));
#19013=CARTESIAN_POINT('',(1.72500000001,0.32500000001,-5.25000000001));
#19014=CARTESIAN_POINT('',(1.725,0.325000000225221,-5.25));
#19015=CARTESIAN_POINT('',(1.725,0.825,-5.15));
#19016=CARTESIAN_POINT('',(1.72500000145,1.175,-5.1500000003));
#19017=CARTESIAN_POINT('',(1.72500000291,1.17500000001,-2.77500000001));
#19018=CARTESIAN_POINT('',(1.72500000145,1.175,-5.00000000026057));
#19019=CARTESIAN_POINT('',(1.72500000001,0.75000000001,-5.00000000001));
#19020=CARTESIAN_POINT('',(1.72500000120746,0.9250000000125,-4.99999999958557));
#19021=CARTESIAN_POINT('',(1.72500000242493,0.92500000001,-2.85000000001));
#19022=CARTESIAN_POINT('',(1.72500000120746,0.9250000000125,-5.15000000020513));
#19023=CARTESIAN_POINT('',(1.72500000001,0.825,-5.15));
#19024=CARTESIAN_POINT('',(1.725,0.824999999949763,-5.25));
#19025=CARTESIAN_POINT('',(1.72500000001,0.66770509851,-5.25000000001));
#19026=CARTESIAN_POINT('',(-2.95,0.275,-5.45));
#19027=CARTESIAN_POINT('',(-2.80000000001,0.274999999983062,-5.32500000001));
#19028=CARTESIAN_POINT('',(-2.80000000000667,0.275000000009218,-5.45000000000667));
#19029=CARTESIAN_POINT('',(-2.95,0.125,-5.45));
#19030=CARTESIAN_POINT('',(-2.95000000000333,0.12500000001,-5.45000000000333));
#19031=CARTESIAN_POINT('',(-2.95,0.275,-5.45));
#19032=CARTESIAN_POINT('',(1.725,0.175,-5.25));
#19033=CARTESIAN_POINT('',(1.11250000001,0.824999999968979,-5.25000000001));
#19034=CARTESIAN_POINT('',(0.,0.82500000001,-5.25000000001));
#19035=CARTESIAN_POINT('',(-1.72500000001,0.99895000001,-5.25000000001));
#19036=CARTESIAN_POINT('',(-1.72500000000667,1.16041019662344,-5.25000000006202));
#19037=CARTESIAN_POINT('',(0.5,1.16041019662497,-5.25));
#19038=CARTESIAN_POINT('',(-1.75000000000333,1.16041019663384,-5.25000000005939));
#19039=CARTESIAN_POINT('',(-1.75000000001,0.66770509851,-5.25000000001));
#19040=CARTESIAN_POINT('',(-1.75,0.325000000209838,-5.25));
#19041=CARTESIAN_POINT('',(-1.6,0.325,-5.25));
#19042=CARTESIAN_POINT('',(-1.59999999937885,0.175,-5.25));
#19043=CARTESIAN_POINT('',(-0.01250000001,0.17500000001,-5.25000000001));
#19044=CARTESIAN_POINT('',(1.57499999932115,0.175,-5.25));
#19045=CARTESIAN_POINT('',(1.575,0.325,-5.25));
#19046=CARTESIAN_POINT('',(2.7,0.125,-5.1));
#19047=CARTESIAN_POINT('',(3.45,0.825,-5.1));
#19048=CARTESIAN_POINT('',(3.45000000001,0.82500000001017,-5.10000000000333));
#19049=CARTESIAN_POINT('',(3.35,0.825,-5.1));
#19050=CARTESIAN_POINT('',(3.35000000002333,0.925000000006667,-5.10000000120667));
#19051=CARTESIAN_POINT('',(-3.350000002,0.925,-5.1));
#19052=CARTESIAN_POINT('',(3.1500000009735,0.925000000006667,-5.10000000100667));
#19053=CARTESIAN_POINT('',(3.15,0.925,-5.1));
#19054=CARTESIAN_POINT('',(3.15000000100667,1.17500000000667,-5.10000000025667));
#19055=CARTESIAN_POINT('',(3.35,1.175,-5.1));
#19056=CARTESIAN_POINT('',(2.7,0.675,-5.1));
#19057=CARTESIAN_POINT('',(-2.658578644,-1.175,-5.5));
#19058=CARTESIAN_POINT('',(0.,-1.175,-5.5));
#19059=CARTESIAN_POINT('',(1.30771034928438E-10,-1.17500000000667,-4.30000000056222));
#19060=CARTESIAN_POINT('',(-2.658578644,-1.175,-4.3));
#19061=CARTESIAN_POINT('',(1.85,-1.175,-5.5));
#19062=CARTESIAN_POINT('',(1.84999999995682,-1.17500000000333,-5.30000000061871));
#19063=CARTESIAN_POINT('',(2.05,-1.175,-5.3));
#19064=CARTESIAN_POINT('',(2.04999999981046,-1.17500000000667,-5.50000000000667));
#19065=CARTESIAN_POINT('',(-2.658578644,-1.175,-5.5));
#19066=CARTESIAN_POINT('',(2.29999999997599,-1.17500000000333,-5.50000000001));
#19067=CARTESIAN_POINT('',(2.3,-1.175,-5.3));
#19068=CARTESIAN_POINT('',(2.50000000000667,-1.17500000000667,-5.30000000021452));
#19069=CARTESIAN_POINT('',(2.7,-1.175,-5.3));
#19070=CARTESIAN_POINT('',(2.65857864405768,-1.175,-5.10433633124185));
#19071=CARTESIAN_POINT('',(2.658578644,-1.175,-3.6));
#19072=CARTESIAN_POINT('',(2.658578644005,-1.17500000001,-3.600000001255));
#19073=CARTESIAN_POINT('',(-2.658578644,-1.175,-3.6));
#19074=CARTESIAN_POINT('',(1.45,-1.175,-5.5));
#19075=CARTESIAN_POINT('',(1.44999999908424,-1.175,-2.10000000002898));
#19076=CARTESIAN_POINT('',(1.65,-1.175,-2.1));
#19077=CARTESIAN_POINT('',(1.65000000000333,-1.175,-1.89999999834333));
#19078=CARTESIAN_POINT('',(-2.658578644,-1.175,-1.9));
#19079=CARTESIAN_POINT('',(2.65857864401,-1.17500000001,-1.899999998755));
#19080=CARTESIAN_POINT('',(2.658578644,-1.175,-3.6));
#19081=CARTESIAN_POINT('',(2.65857864322577,-1.17500000000667,0.));
#19082=CARTESIAN_POINT('',(-3.7,-1.175,0.));
#19083=CARTESIAN_POINT('',(1.05283513884123E-10,-1.17500000000667,0.));
#19084=CARTESIAN_POINT('',(0.,-1.175,-5.5));
#19085=CARTESIAN_POINT('',(-1.47945453453523,-1.175,-1.64325881297412));
#19086=CARTESIAN_POINT('',(-0.406144244080229,-1.17500000000333,-1.97140269836071));
#19087=CARTESIAN_POINT('',(-0.45,-1.175,-2.114848412));
#19088=CARTESIAN_POINT('',(-0.600000000006667,-1.17500000000667,-2.11484841191852));
#19089=CARTESIAN_POINT('',(-0.6,-1.175,-5.5));
#19090=CARTESIAN_POINT('',(-3.21335562073357,-1.175,-3.68540629808112));
#19091=CARTESIAN_POINT('',(-2.8,0.525,-5.2));
#19092=CARTESIAN_POINT('',(-2.8,0.675,-5.45));
#19093=CARTESIAN_POINT('',(-2.80000000000667,0.524999999981667,-5.45000000000667));
#19094=CARTESIAN_POINT('',(-2.80000000001,0.52500000001,-5.32500000001));
#19095=CARTESIAN_POINT('',(3.35,0.825,-5.1));
#19096=CARTESIAN_POINT('',(3.35000000001,0.82500000001,-0.15000026701));
#19097=CARTESIAN_POINT('',(3.45000010977497,0.82500000046628,-0.150000259955838));
#19098=CARTESIAN_POINT('',(3.35000000013405,0.925000483964967,-0.150000329557672));
#19099=CARTESIAN_POINT('',(3.35000000001,0.92500000001,-2.85000000001));
#19100=CARTESIAN_POINT('',(3.45000000001,0.825000000030511,-2.62500013351));
#19101=CARTESIAN_POINT('',(-2.55,0.925,-2.85));
#19102=CARTESIAN_POINT('',(-2.55,0.925,-2.85));
#19103=CARTESIAN_POINT('',(-2.55000000000333,0.925,-3.00000000081));
#19104=CARTESIAN_POINT('',(-2.55,0.925,-3.));
#19105=CARTESIAN_POINT('',(-2.55000000000333,1.175,-3.00000000171));
#19106=CARTESIAN_POINT('',(-2.55,1.175,-2.85));
#19107=CARTESIAN_POINT('',(2.05,-0.925,-5.3));
#19108=CARTESIAN_POINT('',(2.05000000001,-1.05000000001,-5.50000000001));
#19109=CARTESIAN_POINT('',(1.85000000001,-1.05000000001,-5.29999999993306));
#19110=CARTESIAN_POINT('',(-3.35,0.125,-5.1));
#19111=CARTESIAN_POINT('',(-3.70000000001,-0.67500000001,-5.10000000001));
#19112=CARTESIAN_POINT('',(-3.69999999999412,0.6750000000025,-5.10000000001423));
#19113=CARTESIAN_POINT('',(-3.69999999999412,0.125000000205,-5.10000000001423));
#19114=CARTESIAN_POINT('',(-3.35,0.675,-5.1));
#19115=CARTESIAN_POINT('',(-3.35000000000333,0.675000000003333,-5.45000000001));
#19116=CARTESIAN_POINT('',(-3.35,0.125,-5.45));
#19117=CARTESIAN_POINT('',(-3.35000000000333,0.125000000006667,-5.45000000001));
#19118=CARTESIAN_POINT('',(-3.35,0.125,-5.1));
#19119=CARTESIAN_POINT('',(3.35,0.675,-5.1));
#19120=CARTESIAN_POINT('',(3.35,0.125,-5.1));
#19121=CARTESIAN_POINT('',(3.35000000003387,0.125,-5.45));
#19122=CARTESIAN_POINT('',(3.35000000001,0.40000000001,-5.45000000001));
#19123=CARTESIAN_POINT('',(3.35000000000333,0.675000000003333,-5.45000000001));
#19124=CARTESIAN_POINT('',(3.35,0.675,-5.1));
#19125=CARTESIAN_POINT('',(3.420710678,-0.204289322,-1.9));
#19126=CARTESIAN_POINT('',(3.07500000001,-0.55000000001,-0.14999941401));
#19127=CARTESIAN_POINT('',(2.7292893221144,-0.895710678083586,-0.14999703451));
#19128=CARTESIAN_POINT('',(3.42071067805933,-0.204289322059327,-1.9));
#19129=CARTESIAN_POINT('',(3.42071067593677,-0.204289324120639,-1.90000000023694));
#19130=CARTESIAN_POINT('',(3.420710678,-0.204289322,-1.9));
#19131=CARTESIAN_POINT('',(2.72928932207703,-0.895710678061625,-1.9));
#19132=CARTESIAN_POINT('',(2.72928932214406,-0.89571067811325,-1.02499732751));
#19133=CARTESIAN_POINT('',(-1.85,-0.925,-4.45));
#19134=CARTESIAN_POINT('',(-1.85000000001,-0.92500000001,-4.87500000001));
#19135=CARTESIAN_POINT('',(-1.85,-0.925,-4.45000000002885));
#19136=CARTESIAN_POINT('',(-1.85,-0.925,-5.3));
#19137=CARTESIAN_POINT('',(-1.85000000001,-1.05000000001,-4.4500000000677));
#19138=CARTESIAN_POINT('',(-1.84999999992123,-1.175,-4.45000000002885));
#19139=CARTESIAN_POINT('',(-1.84999999985246,-1.17500000001,-2.75000000001));
#19140=CARTESIAN_POINT('',(-1.84999999992123,-1.175,-5.3));
#19141=CARTESIAN_POINT('',(-1.85000000001,-1.05000000001,-5.30000000001));
#19142=CARTESIAN_POINT('',(-2.225,0.925,-4.85));
#19143=CARTESIAN_POINT('',(-3.350000002,0.925,-4.85));
#19144=CARTESIAN_POINT('',(1.87499999998282,0.925000000006667,-4.84999999867667));
#19145=CARTESIAN_POINT('',(2.22500000000333,0.925,-4.84999999867667));
#19146=CARTESIAN_POINT('',(1.875,1.175,-4.85));
#19147=CARTESIAN_POINT('',(1.87499999998282,1.175,-4.85000000047667));
#19148=CARTESIAN_POINT('',(3.35,1.175,-4.85));
#19149=CARTESIAN_POINT('',(2.22500000000333,1.175,-4.85000000047667));
#19150=CARTESIAN_POINT('',(2.225,1.175,-4.85));
#19151=CARTESIAN_POINT('',(-2.74,1.175,-1.51));
#19152=CARTESIAN_POINT('',(-2.74,0.92500000001,-1.51));
#19153=CARTESIAN_POINT('',(-2.74,1.175,-1.51));
#19154=CARTESIAN_POINT('',(2.01,0.925,-2.14));
#19155=CARTESIAN_POINT('',(2.05,0.925,-2.14));
#19156=CARTESIAN_POINT('',(2.04999999861796,0.925,-2.14000000000333));
#19157=CARTESIAN_POINT('',(2.04999999887667,1.17500000000667,-2.14000000000333));
#19158=CARTESIAN_POINT('',(2.01,1.17500000001,-2.14));
#19159=CARTESIAN_POINT('',(2.00999999999856,1.175,-2.09999999916));
#19160=CARTESIAN_POINT('',(2.01000000001,1.05000000001,-2.10000000001));
#19161=CARTESIAN_POINT('',(2.00999999983856,0.925,-2.09999999976));
#19162=CARTESIAN_POINT('',(2.01,0.925,-2.14));
#19163=CARTESIAN_POINT('',(3.7,-1.875,-2.9));
#19164=CARTESIAN_POINT('',(3.7,-2.175,-2.9));
#19165=CARTESIAN_POINT('',(-3.45000000000333,-2.17500000001,-2.90000000000333));
#19166=CARTESIAN_POINT('',(-3.70000000000333,-2.17500000001,-2.90000000000333));
#19167=CARTESIAN_POINT('',(-3.7,-1.875,-2.9));
#19168=CARTESIAN_POINT('',(-3.7,-1.87499999996486,-3.19999999867667));
#19169=CARTESIAN_POINT('',(3.7,-1.875,-3.2));
#19170=CARTESIAN_POINT('',(-3.45,-1.87499999996486,-3.19999999982516));
#19171=CARTESIAN_POINT('',(-3.45,-1.875,-2.9));
#19172=CARTESIAN_POINT('',(2.74,1.175,-2.06));
#19173=CARTESIAN_POINT('',(2.74,0.925,-2.06));
#19174=CARTESIAN_POINT('',(2.77999999946493,0.925,-2.06000000079795));
#19175=CARTESIAN_POINT('',(2.78000000001,1.05000000001,-2.06000000001));
#19176=CARTESIAN_POINT('',(2.77999999955,1.175,-2.05999999952295));
#19177=CARTESIAN_POINT('',(2.74,1.17500000001,-2.06));
#19178=CARTESIAN_POINT('',(-1.65,-1.175,-3.6));
#19179=CARTESIAN_POINT('',(-3.45,-0.075,-3.6));
#19180=CARTESIAN_POINT('',(3.44999999992,-0.0750000000033333,-3.60000000006636));
#19181=CARTESIAN_POINT('',(3.45,0.825,-3.6));
#19182=CARTESIAN_POINT('',(3.45000000001,-0.133578644336667,-3.60000000006303));
#19183=CARTESIAN_POINT('',(3.35,-0.133578644,-3.6));
#19184=CARTESIAN_POINT('',(2.658578644,-0.825,-3.6));
#19185=CARTESIAN_POINT('',(-2.225,1.175,-5.));
#19186=CARTESIAN_POINT('',(-2.22500000007153,1.05000000001,-4.85000000001));
#19187=CARTESIAN_POINT('',(-2.22499999923077,1.175,-4.85000000035));
#19188=CARTESIAN_POINT('',(-2.22500000006285,0.925,-4.849999999));
#19189=CARTESIAN_POINT('',(-2.225,0.925,-5.));
#19190=CARTESIAN_POINT('',(-2.37500000105448,0.925,-4.99999999958557));
#19191=CARTESIAN_POINT('',(-2.37500000001,1.05000000001,-5.00000000001));
#19192=CARTESIAN_POINT('',(-2.3750000002,1.175,-5.00000000026057));
#19193=CARTESIAN_POINT('',(-2.225,1.175,-5.));
#19194=CARTESIAN_POINT('',(-3.45,-2.175,-2.6));
#19195=CARTESIAN_POINT('',(-3.70000000001,-2.17500000001,-2.55000000001));
#19196=CARTESIAN_POINT('',(-3.7,-2.175,-2.6000000011577));
#19197=CARTESIAN_POINT('',(-3.45000000001,-2.17500000001,-2.62499977501));
#19198=CARTESIAN_POINT('',(-3.45,-2.175,-2.60000000039635));
#19199=CARTESIAN_POINT('',(-3.57500000001,-2.17500000001,-2.60000000012541));
#19200=CARTESIAN_POINT('',(2.8,0.675,-5.45));
#19201=CARTESIAN_POINT('',(2.95,0.125,-5.45));
#19202=CARTESIAN_POINT('',(-3.7045,0.675,-5.45));
#19203=CARTESIAN_POINT('',(-2.95000000000333,0.67500000001,-5.45000000000333));
#19204=CARTESIAN_POINT('',(-2.95,0.525,-5.45));
#19205=CARTESIAN_POINT('',(-2.729289322,-0.895710678,-1.9));
#19206=CARTESIAN_POINT('',(-2.729289322,-0.895710678,-5.1));
#19207=CARTESIAN_POINT('',(-3.42071067801348,-0.204289322178851,-5.10000000007157));
#19208=CARTESIAN_POINT('',(-3.42071067805933,-0.204289322059327,-5.1));
#19209=CARTESIAN_POINT('',(-3.4207106776903,-0.204289321663031,-3.60000000080213));
#19210=CARTESIAN_POINT('',(-2.05,-1.575,-3.6));
#19211=CARTESIAN_POINT('',(-3.35,-0.133578644,0.));
#19212=CARTESIAN_POINT('',(-3.7,-0.133578644,0.));
#19213=CARTESIAN_POINT('',(-3.70000000001,-0.133578644024285,-5.10000000000333));
#19214=CARTESIAN_POINT('',(-3.70000000001,-0.133578644024285,-3.60000000011));
#19215=CARTESIAN_POINT('',(-3.35,-0.133578644,-5.1));
#19216=CARTESIAN_POINT('',(-3.59748737306865,-0.38106601718928,-5.100000000005));
#19217=CARTESIAN_POINT('',(-3.59748737320765,-0.381066017207646,0.));
#19218=CARTESIAN_POINT('',(-3.59748737329647,-0.3810660176902,-3.60000000000667));
#19219=CARTESIAN_POINT('',(-3.35,-0.133578644,-3.6));
#19220=CARTESIAN_POINT('',(-3.,0.925,-5.4));
#19221=CARTESIAN_POINT('',(-3.15000000001,1.05000000001,-5.40000000001));
#19222=CARTESIAN_POINT('',(-3.14999999852015,0.925,-5.39999999941443));
#19223=CARTESIAN_POINT('',(-3.1500000009,1.175,-5.40000000008943));
#19224=CARTESIAN_POINT('',(-3.,1.175,-5.4));
#19225=CARTESIAN_POINT('',(-3.00000000002461,1.17500000000667,-5.55000000000667));
#19226=CARTESIAN_POINT('',(-3.,0.925,-5.55));
#19227=CARTESIAN_POINT('',(-3.00000000002384,0.925000000003333,-5.55000000001));
#19228=CARTESIAN_POINT('',(-3.,0.925,-5.4));
#19229=CARTESIAN_POINT('',(3.7,-1.875,-2.9));
#19230=CARTESIAN_POINT('',(3.45,-1.875,-2.9));
#19231=CARTESIAN_POINT('',(-0.294152565787314,-1.05,-2.81383018193498));
#19232=CARTESIAN_POINT('',(-0.400296809421967,-0.925,-2.8462817338));
#19233=CARTESIAN_POINT('',(-0.40029681014419,-1.17500000000667,-2.84628173386884));
#19234=CARTESIAN_POINT('',(-0.40029680995035,-0.925000000006667,-2.84628173334854));
#19235=CARTESIAN_POINT('',(-3.20750818646675,-1.175,-3.70453239349955));
#19236=CARTESIAN_POINT('',(-0.794478453165523,-0.925,-2.96679515855079));
#19237=CARTESIAN_POINT('',(3.35000080027595,0.825000800474541,-0.150002258636501));
#19238=CARTESIAN_POINT('',(3.34999805010792,0.824998049624038,0.));
#19239=CARTESIAN_POINT('',(3.35000000020072,1.01160583267501,-2.49387550101778E-7));
#19240=CARTESIAN_POINT('',(3.53660196619418,0.825000000978118,-2.55466314355435E-10));
#19241=CARTESIAN_POINT('',(3.35000080027595,0.899999761278894,-0.193302928756073));
#19242=CARTESIAN_POINT('',(3.42499874735275,0.825000800474541,-0.19330234374498));
#19243=CARTESIAN_POINT('',(2.55,1.175,-2.85));
#19244=CARTESIAN_POINT('',(2.55000000001,1.05000000001,-3.00000000001));
#19245=CARTESIAN_POINT('',(2.55000000025,1.175,-3.000000001275));
#19246=CARTESIAN_POINT('',(2.5500000001306,0.925,-3.0000000006));
#19247=CARTESIAN_POINT('',(2.55,0.925,-2.85));
#19248=CARTESIAN_POINT('',(2.70000000077532,0.925000000003333,-2.84999999999821));
#19249=CARTESIAN_POINT('',(2.7,1.175,-2.85));
#19250=CARTESIAN_POINT('',(2.70000000167667,1.175,-2.85000000000333));
#19251=CARTESIAN_POINT('',(2.55,1.175,-2.85));
#19252=CARTESIAN_POINT('',(2.3,-0.925,-5.5));
#19253=CARTESIAN_POINT('',(-0.02,-0.925,-5.5));
#19254=CARTESIAN_POINT('',(-2.05000000003735,-0.925000000006667,-5.50000000001));
#19255=CARTESIAN_POINT('',(-2.30000000000333,-0.925000000006667,-5.50000000001));
#19256=CARTESIAN_POINT('',(-2.05,-1.175,-5.5));
#19257=CARTESIAN_POINT('',(-2.05000000003735,-1.17500000000667,-5.50000000001));
#19258=CARTESIAN_POINT('',(-2.658578644,-1.175,-5.5));
#19259=CARTESIAN_POINT('',(-2.30000000000333,-1.17500000000667,-5.50000000001));
#19260=CARTESIAN_POINT('',(-2.3,-0.925,-5.5));
#19261=CARTESIAN_POINT('',(-0.02,-0.925,-2.905698248));
#19262=CARTESIAN_POINT('',(-0.02000000001,-1.17500000001,-2.75000000001));
#19263=CARTESIAN_POINT('',(-0.02,-1.175,-4.30000000066667));
#19264=CARTESIAN_POINT('',(-0.02000000001,-1.05000000001,-4.30000000001));
#19265=CARTESIAN_POINT('',(-0.02,-0.925,-4.3));
#19266=CARTESIAN_POINT('',(-0.02000000001,-0.92500000001,-3.60284912401));
#19267=CARTESIAN_POINT('',(2.7,1.275,-1.093700908));
#19268=CARTESIAN_POINT('',(-2.7,1.275,-1.093700908));
#19269=CARTESIAN_POINT('',(-2.70000000083667,1.17500000001,-1.09370090862));
#19270=CARTESIAN_POINT('',(-2.70000000000333,1.22500000010552,-1.18030344851457));
#19271=CARTESIAN_POINT('',(2.7,1.175,-1.093700908));
#19272=CARTESIAN_POINT('',(-2.04999999887667,1.17500000001,-1.09370090862));
#19273=CARTESIAN_POINT('',(-2.05,1.275,-1.093700908));
#19274=CARTESIAN_POINT('',(-2.049999999585,1.22499999995798,-1.18030344857555));
#19275=CARTESIAN_POINT('',(2.7,1.22499999986276,-1.18030344860998));
#19276=CARTESIAN_POINT('',(2.05,0.925,-1.51));
#19277=CARTESIAN_POINT('',(2.05,1.175,-5.55));
#19278=CARTESIAN_POINT('',(2.04999999887667,1.175,-2.8499999999841));
#19279=CARTESIAN_POINT('',(2.05,0.925,-5.55));
#19280=CARTESIAN_POINT('',(2.04999999861796,0.925,-2.8499999999841));
#19281=CARTESIAN_POINT('',(2.05,1.175,-2.85));
#19282=CARTESIAN_POINT('',(3.35,-0.133578644,0.));
#19283=CARTESIAN_POINT('',(3.59748737301,-0.38106601701,-0.95000000001));
#19284=CARTESIAN_POINT('',(3.59748737340834,-0.381066017192732,-1.90000000000667));
#19285=CARTESIAN_POINT('',(3.59748737255303,-0.381066017154612,-8.13151629364128E-17));
#19286=CARTESIAN_POINT('',(3.35,-0.133578644,-1.9));
#19287=CARTESIAN_POINT('',(3.35,-0.133578644,0.));
#19288=CARTESIAN_POINT('',(-2.01,1.175,-1.51));
#19289=CARTESIAN_POINT('',(-2.01000000001718,1.05000000001,-1.55000000001));
#19290=CARTESIAN_POINT('',(-2.01000000064287,0.925,-1.54999999944));
#19291=CARTESIAN_POINT('',(-2.01000000000287,1.175,-1.54999999938));
#19292=CARTESIAN_POINT('',(-2.01,0.925,-1.51));
#19293=CARTESIAN_POINT('',(-2.04999999995597,0.925,-1.51000000039615));
#19294=CARTESIAN_POINT('',(-2.05000000001,1.05000000001,-1.51000000001));
#19295=CARTESIAN_POINT('',(-2.04999999915,1.175,-1.50999999979615));
#19296=CARTESIAN_POINT('',(-2.01,1.17500000001,-1.51));
#19297=CARTESIAN_POINT('',(-3.53660190791049,-0.133578648,7.80024287576902E-7));
#19298=CARTESIAN_POINT('',(-3.53660145758199,-1.175,0.));
#19299=CARTESIAN_POINT('',(-3.53659949661,-0.133578646197281,0.));
#19300=CARTESIAN_POINT('',(-3.53659937440657,0.826906962496646,-2.03918036681444E-6));
#19301=CARTESIAN_POINT('',(-3.42500576460211,-0.133578644,-0.193297451804248));
#19302=CARTESIAN_POINT('',(-3.450000000005,-0.133578644745028,-0.150000404752589));
#19303=CARTESIAN_POINT('',(-3.45,-2.175,-0.15000436509813));
#19304=CARTESIAN_POINT('',(-3.35000458687135,0.825002649047678,-0.323208706894423));
#19305=CARTESIAN_POINT('',(2.658578644,-1.01160254,0.));
#19306=CARTESIAN_POINT('',(2.658578644,-0.925,-0.15));
#19307=CARTESIAN_POINT('',(-3.7,-1.01160254,0.));
#19308=CARTESIAN_POINT('',(-2.658578644,-0.825,-3.6));
#19309=CARTESIAN_POINT('',(-2.90606601720765,-1.07248737320765,-3.6));
#19310=CARTESIAN_POINT('',(-2.9060660171664,-1.07248737313046,-1.90000000000667));
#19311=CARTESIAN_POINT('',(-2.9060660171664,-1.07248737313046,0.));
#19312=CARTESIAN_POINT('',(-2.658578644,-0.825,-1.9));
#19313=CARTESIAN_POINT('',(-2.65857864401,-1.17500000001,-1.89999999876));
#19314=CARTESIAN_POINT('',(-2.658578644,-1.175,-3.6));
#19315=CARTESIAN_POINT('',(-2.65857864400333,-1.17500000001,0.));
#19316=CARTESIAN_POINT('',(-2.658578644,-0.825,0.));
#19317=CARTESIAN_POINT('',(-2.658578644,-0.825,-3.6));
#19318=CARTESIAN_POINT('',(-2.658578644,-0.825,-5.1));
#19319=CARTESIAN_POINT('',(-2.90606601733113,-1.07248737351945,-5.0999999998153));
#19320=CARTESIAN_POINT('',(-2.65857864401,-1.17500000001,-2.75000000001));
#19321=CARTESIAN_POINT('',(-2.658578644,-1.175,-3.60000000125));
#19322=CARTESIAN_POINT('',(-2.65857864401,-0.82500000001,-3.60000000001));
#19323=CARTESIAN_POINT('',(-2.90606601703695,-1.07248737327834,-3.6));
#19324=CARTESIAN_POINT('',(-2.90606601747921,-1.07248737337137,-4.35668117451));
#19325=CARTESIAN_POINT('',(1.575,0.325,-5.5));
#19326=CARTESIAN_POINT('',(1.5749999999523,0.17500000001,-5.37500000001));
#19327=CARTESIAN_POINT('',(-2.05,1.485,-1.330414519));
#19328=CARTESIAN_POINT('',(2.7,1.14869103567497,-1.13624644790222));
#19329=CARTESIAN_POINT('',(2.70000000000667,1.48500000000626,-1.3304145189166));
#19330=CARTESIAN_POINT('',(2.70000000084333,1.2249999999749,-1.18030344849742));
#19331=CARTESIAN_POINT('',(-2.05,1.485,-1.330414519));
#19332=CARTESIAN_POINT('',(2.7,1.22499999986276,-1.18030344860998));
#19333=CARTESIAN_POINT('',(-0.62,-0.925,-2.114848412));
#19334=CARTESIAN_POINT('',(-0.620000000010001,-1.05000000001,-2.1148484119446));
#19335=CARTESIAN_POINT('',(-0.619999999866035,-1.175,-2.1148484119673));
#19336=CARTESIAN_POINT('',(-0.62,-0.925,-2.1148484119673));
#19337=CARTESIAN_POINT('',(-0.61999999974207,-1.17500000001,-2.75000000001));
#19338=CARTESIAN_POINT('',(-0.619999999866035,-1.175,-2.6837099249673));
#19339=CARTESIAN_POINT('',(-0.62000000001,-1.05000000001,-2.6837099249446));
#19340=CARTESIAN_POINT('',(-0.619999999933017,-0.925,-2.68370992487535));
#19341=CARTESIAN_POINT('',(-0.62000000001,-0.92500000001,-2.39927916851));
#19342=CARTESIAN_POINT('',(3.35,1.175,-5.55));
#19343=CARTESIAN_POINT('',(2.74,1.175,-1.51));
#19344=CARTESIAN_POINT('',(2.74000000031015,1.175,-1.54999999938));
#19345=CARTESIAN_POINT('',(2.70000000126,1.175,-1.510000000005));
#19346=CARTESIAN_POINT('',(2.7,1.175,-5.55));
#19347=CARTESIAN_POINT('',(2.7000000006275,1.175000000005,-1.44143593582453));
#19348=CARTESIAN_POINT('',(2.70000000251,1.17500000001,-2.77500000001));
#19349=CARTESIAN_POINT('',(2.70000000125,1.175,-1.09370090951063));
#19350=CARTESIAN_POINT('',(0.,1.17500000001,-1.09370090986));
#19351=CARTESIAN_POINT('',(2.04999999831,1.17500000001,-2.77500000001));
#19352=CARTESIAN_POINT('',(2.04999999915,1.175,-1.5099999998041));
#19353=CARTESIAN_POINT('',(2.01,1.175,-1.51));
#19354=CARTESIAN_POINT('',(2.00999999999016,1.175,-1.54999999938));
#19355=CARTESIAN_POINT('',(2.01,1.17500000001,-1.59));
#19356=CARTESIAN_POINT('',(2.01,1.175,-2.06));
#19357=CARTESIAN_POINT('',(2.2,1.175,-2.85));
#19358=CARTESIAN_POINT('',(2.20000000014327,1.175,-3.000000001275));
#19359=CARTESIAN_POINT('',(0.,1.17500000001,-3.00000000256));
#19360=CARTESIAN_POINT('',(2.7,1.175,-5.55));
#19361=CARTESIAN_POINT('',(2.77999999911,1.17500000001,-2.77500000001));
#19362=CARTESIAN_POINT('',(2.77999999955,1.175,-1.5899999986459));
#19363=CARTESIAN_POINT('',(2.74,1.17500000001,-1.59));
#19364=CARTESIAN_POINT('',(3.35,1.175,-3.));
#19365=CARTESIAN_POINT('',(-2.05,1.175,-5.55));
#19366=CARTESIAN_POINT('',(-2.04999999887667,1.175,-2.1399999999982));
#19367=CARTESIAN_POINT('',(-2.01,1.175,-2.14));
#19368=CARTESIAN_POINT('',(-2.01000000000985,1.175,-2.09999999916));
#19369=CARTESIAN_POINT('',(-2.01,1.17500000001,-2.06));
#19370=CARTESIAN_POINT('',(-1.97000000085,1.175,-2.05999999952705));
#19371=CARTESIAN_POINT('',(-1.97000000171,1.17500000001,-2.77500000001));
#19372=CARTESIAN_POINT('',(-1.97000000085,1.175,-1.5899999986541));
#19373=CARTESIAN_POINT('',(-2.01,1.175,-1.59));
#19374=CARTESIAN_POINT('',(-2.04999999831,1.17500000001,-2.77500000001));
#19375=CARTESIAN_POINT('',(-2.049999999155,1.175000000005,-1.44143593593898));
#19376=CARTESIAN_POINT('',(-2.05,1.175,-5.55));
#19377=CARTESIAN_POINT('',(-2.70000000251,1.17500000001,-2.77500000001));
#19378=CARTESIAN_POINT('',(-2.77999999911,1.17500000001,-2.77500000001));
#19379=CARTESIAN_POINT('',(0.,1.17500000001,-5.15000000041));
#19380=CARTESIAN_POINT('',(0.35,1.175,-5.14));
#19381=CARTESIAN_POINT('',(0.350000000084617,1.175,-4.989999999725));
#19382=CARTESIAN_POINT('',(0.,1.17500000001,-4.98999999946));
#19383=CARTESIAN_POINT('',(0.5,1.175,-5.15));
#19384=CARTESIAN_POINT('',(-1.72500000097667,1.17500000001,-5.15000000013667));
#19385=CARTESIAN_POINT('',(-1.72500000291,1.17500000001,-2.77500000001));
#19386=CARTESIAN_POINT('',(0.,1.17500000001,-4.85000000071));
#19387=CARTESIAN_POINT('',(-2.37500000041,1.17500000001,-2.77500000001));
#19388=CARTESIAN_POINT('',(3.35,1.175,-5.55));
#19389=CARTESIAN_POINT('',(-3.15000000181,1.17500000001,-2.77500000001));
#19390=CARTESIAN_POINT('',(-3.15000000100667,1.17500000000667,-5.10000000025667));
#19391=CARTESIAN_POINT('',(3.35,1.175,-5.1));
#19392=CARTESIAN_POINT('',(0.,1.17500000001,0.));
#19393=CARTESIAN_POINT('',(3.15000000181,1.17500000001,-2.77500000001));
#19394=CARTESIAN_POINT('',(0.,1.17500000001,-5.55000000001));
#19395=CARTESIAN_POINT('',(2.225,1.175,-5.));
#19396=CARTESIAN_POINT('',(1.875,1.175,-5.));
#19397=CARTESIAN_POINT('',(1.45,-1.175,-2.1));
#19398=CARTESIAN_POINT('',(1.45000000001,-1.05000000001,-2.10000000008694));
#19399=CARTESIAN_POINT('',(2.3,-1.175,-5.3));
#19400=CARTESIAN_POINT('',(2.29999999992796,-1.05000000001,-5.50000000001));
#19401=CARTESIAN_POINT('',(2.50000000001,-1.04473204001,-5.29999999993306));
#19402=CARTESIAN_POINT('',(-3.45,-0.075,-2.3));
#19403=CARTESIAN_POINT('',(3.45,0.825,-2.3));
#19404=CARTESIAN_POINT('',(0.,-0.925,-4.3));
#19405=CARTESIAN_POINT('',(0.,-1.175,0.));
#19406=CARTESIAN_POINT('',(-2.05882035107151E-10,-1.01160254028445,0.));
#19407=CARTESIAN_POINT('',(0.,-1.01160254,0.));
#19408=CARTESIAN_POINT('',(-2.79052520360082,-0.956946582600817,7.80110047732166E-7));
#19409=CARTESIAN_POINT('',(-3.13623557463547,-0.611235574635473,0.));
#19410=CARTESIAN_POINT('',(-3.48194516529511,-0.265523809192426,0.));
#19411=CARTESIAN_POINT('',(-2.729289322,-0.895710678,-0.150002152427573));
#19412=CARTESIAN_POINT('',(-3.42071061199454,-0.204289255979357,-0.14999731595772));
#19413=CARTESIAN_POINT('',(-3.40303640721411,-0.186615051214107,-0.19329689859847));
#19414=CARTESIAN_POINT('',(3.481947538,-0.265526159,0.));
#19415=CARTESIAN_POINT('',(3.48194753741,-0.26552615926,0.));
#19416=CARTESIAN_POINT('',(2.79052380754556,-0.95694516391698,0.));
#19417=CARTESIAN_POINT('',(2.71161400947385,-0.878034574544975,-0.193295496930253));
#19418=CARTESIAN_POINT('',(-1.65,-0.925,-2.1));
#19419=CARTESIAN_POINT('',(-1.65000000001,-0.92500000001,-2.10000000001));
#19420=CARTESIAN_POINT('',(-1.65000000004102,-0.92500000015,-1.9));
#19421=CARTESIAN_POINT('',(-1.45,-0.925,-2.1));
#19422=CARTESIAN_POINT('',(-1.45000000001,-1.05000000001,-2.10000000001));
#19423=CARTESIAN_POINT('',(-1.45000000001054,-1.175,-2.1));
#19424=CARTESIAN_POINT('',(-1.65000000001,-1.17500000001,-2.10000000001));
#19425=CARTESIAN_POINT('',(-1.65000000004102,-1.175,-1.89999999875));
#19426=CARTESIAN_POINT('',(-1.65000000009204,-1.05000000001,-1.90000000001));
#19427=CARTESIAN_POINT('',(2.7,0.125,-5.1));
#19428=CARTESIAN_POINT('',(-3.15,0.925,-5.1));
#19429=CARTESIAN_POINT('',(-3.14999999836239,0.925000000006667,-5.10000000100667));
#19430=CARTESIAN_POINT('',(-3.350000002,0.925,-5.1));
#19431=CARTESIAN_POINT('',(-3.45,-2.175,-5.1));
#19432=CARTESIAN_POINT('',(-3.7045,0.675,-5.1));
#19433=CARTESIAN_POINT('',(-3.7,0.825,-5.1));
#19434=CARTESIAN_POINT('',(-1.97,0.925,-2.06));
#19435=CARTESIAN_POINT('',(-1.97000000001,1.05000000001,-1.5900000000182));
#19436=CARTESIAN_POINT('',(-1.97000000164403,0.925,-1.5900000009041));
#19437=CARTESIAN_POINT('',(-1.97000000001,1.05000000001,-2.06000000001));
#19438=CARTESIAN_POINT('',(-1.97000000164403,0.925,-2.06000000080205));
#19439=CARTESIAN_POINT('',(-1.97000000329806,0.92500000001,-2.85000000001));
#19440=CARTESIAN_POINT('',(2.01,0.925,-1.51));
#19441=CARTESIAN_POINT('',(2.00999999999359,1.05000000001,-1.55000000001));
#19442=CARTESIAN_POINT('',(2.00999999983016,0.925,-1.54999999944));
#19443=CARTESIAN_POINT('',(2.05000000001,1.05000000001,-1.5100000000182));
#19444=CARTESIAN_POINT('',(2.04999999895597,0.925,-1.5100000004041));
#19445=CARTESIAN_POINT('',(2.01,0.92500000001,-1.51));
#19446=CARTESIAN_POINT('',(3.15,0.925,-5.1));
#19447=CARTESIAN_POINT('',(3.1500000017503,0.92500000001,-2.85000000001));
#19448=CARTESIAN_POINT('',(-3.7,-1.175,0.));
#19449=CARTESIAN_POINT('',(0.,-1.01160254011,0.));
#19450=CARTESIAN_POINT('',(2.65857864442004,-1.01159892006,0.));
#19451=CARTESIAN_POINT('',(2.658578644,-0.825,0.));
#19452=CARTESIAN_POINT('',(2.90606601714738,-1.07248737314948,0.));
#19453=CARTESIAN_POINT('',(3.25177669501,-0.72677669501,0.));
#19454=CARTESIAN_POINT('',(-3.70000000001,-0.67500000001,0.));
#19455=CARTESIAN_POINT('',(-3.7,-0.133578644181428,-5.42101086242752E-17));
#19456=CARTESIAN_POINT('',(-3.35,-0.133578644,-1.00000813151629E-11));
#19457=CARTESIAN_POINT('',(-3.5974873729451,-0.381066017345098,-3.33339657846005E-12));
#19458=CARTESIAN_POINT('',(-3.597487373,-0.381066017,0.));
#19459=CARTESIAN_POINT('',(-1.33928932201,-1.17500000001,0.));
#19460=CARTESIAN_POINT('',(-3.35000000001,-0.13357864401,0.));
#19461=CARTESIAN_POINT('',(-3.35,0.824998049639785,0.));
#19462=CARTESIAN_POINT('',(-3.35000000151,1.011603473814,1.24132337125045E-7));
#19463=CARTESIAN_POINT('',(0.,1.01160368926,0.));
#19464=CARTESIAN_POINT('',(3.53660001541,0.,0.));
#19465=CARTESIAN_POINT('',(2.65858000824448,-0.825003291320601,0.));
#19466=CARTESIAN_POINT('',(-1.7,-1.175,-4.45));
#19467=CARTESIAN_POINT('',(-1.70000000001,-0.92500000001,-4.45000000001));
#19468=CARTESIAN_POINT('',(-1.7,-0.925,-4.3));
#19469=CARTESIAN_POINT('',(-1.70000000001,-1.05000000001,-4.30000000001));
#19470=CARTESIAN_POINT('',(-1.7,-1.175,-4.3000000005));
#19471=CARTESIAN_POINT('',(-1.70000000001,-1.17500000001,-4.45000000001));
#19472=CARTESIAN_POINT('',(1.85,-0.925,-5.3));
#19473=CARTESIAN_POINT('',(-2.01,0.925,-1.59));
#19474=CARTESIAN_POINT('',(-2.01,0.92500000001,-1.59));
#19475=CARTESIAN_POINT('',(-0.45,-0.925,-2.114848412));
#19476=CARTESIAN_POINT('',(-0.60000000001,-1.05000000001,-2.11484841201));
#19477=CARTESIAN_POINT('',(-0.406144244337342,-1.05000000001,-1.97140269860461));
#19478=CARTESIAN_POINT('',(-2.05,0.925,-1.51));
#19479=CARTESIAN_POINT('',(-2.05,1.175,-2.14));
#19480=CARTESIAN_POINT('',(-2.04999999997731,0.925000000006667,-2.14000000085974));
#19481=CARTESIAN_POINT('',(-2.05,0.925,-5.55));
#19482=CARTESIAN_POINT('',(2.525,0.925,-5.55));
#19483=CARTESIAN_POINT('',(-3.350000002,0.925,-5.55));
#19484=CARTESIAN_POINT('',(2.78,0.925,-1.59));
#19485=CARTESIAN_POINT('',(2.77999999893985,0.92500000001,-2.85000000001));
#19486=CARTESIAN_POINT('',(2.77999999946493,0.925,-1.5900000008959));
#19487=CARTESIAN_POINT('',(2.78000000001,1.05000000001,-1.5900000000018));
#19488=CARTESIAN_POINT('',(-3.45,-0.075,-3.4));
#19489=CARTESIAN_POINT('',(3.45,-0.075,-3.4));
#19490=CARTESIAN_POINT('',(-3.45,-0.075,-2.3));
#19491=CARTESIAN_POINT('',(-3.70000000001,-0.67500000001,-2.29999999921));
#19492=CARTESIAN_POINT('',(-3.7,-1.87500000001347,-2.2999999996));
#19493=CARTESIAN_POINT('',(-3.7,-0.0749999999807656,-2.2999999996));
#19494=CARTESIAN_POINT('',(-3.57500000001,-1.87500000001,-2.30000000001));
#19495=CARTESIAN_POINT('',(-3.45,-1.87500000001347,-2.30000000057728));
#19496=CARTESIAN_POINT('',(-3.45000000001,-0.67500000001,-2.30000000116457));
#19497=CARTESIAN_POINT('',(-3.45,-0.0749999999807654,-2.30000000057728));
#19498=CARTESIAN_POINT('',(-3.57500000001,-0.07500000001,-2.30000000001));
#19499=CARTESIAN_POINT('',(2.05,1.485,-1.537459335));
#19500=CARTESIAN_POINT('',(-2.7,1.485,-1.537459335));
#19501=CARTESIAN_POINT('',(-2.70000000000667,1.48500000000645,-1.33041451888741));
#19502=CARTESIAN_POINT('',(2.05,1.485,-1.330414519));
#19503=CARTESIAN_POINT('',(-2.05000000000667,1.48500000000645,-1.33041451891671));
#19504=CARTESIAN_POINT('',(-2.05,1.485,-1.51));
#19505=CARTESIAN_POINT('',(2.05,1.445988499,-1.59752147));
#19506=CARTESIAN_POINT('',(2.37500000001,1.44598849901,-1.59752147001));
#19507=CARTESIAN_POINT('',(2.7,1.44598849900546,-1.5975214700042));
#19508=CARTESIAN_POINT('',(2.37500000001,1.48500000001,-1.53745933501));
#19509=CARTESIAN_POINT('',(2.7,1.485,-1.53745933474769));
#19510=CARTESIAN_POINT('',(2.7,1.59711375777744,-1.36484891288407));
#19511=CARTESIAN_POINT('',(2.658578644,-0.825,-1.9));
#19512=CARTESIAN_POINT('',(2.65857864401,-0.82500000001,-0.14999465501));
#19513=CARTESIAN_POINT('',(2.658578644,-0.825,-1.9));
#19514=CARTESIAN_POINT('',(-3.35,-0.133578644,-5.1));
#19515=CARTESIAN_POINT('',(-3.35,-0.133578644,-0.149992749664845));
#19516=CARTESIAN_POINT('',(-3.42071067805933,-0.204289322059327,-5.1));
#19517=CARTESIAN_POINT('',(-3.42071067798254,-0.204289322074867,-1.90000000000667));
#19518=CARTESIAN_POINT('',(-3.35,-0.133578644,-1.9));
#19519=CARTESIAN_POINT('',(-3.45000000001,-0.133578644336667,-1.89999999950031));
#19520=CARTESIAN_POINT('',(-3.45,-0.133578644,-5.1));
#19521=CARTESIAN_POINT('',(2.05,1.485,-1.537459335));
#19522=CARTESIAN_POINT('',(2.70000000001,1.48500000001,-1.34561118901));
#19523=CARTESIAN_POINT('',(2.8,0.675,-5.45));
#19524=CARTESIAN_POINT('',(2.95,0.275,-5.45));
#19525=CARTESIAN_POINT('',(2.8,0.275000000059617,-5.45));
#19526=CARTESIAN_POINT('',(2.95000000006057,0.125,-5.45));
#19527=CARTESIAN_POINT('',(2.80000000001,0.40000000001,-5.45000000001));
#19528=CARTESIAN_POINT('',(2.8,0.675,-5.45));
#19529=CARTESIAN_POINT('',(3.07500000001,0.12500000001,-5.45000000001));
#19530=CARTESIAN_POINT('',(-2.7,1.175,-1.090677985));
#19531=CARTESIAN_POINT('',(-2.7,1.485,-1.330414519));
#19532=CARTESIAN_POINT('',(-2.7,1.363159751,-1.549813285));
#19533=CARTESIAN_POINT('',(-2.7000000003225,1.3630964612362,-1.54990511648994));
#19534=CARTESIAN_POINT('',(-2.7,1.20705598925162,-1.45994346947895));
#19535=CARTESIAN_POINT('',(1.575,0.175,-5.25));
#19536=CARTESIAN_POINT('',(-1.6000000000677,0.17500000001,-5.37500000001));
#19537=CARTESIAN_POINT('',(-3.35,-0.133578644,0.));
#19538=CARTESIAN_POINT('',(-3.70000000001,-0.133578644072856,-0.95000000001));
#19539=CARTESIAN_POINT('',(-3.7,-0.133578644356428,-1.9000000005));
#19540=CARTESIAN_POINT('',(-3.35,-0.133578644,-1.9));
#19541=CARTESIAN_POINT('',(-3.59748737320825,-0.381066017081945,-1.90000000000333));
#19542=CARTESIAN_POINT('',(-3.59748737320765,-0.381066017207646,0.));
#19543=CARTESIAN_POINT('',(2.95,0.125,-5.1));
#19544=CARTESIAN_POINT('',(2.95,0.125,-5.1));
#19545=CARTESIAN_POINT('',(2.95,0.275,-5.45));
#19546=CARTESIAN_POINT('',(2.95000000001,0.12500000001,-5.27500000001));
#19547=CARTESIAN_POINT('',(2.80000000001,0.27500000001,-5.32500000001));
#19548=CARTESIAN_POINT('',(-2.01,0.925,-2.06));
#19549=CARTESIAN_POINT('',(-2.01000000002641,1.05000000001,-2.10000000001));
#19550=CARTESIAN_POINT('',(-2.01000000064984,0.925,-2.09999999976));
#19551=CARTESIAN_POINT('',(-2.01,0.925,-2.06));
#19552=CARTESIAN_POINT('',(1.875,1.175,-5.));
#19553=CARTESIAN_POINT('',(1.875,0.92500000001,-5.));
#19554=CARTESIAN_POINT('',(2.225,1.175,-5.));
#19555=CARTESIAN_POINT('',(2.225,0.925,-5.));
#19556=CARTESIAN_POINT('',(-2.78,0.925,-1.59));
#19557=CARTESIAN_POINT('',(-2.78000000093985,0.92500000001,-2.85000000001));
#19558=CARTESIAN_POINT('',(-3.15,0.925,-5.1));
#19559=CARTESIAN_POINT('',(-3.1499999970503,0.92500000001,-2.85000000001));
#19560=CARTESIAN_POINT('',(-3.45,-1.875,-2.6));
#19561=CARTESIAN_POINT('',(-3.7,-1.875,-2.6));
#19562=CARTESIAN_POINT('',(-3.45,-1.875,-2.6));
#19563=CARTESIAN_POINT('',(1.65,-1.175,-2.1));
#19564=CARTESIAN_POINT('',(1.65,-1.175,-1.9));
#19565=CARTESIAN_POINT('',(-3.45,-2.175,-5.1));
#19566=CARTESIAN_POINT('',(-3.45000000001,-0.67500000001,-1.89999999850094));
#19567=CARTESIAN_POINT('',(-3.449999999875,-0.0749999999948723,-1.89999999924547));
#19568=CARTESIAN_POINT('',(-3.45000000001,-0.075,-2.1));
#19569=CARTESIAN_POINT('',(-3.45000000001,-0.67500000001,-3.19999999973274));
#19570=CARTESIAN_POINT('',(-3.45,-0.0749999999897447,-3.19999999986137));
#19571=CARTESIAN_POINT('',(-3.45,-0.075,-3.4));
#19572=CARTESIAN_POINT('',(-3.449999999875,-0.0749999999903826,-3.60000000119319));
#19573=CARTESIAN_POINT('',(-3.45000000001,-0.67500000001,-3.60000000239638));
#19574=CARTESIAN_POINT('',(-3.44999999975,-0.133578644565383,-3.60000000119319));
#19575=CARTESIAN_POINT('',(-3.45000000001,-0.13357864501,-2.62499977501));
#19576=CARTESIAN_POINT('',(-3.45000000001,-0.133578644336667,-5.10000000000333));
#19577=CARTESIAN_POINT('',(-3.45,-2.175,-5.1));
#19578=CARTESIAN_POINT('',(2.7,1.175,-1.090677985));
#19579=CARTESIAN_POINT('',(2.7,1.20705598925162,-1.45994346947895));
#19580=CARTESIAN_POINT('',(2.7,0.925,-1.51));
#19581=CARTESIAN_POINT('',(2.70000000116298,0.925,-1.510000000005));
#19582=CARTESIAN_POINT('',(2.7,0.925,-5.55));
#19583=CARTESIAN_POINT('',(2.01,1.175,-2.06));
#19584=CARTESIAN_POINT('',(2.01,0.92500000001,-2.06));
#19585=CARTESIAN_POINT('',(-3.35,0.825000800467649,-0.150001263089264));
#19586=CARTESIAN_POINT('',(-3.35,0.900000192361769,-0.193302182098629));
#19587=CARTESIAN_POINT('',(-0.45,-0.925,-2.114848412));
#19588=CARTESIAN_POINT('',(-0.45000000001,-1.17500000001,-2.11484841201));
#19589=CARTESIAN_POINT('',(-0.45000000001,-0.92500000001,-2.11484841201));
#19590=CARTESIAN_POINT('',(-0.5,0.825,-5.25));
#19591=CARTESIAN_POINT('',(2.906066017,-1.072487373,-1.9));
#19592=CARTESIAN_POINT('',(2.906066017,-1.072487373,-1.9));
#19593=CARTESIAN_POINT('',(2.90606601724171,-1.07248737326534,-1.90000000000333));
#19594=CARTESIAN_POINT('',(2.90606601720765,-1.07248737320765,-3.6));
#19595=CARTESIAN_POINT('',(2.3,-0.925,-5.5));
#19596=CARTESIAN_POINT('',(-2.225,0.925,-4.85));
#19597=CARTESIAN_POINT('',(0.,0.92500000001,-4.84999999801));
#19598=CARTESIAN_POINT('',(2.55,0.925,-3.));
#19599=CARTESIAN_POINT('',(-3.350000002,0.925,-3.));
#19600=CARTESIAN_POINT('',(-1.725,0.8229,-5.25));
#19601=CARTESIAN_POINT('',(-1.725,0.825,-5.15));
#19602=CARTESIAN_POINT('',(-1.72499999772493,0.92500000001,-2.85000000001));
#19603=CARTESIAN_POINT('',(-3.7045,0.675,-5.1));
#19604=CARTESIAN_POINT('',(-0.02,-0.925,-4.3));
#19605=CARTESIAN_POINT('',(0.,-0.925,-4.3));
#19606=CARTESIAN_POINT('',(-2.05,-1.175,-5.3));
#19607=CARTESIAN_POINT('',(-2.05000000001,-0.92500000001,-5.30000000001));
#19608=CARTESIAN_POINT('',(-2.05000000001,-1.17500000001,-5.30000000001));
#19609=CARTESIAN_POINT('',(-2.3,-0.925,-5.3));
#19610=CARTESIAN_POINT('',(-2.30000000001,-1.17500000001,-5.30000000001));
#19611=CARTESIAN_POINT('',(-2.30000000001,-0.92500000001,-5.30000000001));
#19612=CARTESIAN_POINT('',(2.65857808407383,-0.824998649144955,-0.149991845002244));
#19613=CARTESIAN_POINT('',(2.65857808407383,-0.900003193667717,-0.193295738783672));
#19614=CARTESIAN_POINT('',(2.8,0.275,-5.2));
#19615=CARTESIAN_POINT('',(-0.35,0.925,-4.99));
#19616=CARTESIAN_POINT('',(0.,0.92500000001,-4.98999999841));
#19617=CARTESIAN_POINT('',(0.349999999636856,0.925,-4.9899999992));
#19618=CARTESIAN_POINT('',(0.35000000001,1.05000000001,-4.99000000001));
#19619=CARTESIAN_POINT('',(0.35,1.175,-5.14));
#19620=CARTESIAN_POINT('',(0.35,0.925,-5.14));
#19621=CARTESIAN_POINT('',(-3.45,-1.875,-3.2));
#19622=CARTESIAN_POINT('',(-3.70000000001,-0.67500000001,-3.19999999801));
#19623=CARTESIAN_POINT('',(-3.7,-0.0749999999897449,-3.199999999));
#19624=CARTESIAN_POINT('',(-3.57500000001,-0.07500000001,-3.20000000001));
#19625=CARTESIAN_POINT('',(-1.75,0.325,-5.25));
#19626=CARTESIAN_POINT('',(-1.75000000001,0.32500000001,-5.37500000001));
#19627=CARTESIAN_POINT('',(-1.75,0.825,-5.15));
#19628=CARTESIAN_POINT('',(-1.65,-0.075,-1.9));
#19629=CARTESIAN_POINT('',(3.35,-0.133578644,-1.9));
#19630=CARTESIAN_POINT('',(3.44999999994,-0.133578644458463,-1.90000000103123));
#19631=CARTESIAN_POINT('',(3.45,0.825,-1.9));
#19632=CARTESIAN_POINT('',(2.658578644,-0.825,-1.9));
#19633=CARTESIAN_POINT('',(-1.65,-1.175,-3.6));
#19634=CARTESIAN_POINT('',(-1.65000000001,-0.62500000001,-3.60000000001));
#19635=CARTESIAN_POINT('',(-1.65,-1.175,-3.60000000125));
#19636=CARTESIAN_POINT('',(-1.65,-0.92500000015,-3.6));
#19637=CARTESIAN_POINT('',(-2.67500000001,-0.92500000031,-3.60000000001));
#19638=CARTESIAN_POINT('',(-3.35,-0.133578644,-3.60000000120319));
#19639=CARTESIAN_POINT('',(-2.67500000001,-0.07500000001,-3.60000000001));
#19640=CARTESIAN_POINT('',(-3.7,-0.0749999999903828,-3.60000000015));
#19641=CARTESIAN_POINT('',(-3.70000000001,-0.67500000001,-3.60000000031));
#19642=CARTESIAN_POINT('',(-3.59748737406,-0.38106601741,-3.60000000001));
#19643=CARTESIAN_POINT('',(-1.33928932201,-1.17500000001,-3.60000000251));
#19644=CARTESIAN_POINT('',(2.525,0.925,-5.55));
#19645=CARTESIAN_POINT('',(0.,0.92500000001,-5.55000000001));
#19646=CARTESIAN_POINT('',(-3.45,-0.075,-3.4));
#19647=CARTESIAN_POINT('',(-3.7,-0.075,-3.4));
#19648=CARTESIAN_POINT('',(2.29850860566927E-14,1.20705598925162,-1.45994346947895));
#19649=CARTESIAN_POINT('',(-2.05,1.0500000000249,-1.36926715188754));
#19650=CARTESIAN_POINT('',(-2.05000000000667,1.05000000001208,-1.36926715197408));
#19651=CARTESIAN_POINT('',(-2.7000000003225,1.36304085443856,-1.55000137339056));
#19652=CARTESIAN_POINT('',(-2.483333389105,1.36304085443856,-1.55000137339056));
#19653=CARTESIAN_POINT('',(-2.2666667778875,1.36304085443856,-1.55000137339056));
#19654=CARTESIAN_POINT('',(-2.05000016667,1.36304085443856,-1.55000137339056));
#19655=CARTESIAN_POINT('',(-2.05000016667,1.36309651955416,-1.54990505320355));
#19656=CARTESIAN_POINT('',(-2.05,1.20705598925162,-1.45994346947895));
#19657=CARTESIAN_POINT('',(-2.05,1.01718911084948,-1.35032377611547));
#19658=CARTESIAN_POINT('',(3.45,0.825,-5.1));
#19659=CARTESIAN_POINT('',(3.45000000001,-0.67500000001,-0.15000026592136));
#19660=CARTESIAN_POINT('',(3.45000000001,-0.52766277901,-5.10000000001));
#19661=CARTESIAN_POINT('',(3.45000000001,-0.133578644505,-5.100000000005));
#19662=CARTESIAN_POINT('',(3.45,-0.133578644,-1.9));
#19663=CARTESIAN_POINT('',(3.45,-0.133578644,-1.9));
#19664=CARTESIAN_POINT('',(2.74,0.925,-1.51));
#19665=CARTESIAN_POINT('',(2.73999999999359,1.05000000001,-1.55000000001));
#19666=CARTESIAN_POINT('',(2.74000000023732,0.925,-1.54999999944));
#19667=CARTESIAN_POINT('',(2.74,0.925,-1.51));
#19668=CARTESIAN_POINT('',(-3.35,-0.133578644,-0.149994655));
#19669=CARTESIAN_POINT('',(-1.65,-1.175,-3.4));
#19670=CARTESIAN_POINT('',(-1.65000000001,-1.17500000001,-3.40000000001));
#19671=CARTESIAN_POINT('',(-1.45000000001054,-1.175,-3.40000000002051));
#19672=CARTESIAN_POINT('',(-1.45000000001,-1.05000000001,-3.40000000005102));
#19673=CARTESIAN_POINT('',(-1.45,-0.925,-3.40000000002051));
#19674=CARTESIAN_POINT('',(-1.65000000001,-0.92500000001,-3.40000000001));
#19675=CARTESIAN_POINT('',(-2.01,1.175,-2.14));
#19676=CARTESIAN_POINT('',(-2.01,0.92500000001,-2.14));
#19677=CARTESIAN_POINT('',(-2.05,0.925,-1.51));
#19678=CARTESIAN_POINT('',(-2.05,1.14276279436616,-1.13282377618652));
#19679=CARTESIAN_POINT('',(-2.05,1.363159751,-1.549813285));
#19680=CARTESIAN_POINT('',(2.658578644,-1.01160254,0.));
#19681=CARTESIAN_POINT('',(2.29850860566927E-14,1.20705598925162,-1.45994346947895));
#19682=CARTESIAN_POINT('',(2.05,1.20705598925162,-1.45994346947895));
#19683=CARTESIAN_POINT('',(2.0499999997975,1.363040755862,-1.55000131647735));
#19684=CARTESIAN_POINT('',(2.26666661097667,1.363040755862,-1.55000131647735));
#19685=CARTESIAN_POINT('',(2.48333322215583,1.363040755862,-1.55000131647735));
#19686=CARTESIAN_POINT('',(2.699999833335,1.363040755862,-1.55000131647735));
#19687=CARTESIAN_POINT('',(2.699999833335,1.36309652775752,-1.54990505796219));
#19688=CARTESIAN_POINT('',(2.7,1.02311735215829,-1.35374644783118));
#19689=CARTESIAN_POINT('',(-3.597487373,-0.381066017,-5.1));
#19690=CARTESIAN_POINT('',(-3.597487373,-0.381066017,-1.9));
#19691=CARTESIAN_POINT('',(2.7,0.125,-5.1));
#19692=CARTESIAN_POINT('',(-3.597487373,-0.381066017,-5.1));
#19693=CARTESIAN_POINT('',(-3.7,0.825,-5.1));
#19694=CARTESIAN_POINT('',(-3.35,-0.133578644,-5.1));
#19695=CARTESIAN_POINT('',(-3.35,-0.133578644,-5.1));
#19696=CARTESIAN_POINT('',(2.658578644,-0.825,-3.6));
#19697=CARTESIAN_POINT('',(-2.658578644,-1.175,-5.5));
#19698=CARTESIAN_POINT('',(-1.33928932201,-1.17500000001,-1.89999999751));
#19699=CARTESIAN_POINT('',(-1.45000000003108,-1.17500000001,-2.75000000001));
#19700=CARTESIAN_POINT('',(-1.33928932201,-1.17500000001,-4.30000000101));
#19701=CARTESIAN_POINT('',(-0.45000000001,-1.17500000001,-2.68370992501));
#19702=CARTESIAN_POINT('',(-1.6,0.325,-5.5));
#19703=CARTESIAN_POINT('',(2.7,0.125,-5.1));
#19704=CARTESIAN_POINT('',(3.20000000001,0.12500000001,-5.10000000001));
#19705=CARTESIAN_POINT('',(2.658578644,-0.825,-5.09999999985424));
#19706=CARTESIAN_POINT('',(2.69999999999098,-1.17254031603235,-5.09999999992712));
#19707=CARTESIAN_POINT('',(2.69999999992796,-1.04473204001,-5.10000000001));
#19708=CARTESIAN_POINT('',(3.35000000000001,-0.133578644,-5.1));
#19709=CARTESIAN_POINT('',(0.5,0.825,-5.15));
#19710=CARTESIAN_POINT('',(-2.375,0.925,-5.4));
#19711=CARTESIAN_POINT('',(-2.37500000211895,0.92500000001,-2.85000000001));
#19712=CARTESIAN_POINT('',(2.7,1.275,-1.093700908));
#19713=CARTESIAN_POINT('',(2.70000000126,1.275,-1.093700908));
#19714=CARTESIAN_POINT('',(2.658578644,-0.825,-3.6));
#19715=CARTESIAN_POINT('',(2.70000000005966,-1.17254031607242,-5.09999999995209));
#19716=CARTESIAN_POINT('',(2.68609131080355,-1.17419801373614,-5.09999999994794));
#19717=CARTESIAN_POINT('',(2.67228207310479,-1.17499999999548,-5.10143536032974));
#19718=CARTESIAN_POINT('',(2.65857864411537,-1.175,-5.1043363312283));
#19719=CARTESIAN_POINT('',(2.95,0.125,-5.1));
#19720=CARTESIAN_POINT('',(0.5,0.825,-5.15));
#19721=CARTESIAN_POINT('',(2.55,0.925,-3.));
#19722=CARTESIAN_POINT('',(2.20000000001,1.05000000001,-3.00000000001));
#19723=CARTESIAN_POINT('',(2.19999999997162,0.925,-3.0000000006));
#19724=CARTESIAN_POINT('',(0.,0.92500000001,-3.00000000121));
#19725=CARTESIAN_POINT('',(2.7,-0.91446408,-5.3));
#19726=CARTESIAN_POINT('',(-3.7045,0.675,-5.1));
#19727=CARTESIAN_POINT('',(-2.95000000001,0.67500000001,-5.27500000001));
#19728=CARTESIAN_POINT('',(3.35,-0.133578644,-1.9));
#19729=CARTESIAN_POINT('',(-2.729289322,-0.895710678,-1.9));
#19730=CARTESIAN_POINT('',(-2.72928932205933,-0.895710678059327,-1.9));
#19731=CARTESIAN_POINT('',(-2.7292893220071,-0.895710677967823,-1.9));
#19732=CARTESIAN_POINT('',(-3.07500000001,-0.55000000001,-1.90000000001));
#19733=CARTESIAN_POINT('',(-0.406144244,-0.925,-1.971402699));
#19734=CARTESIAN_POINT('',(-1.45,-1.175,-2.1));
#19735=CARTESIAN_POINT('',(-1.45000000001,-0.92500000001,-2.75000000001));
#19736=CARTESIAN_POINT('',(-3.45,-0.075,-2.1));
#19737=CARTESIAN_POINT('',(-2.67500000001,-0.07500000001,-1.90000000001));
#19738=CARTESIAN_POINT('',(-3.7,-0.0749999999948725,-1.900000001));
#19739=CARTESIAN_POINT('',(-3.7,-0.075,-2.1));
#19740=CARTESIAN_POINT('',(-0.02,-0.925,-4.3));
#19741=CARTESIAN_POINT('',(-0.86000000001,-0.92500000001,-4.30000000001));
#19742=CARTESIAN_POINT('',(-3.7,0.825,-5.1));
#19743=CARTESIAN_POINT('',(-3.70000000001,-0.67500000001,-1.90000000201));
#19744=CARTESIAN_POINT('',(2.05,1.363159751,-1.549813285));
#19745=CARTESIAN_POINT('',(2.74,1.175,-1.59));
#19746=CARTESIAN_POINT('',(2.74,0.92500000001,-1.59));
#19747=CARTESIAN_POINT('',(2.01,1.175,-1.59));
#19748=CARTESIAN_POINT('',(2.01,0.925,-1.59));
#19749=CARTESIAN_POINT('',(3.536601908,0.825000003,0.));
#19750=CARTESIAN_POINT('',(-3.350000002,0.925,-5.55));
#19751=CARTESIAN_POINT('',(2.04999999792194,0.92500000001,-2.85000000001));
#19752=CARTESIAN_POINT('',(2.7,0.925,-5.55));
#19753=CARTESIAN_POINT('',(2.2,0.925,-2.85));
#19754=CARTESIAN_POINT('',(0.,0.92500000001,-1.15276080301));
#19755=CARTESIAN_POINT('',(-2.04999999995597,0.925,-1.15276080208534));
#19756=CARTESIAN_POINT('',(-2.04999999992194,0.92500000001,-2.85000000001));
#19757=CARTESIAN_POINT('',(0.,0.92500000001,-0.15000000001));
#19758=CARTESIAN_POINT('',(0.,0.92500000001,-5.15000000041));
#19759=CARTESIAN_POINT('',(-3.597487373,-0.381066017,-5.1));
#19760=CARTESIAN_POINT('',(0.,-0.925,-4.3));
#19761=CARTESIAN_POINT('',(-2.05,1.175,-1.152760801));
#19762=CARTESIAN_POINT('',(-2.05000000001,1.175,-1.152760801));
#19763=CARTESIAN_POINT('',(-2.95,0.525,-5.45));
#19764=CARTESIAN_POINT('',(-0.193855756,-0.925,-2.762252534));
#19765=CARTESIAN_POINT('',(-0.02,-0.925,-5.5));
#19766=CARTESIAN_POINT('',(-0.45,-0.92500000001,-2.683709925));
#19767=CARTESIAN_POINT('',(-2.67500000001,-0.92500000031,-1.90000000001));
#19768=CARTESIAN_POINT('',(-2.65857864355962,-0.92500000015,-1.89999999956829));
#19769=CARTESIAN_POINT('',(-2.65857864401,-0.92500000001,-2.82499631651));
#19770=CARTESIAN_POINT('',(-1.65,-0.075,-1.9));
#19771=CARTESIAN_POINT('',(-2.658578644,-0.825,-1.89999999957829));
#19772=CARTESIAN_POINT('',(2.2,1.175,-2.85));
#19773=CARTESIAN_POINT('',(-3.350000003,1.011603259,0.));
#19774=CARTESIAN_POINT('',(-2.05,0.925,-1.51));
#19775=CARTESIAN_POINT('',(-2.05,1.485,-1.330414519));
#19776=CARTESIAN_POINT('',(1.725,0.825,-5.15));
#19777=CARTESIAN_POINT('',(-0.6,-0.925,-2.683709925));
#19778=CARTESIAN_POINT('',(-0.45,-0.925,-2.683709925));
#19779=CARTESIAN_POINT('',(3.35,-0.133578644,-1.9));
#19780=CARTESIAN_POINT('',(-2.658578644,-0.825,-1.9));
#19781=CARTESIAN_POINT('',(2.05,0.925,-1.51));
#19782=CARTESIAN_POINT('',(2.7,1.175,-1.090677985));
#19783=CARTESIAN_POINT('',(2.05,1.363159751,-1.549813285));
#19784=CARTESIAN_POINT('',(2.7,1.02329724746241,-1.35405729948958));
#19785=CARTESIAN_POINT('',(2.7,1.175,-1.090677985));
#19786=CARTESIAN_POINT('',(3.7,0.925,-0.3707084228118));
#19787=MECHANICAL_DESIGN_GEOMETRIC_PRESENTATION_REPRESENTATION('',(#9648,
#9649,#9650,#9651,#9652,#9653,#9654,#9655,#9656,#9657,#9658,#9659,#9660,
#9661,#9662,#9663,#9664,#9665,#9666,#9667,#9668,#9669,#9670,#9671,#9672,
#9673,#9674,#9675,#9676,#9677,#9678,#9679,#9680,#9681,#9682,#9683,#9684,
#9685,#9686,#9687,#9688,#9689,#9690,#9691,#9692,#9693,#9694,#9695,#9696,
#9697,#9698,#9699,#9700,#9701,#9702,#9703,#9704,#9705,#9706,#9707,#9708,
#9709,#9710,#9711,#9712,#9713,#9714,#9715,#9716,#9717,#9718,#9719,#9720,
#9721,#9722,#9723,#9724,#9725,#9726,#9727,#9728,#9729,#9730,#9731,#9732,
#9733,#9734,#9735,#9736,#9737,#9738,#9739,#9740,#9741,#9742,#9743,#9744,
#9745,#9746,#9747,#9748,#9749,#9750,#9751,#9752,#9753,#9754,#9755,#9756,
#9757,#9758,#9759,#9760,#9761,#9762,#9763,#9764,#9765,#9766,#9767,#9768,
#9769,#9770,#9771,#9772,#9773,#9774,#9775,#9776,#9777,#9778,#9779,#9780,
#9781,#9782,#9783,#9784,#9785,#9786,#9787,#9788,#9789,#9790,#9791,#9792,
#9793,#9794,#9795,#9796,#9797,#9798,#9799,#9800,#9801,#9802,#9803,#9804,
#9805,#9806,#9807,#9808,#9809,#9810,#9811,#9812,#9813,#9814,#9815,#9816,
#9817,#9818,#9819,#9820,#9821,#9822,#9823,#9824,#9825,#9826,#9827,#9828,
#9829,#9830,#9831,#9832,#9833,#9834,#9835,#9836,#9837,#9838,#9839,#9840,
#9841,#9842,#9843,#9844,#9845,#9846,#9847,#9848,#9849,#9850,#9851,#9852,
#9853,#9854,#9855,#9856,#9857,#9858,#9859,#9860,#9861,#9862,#9863,#9864,
#9865,#9866,#9867,#9868,#9869,#9870,#9871,#9872,#9873,#9874,#9875,#9876,
#9877,#9878,#9879,#9880,#9881,#9882,#9883,#9884,#9885,#9886,#9887,#9888,
#9889,#9890,#9891,#9892,#9893,#9894,#9895,#9896,#9897,#9898,#9899,#9900,
#9901,#9902,#9903,#9904,#9905,#9906,#9907,#9908,#9909,#9910,#9911,#9912,
#9913,#9914,#9915,#9916,#9917,#9918,#9919,#9920,#9921,#9922,#9923,#9924,
#9925,#9926,#9927,#9928,#9929,#9930,#9931,#9932,#9933,#9934,#9935,#9936,
#9937,#9938,#9939,#9940,#9941,#9942,#9943,#9944,#9945,#9946,#9947,#9948,
#9949,#9950,#9951,#9952,#9953,#9954,#9955,#9956,#9957,#9958,#9959,#9960,
#9961,#9962),#19788);
#19788=(
GEOMETRIC_REPRESENTATION_CONTEXT(3)
GLOBAL_UNCERTAINTY_ASSIGNED_CONTEXT((#19791))
GLOBAL_UNIT_ASSIGNED_CONTEXT((#19796,#19795,#19794))
REPRESENTATION_CONTEXT('USB3076-30-A','TOP_LEVEL_ASSEMBLY_PART')
);
#19789=(
GEOMETRIC_REPRESENTATION_CONTEXT(3)
GLOBAL_UNCERTAINTY_ASSIGNED_CONTEXT((#19792))
GLOBAL_UNIT_ASSIGNED_CONTEXT((#19796,#19795,#19794))
REPRESENTATION_CONTEXT('USB3076-30-A_PART1','COMPONENT_PART')
);
#19790=(
GEOMETRIC_REPRESENTATION_CONTEXT(3)
GLOBAL_UNCERTAINTY_ASSIGNED_CONTEXT((#19793))
GLOBAL_UNIT_ASSIGNED_CONTEXT((#19796,#19795,#19794))
REPRESENTATION_CONTEXT('USB3076-30-A_PART2','COMPONENT_PART')
);
#19791=UNCERTAINTY_MEASURE_WITH_UNIT(LENGTH_MEASURE(0.005),#19796,
'DISTANCE_ACCURACY_VALUE','Maximum Tolerance applied to model');
#19792=UNCERTAINTY_MEASURE_WITH_UNIT(LENGTH_MEASURE(0.005),#19796,
'DISTANCE_ACCURACY_VALUE','Maximum Tolerance applied to model');
#19793=UNCERTAINTY_MEASURE_WITH_UNIT(LENGTH_MEASURE(0.005),#19796,
'DISTANCE_ACCURACY_VALUE','Maximum Tolerance applied to model');
#19794=(
NAMED_UNIT(*)
SI_UNIT($,.STERADIAN.)
SOLID_ANGLE_UNIT()
);
#19795=(
NAMED_UNIT(*)
PLANE_ANGLE_UNIT()
SI_UNIT($,.RADIAN.)
);
#19796=(
LENGTH_UNIT()
NAMED_UNIT(*)
SI_UNIT(.MILLI.,.METRE.)
);
#19797=PRODUCT_DEFINITION_SHAPE('','',#19802);
#19798=PRODUCT_DEFINITION_SHAPE('','',#19803);
#19799=PRODUCT_DEFINITION_SHAPE(' ','NAUO PRDDFN',#21);
#19800=PRODUCT_DEFINITION_SHAPE('','',#19804);
#19801=PRODUCT_DEFINITION_SHAPE(' ','NAUO PRDDFN',#22);
#19802=PRODUCT_DEFINITION('','',#19808,#19805);
#19803=PRODUCT_DEFINITION('','',#19809,#19806);
#19804=PRODUCT_DEFINITION('','',#19810,#19807);
#19805=PRODUCT_DEFINITION_CONTEXT('',#19824,'design');
#19806=PRODUCT_DEFINITION_CONTEXT('',#19824,'design');
#19807=PRODUCT_DEFINITION_CONTEXT('',#19824,'design');
#19808=PRODUCT_DEFINITION_FORMATION_WITH_SPECIFIED_SOURCE('','',#19814,
 .NOT_KNOWN.);
#19809=PRODUCT_DEFINITION_FORMATION_WITH_SPECIFIED_SOURCE('','',#19815,
 .NOT_KNOWN.);
#19810=PRODUCT_DEFINITION_FORMATION_WITH_SPECIFIED_SOURCE('','',#19816,
 .NOT_KNOWN.);
#19811=PRODUCT_RELATED_PRODUCT_CATEGORY('','',(#19814));
#19812=PRODUCT_RELATED_PRODUCT_CATEGORY('','',(#19815));
#19813=PRODUCT_RELATED_PRODUCT_CATEGORY('','',(#19816));
#19814=PRODUCT('USB3076-30-A','USB3076-30-A','USB3076-30-A',(#19820));
#19815=PRODUCT('USB3076-30-A_PART1','USB3076-30-A_PART1',
'USB3076-30-A_PART1',(#19821));
#19816=PRODUCT('USB3076-30-A_PART2','USB3076-30-A_PART2',
'USB3076-30-A_PART2',(#19822));
#19817=PRODUCT_CATEGORY('','');
#19818=PRODUCT_CATEGORY('','');
#19819=PRODUCT_CATEGORY('','');
#19820=PRODUCT_CONTEXT('',#19824,'mechanical');
#19821=PRODUCT_CONTEXT('',#19824,'mechanical');
#19822=PRODUCT_CONTEXT('',#19824,'mechanical');
#19823=APPLICATION_PROTOCOL_DEFINITION('international standard',
'automotive_design',2010,#19824);
#19824=APPLICATION_CONTEXT(
'core data for automotive mechanical design processes');
ENDSEC;
END-ISO-10303-21;
